Filename,Variable name,Units,Variable reference,Index type key,Variable type key,Keyed value
HVACStandAloneERV.cc,"""Zone Ventilator Sensible Cooling Rate""",OutputProcessor::Unit::W,standAloneERV.SensCoolingRate,OutputProcessor::SOVTimeStepType::System,OutputProcessor::SOVStoreType::Average,standAloneERV.Name
HVACStandAloneERV.cc,"""Zone Ventilator Sensible Cooling Energy""",OutputProcessor::Unit::J,standAloneERV.SensCoolingEnergy,OutputProcessor::SOVTimeStepType::System,OutputProcessor::SOVStoreType::Summed,standAloneERV.Name
HVACStandAloneERV.cc,"""Zone Ventilator Latent Cooling Rate""",OutputProcessor::Unit::W,standAloneERV.LatCoolingRate,OutputProcessor::SOVTimeStepType::System,OutputProcessor::SOVStoreType::Average,standAloneERV.Name
HVACStandAloneERV.cc,"""Zone Ventilator Latent Cooling Energy""",OutputProcessor::Unit::J,standAloneERV.LatCoolingEnergy,OutputProcessor::SOVTimeStepType::System,OutputProcessor::SOVStoreType::Summed,standAloneERV.Name
HVACStandAloneERV.cc,"""Zone Ventilator Total Cooling Rate""",OutputProcessor::Unit::W,standAloneERV.TotCoolingRate,OutputProcessor::SOVTimeStepType::System,OutputProcessor::SOVStoreType::Average,standAloneERV.Name
HVACStandAloneERV.cc,"""Zone Ventilator Total Cooling Energy""",OutputProcessor::Unit::J,standAloneERV.TotCoolingEnergy,OutputProcessor::SOVTimeStepType::System,OutputProcessor::SOVStoreType::Summed,standAloneERV.Name
HVACStandAloneERV.cc,"""Zone Ventilator Sensible Heating Rate""",OutputProcessor::Unit::W,standAloneERV.SensHeatingRate,OutputProcessor::SOVTimeStepType::System,OutputProcessor::SOVStoreType::Average,standAloneERV.Name
HVACStandAloneERV.cc,"""Zone Ventilator Sensible Heating Energy""",OutputProcessor::Unit::J,standAloneERV.SensHeatingEnergy,OutputProcessor::SOVTimeStepType::System,OutputProcessor::SOVStoreType::Summed,standAloneERV.Name
HVACStandAloneERV.cc,"""Zone Ventilator Latent Heating Rate""",OutputProcessor::Unit::W,standAloneERV.LatHeatingRate,OutputProcessor::SOVTimeStepType::System,OutputProcessor::SOVStoreType::Average,standAloneERV.Name
HVACStandAloneERV.cc,"""Zone Ventilator Latent Heating Energy""",OutputProcessor::Unit::J,standAloneERV.LatHeatingEnergy,OutputProcessor::SOVTimeStepType::System,OutputProcessor::SOVStoreType::Summed,standAloneERV.Name
HVACStandAloneERV.cc,"""Zone Ventilator Total Heating Rate""",OutputProcessor::Unit::W,standAloneERV.TotHeatingRate,OutputProcessor::SOVTimeStepType::System,OutputProcessor::SOVStoreType::Average,standAloneERV.Name
HVACStandAloneERV.cc,"""Zone Ventilator Total Heating Energy""",OutputProcessor::Unit::J,standAloneERV.TotHeatingEnergy,OutputProcessor::SOVTimeStepType::System,OutputProcessor::SOVStoreType::Summed,standAloneERV.Name
HVACStandAloneERV.cc,"""Zone Ventilator Electricity Rate""",OutputProcessor::Unit::W,standAloneERV.ElecUseRate,OutputProcessor::SOVTimeStepType::System,OutputProcessor::SOVStoreType::Average,standAloneERV.Name
HVACStandAloneERV.cc,"""Zone Ventilator Electricity Energy""",OutputProcessor::Unit::J,standAloneERV.ElecUseEnergy,OutputProcessor::SOVTimeStepType::System,OutputProcessor::SOVStoreType::Summed,standAloneERV.Name
HVACStandAloneERV.cc,"""Zone Ventilator Supply Fan Availability Status""",OutputProcessor::Unit::None,standAloneERV.AvailStatus,OutputProcessor::SOVTimeStepType::System,OutputProcessor::SOVStoreType::Average,standAloneERV.Name
CurveManager.cc,"format(""Performance Curve Input Variable {} Value"", numStr)",OutputProcessor::Unit::None,thisCurve->inputs[dim - 1],OutputProcessor::SOVTimeStepType::HVAC,OutputProcessor::SOVStoreType::Average,thisCurve->Name
CurveManager.cc,"""Performance Curve Output Value""",OutputProcessor::Unit::None,thisCurve->output,OutputProcessor::SOVTimeStepType::HVAC,OutputProcessor::SOVStoreType::Average,thisCurve->Name
CurveManager.cc,"""Performance Curve Input Variable 1 Value""",OutputProcessor::Unit::None,thisPressCurve.CurveInput1,OutputProcessor::SOVTimeStepType::HVAC,OutputProcessor::SOVStoreType::Average,thisPressCurve.Name
CurveManager.cc,"""Performance Curve Input Variable 2 Value""",OutputProcessor::Unit::None,thisPressCurve.CurveInput2,OutputProcessor::SOVTimeStepType::HVAC,OutputProcessor::SOVStoreType::Average,thisPressCurve.Name
CurveManager.cc,"""Performance Curve Input Variable 3 Value""",OutputProcessor::Unit::None,thisPressCurve.CurveInput3,OutputProcessor::SOVTimeStepType::HVAC,OutputProcessor::SOVStoreType::Average,thisPressCurve.Name
CurveManager.cc,"""Performance Curve Output Value""",OutputProcessor::Unit::None,thisPressCurve.CurveOutput,OutputProcessor::SOVTimeStepType::HVAC,OutputProcessor::SOVStoreType::Average,thisPressCurve.Name
UnitarySystem.cc,"""Unitary System Part Load Ratio""",OutputProcessor::Unit::None,state.dataUnitarySystems->unitarySys[sysNum].m_PartLoadFrac,OutputProcessor::SOVTimeStepType::System,OutputProcessor::SOVStoreType::Average,state.dataUnitarySystems->unitarySys[sysNum].Name
UnitarySystem.cc,"""Unitary System Total Cooling Rate""",OutputProcessor::Unit::W,state.dataUnitarySystems->unitarySys[sysNum].m_TotCoolEnergyRate,OutputProcessor::SOVTimeStepType::System,OutputProcessor::SOVStoreType::Average,state.dataUnitarySystems->unitarySys[sysNum].Name
UnitarySystem.cc,"""Unitary System Sensible Cooling Rate""",OutputProcessor::Unit::W,state.dataUnitarySystems->unitarySys[sysNum].m_SensCoolEnergyRate,OutputProcessor::SOVTimeStepType::System,OutputProcessor::SOVStoreType::Average,state.dataUnitarySystems->unitarySys[sysNum].Name
UnitarySystem.cc,"""Unitary System Latent Cooling Rate""",OutputProcessor::Unit::W,state.dataUnitarySystems->unitarySys[sysNum].m_LatCoolEnergyRate,OutputProcessor::SOVTimeStepType::System,OutputProcessor::SOVStoreType::Average,state.dataUnitarySystems->unitarySys[sysNum].Name
UnitarySystem.cc,"""Unitary System Total Heating Rate""",OutputProcessor::Unit::W,state.dataUnitarySystems->unitarySys[sysNum].m_TotHeatEnergyRate,OutputProcessor::SOVTimeStepType::System,OutputProcessor::SOVStoreType::Average,state.dataUnitarySystems->unitarySys[sysNum].Name
UnitarySystem.cc,"""Unitary System Sensible Heating Rate""",OutputProcessor::Unit::W,state.dataUnitarySystems->unitarySys[sysNum].m_SensHeatEnergyRate,OutputProcessor::SOVTimeStepType::System,OutputProcessor::SOVStoreType::Average,state.dataUnitarySystems->unitarySys[sysNum].Name
UnitarySystem.cc,"""Unitary System Latent Heating Rate""",OutputProcessor::Unit::W,state.dataUnitarySystems->unitarySys[sysNum].m_LatHeatEnergyRate,OutputProcessor::SOVTimeStepType::System,OutputProcessor::SOVStoreType::Average,state.dataUnitarySystems->unitarySys[sysNum].Name
UnitarySystem.cc,"""Unitary System Ancillary Electricity Rate""",OutputProcessor::Unit::W,state.dataUnitarySystems->unitarySys[sysNum].m_TotalAuxElecPower,OutputProcessor::SOVTimeStepType::System,OutputProcessor::SOVStoreType::Average,state.dataUnitarySystems->unitarySys[sysNum].Name
UnitarySystem.cc,"""Unitary System Cooling Ancillary Electricity Energy""",OutputProcessor::Unit::J,state.dataUnitarySystems->unitarySys[sysNum].m_CoolingAuxElecConsumption,OutputProcessor::SOVTimeStepType::System,OutputProcessor::SOVStoreType::Summed,state.dataUnitarySystems->unitarySys[sysNum].Name
UnitarySystem.cc,"""Unitary System Heating Ancillary Electricity Energy""",OutputProcessor::Unit::J,state.dataUnitarySystems->unitarySys[sysNum].m_HeatingAuxElecConsumption,OutputProcessor::SOVTimeStepType::System,OutputProcessor::SOVStoreType::Summed,state.dataUnitarySystems->unitarySys[sysNum].Name
UnitarySystem.cc,"""Unitary System Electricity Rate""",OutputProcessor::Unit::W,state.dataUnitarySystems->unitarySys[sysNum].m_ElecPower,OutputProcessor::SOVTimeStepType::System,OutputProcessor::SOVStoreType::Average,state.dataUnitarySystems->unitarySys[sysNum].Name
UnitarySystem.cc,"""Unitary System Electricity Energy""",OutputProcessor::Unit::J,state.dataUnitarySystems->unitarySys[sysNum].m_ElecPowerConsumption,OutputProcessor::SOVTimeStepType::System,OutputProcessor::SOVStoreType::Summed,state.dataUnitarySystems->unitarySys[sysNum].Name
UnitarySystem.cc,"""Unitary System Predicted Sensible Load to Setpoint Heat Transfer Rate""",OutputProcessor::Unit::W,state.dataUnitarySystems->unitarySys[sysNum].m_SensibleLoadPredicted,OutputProcessor::SOVTimeStepType::System,OutputProcessor::SOVStoreType::Average,state.dataUnitarySystems->unitarySys[sysNum].Name
UnitarySystem.cc,"""Unitary System Predicted Moisture Load to Setpoint Heat Transfer Rate""",OutputProcessor::Unit::W,state.dataUnitarySystems->unitarySys[sysNum].m_MoistureLoadPredicted,OutputProcessor::SOVTimeStepType::System,OutputProcessor::SOVStoreType::Average,state.dataUnitarySystems->unitarySys[sysNum].Name
UnitarySystem.cc,"""Unitary System Dehumidification Induced Heating Demand Rate""",OutputProcessor::Unit::W,state.dataUnitarySystems->unitarySys[sysNum].m_DehumidInducedHeatingDemandRate,OutputProcessor::SOVTimeStepType::System,OutputProcessor::SOVStoreType::Average,state.dataUnitarySystems->unitarySys[sysNum].Name
UnitarySystem.cc,"""Unitary System Fan Part Load Ratio""",OutputProcessor::Unit::None,state.dataUnitarySystems->unitarySys[sysNum].FanPartLoadRatio,OutputProcessor::SOVTimeStepType::System,OutputProcessor::SOVStoreType::Average,state.dataUnitarySystems->unitarySys[sysNum].Name
UnitarySystem.cc,"""Unitary System Compressor Part Load Ratio""",OutputProcessor::Unit::None,state.dataUnitarySystems->unitarySys[sysNum].m_CompPartLoadRatio,OutputProcessor::SOVTimeStepType::System,OutputProcessor::SOVStoreType::Average,state.dataUnitarySystems->unitarySys[sysNum].Name
UnitarySystem.cc,"""Unitary System Frost Control Status""",OutputProcessor::Unit::None,state.dataUnitarySystems->unitarySys[sysNum].m_FrostControlStatus,OutputProcessor::SOVTimeStepType::System,OutputProcessor::SOVStoreType::Average,state.dataUnitarySystems->unitarySys[sysNum].Name
UnitarySystem.cc,"""Unitary System Heat Recovery Rate""",OutputProcessor::Unit::W,state.dataUnitarySystems->unitarySys[sysNum].m_HeatRecoveryRate,OutputProcessor::SOVTimeStepType::System,OutputProcessor::SOVStoreType::Average,state.dataUnitarySystems->unitarySys[sysNum].Name
UnitarySystem.cc,"""Unitary System Heat Recovery Inlet Temperature""",OutputProcessor::Unit::C,state.dataUnitarySystems->unitarySys[sysNum].m_HeatRecoveryInletTemp,OutputProcessor::SOVTimeStepType::System,OutputProcessor::SOVStoreType::Average,state.dataUnitarySystems->unitarySys[sysNum].Name
UnitarySystem.cc,"""Unitary System Heat Recovery Outlet Temperature""",OutputProcessor::Unit::C,state.dataUnitarySystems->unitarySys[sysNum].m_HeatRecoveryOutletTemp,OutputProcessor::SOVTimeStepType::System,OutputProcessor::SOVStoreType::Average,state.dataUnitarySystems->unitarySys[sysNum].Name
UnitarySystem.cc,"""Unitary System Heat Recovery Fluid Mass Flow Rate""",OutputProcessor::Unit::kg_s,state.dataUnitarySystems->unitarySys[sysNum].m_HeatRecoveryMassFlowRate,OutputProcessor::SOVTimeStepType::System,OutputProcessor::SOVStoreType::Average,state.dataUnitarySystems->unitarySys[sysNum].Name
UnitarySystem.cc,"""Unitary System Heat Recovery Energy""",OutputProcessor::Unit::J,state.dataUnitarySystems->unitarySys[sysNum].m_HeatRecoveryEnergy,OutputProcessor::SOVTimeStepType::System,OutputProcessor::SOVStoreType::Summed,state.dataUnitarySystems->unitarySys[sysNum].Name
UnitarySystem.cc,"""Unitary System Requested Sensible Cooling Rate""",OutputProcessor::Unit::W,state.dataUnitarySystems->unitarySys[sysNum].m_CoolingCoilSensDemand,OutputProcessor::SOVTimeStepType::System,OutputProcessor::SOVStoreType::Average,state.dataUnitarySystems->unitarySys[sysNum].Name
UnitarySystem.cc,"""Unitary System Requested Latent Cooling Rate""",OutputProcessor::Unit::W,state.dataUnitarySystems->unitarySys[sysNum].m_CoolingCoilLatentDemand,OutputProcessor::SOVTimeStepType::System,OutputProcessor::SOVStoreType::Average,state.dataUnitarySystems->unitarySys[sysNum].Name
UnitarySystem.cc,"""Unitary System Zone Load Sensible Heat Ratio""",OutputProcessor::Unit::None,state.dataUnitarySystems->unitarySys[sysNum].LoadSHR,OutputProcessor::SOVTimeStepType::System,OutputProcessor::SOVStoreType::Average,state.dataUnitarySystems->unitarySys[sysNum].Name
UnitarySystem.cc,"""Unitary System Cooling Coil Load Sensible Heat Ratio""",OutputProcessor::Unit::None,state.dataUnitarySystems->unitarySys[sysNum].CoilSHR,OutputProcessor::SOVTimeStepType::System,OutputProcessor::SOVStoreType::Average,state.dataUnitarySystems->unitarySys[sysNum].Name
UnitarySystem.cc,"""Unitary System Requested Heating Rate""",OutputProcessor::Unit::W,state.dataUnitarySystems->unitarySys[sysNum].m_HeatingCoilSensDemand,OutputProcessor::SOVTimeStepType::System,OutputProcessor::SOVStoreType::Average,state.dataUnitarySystems->unitarySys[sysNum].Name
UnitarySystem.cc,"""Unitary System DX Coil Cycling Ratio""",OutputProcessor::Unit::None,state.dataUnitarySystems->unitarySys[sysNum].m_CycRatio,OutputProcessor::SOVTimeStepType::System,OutputProcessor::SOVStoreType::Average,state.dataUnitarySystems->unitarySys[sysNum].Name
UnitarySystem.cc,"""Unitary System DX Coil Speed Ratio""",OutputProcessor::Unit::None,state.dataUnitarySystems->unitarySys[sysNum].m_SpeedRatio,OutputProcessor::SOVTimeStepType::System,OutputProcessor::SOVStoreType::Average,state.dataUnitarySystems->unitarySys[sysNum].Name
UnitarySystem.cc,"""Unitary System DX Coil Speed Level""",OutputProcessor::Unit::None,state.dataUnitarySystems->unitarySys[sysNum].m_SpeedNum,OutputProcessor::SOVTimeStepType::System,OutputProcessor::SOVStoreType::Average,state.dataUnitarySystems->unitarySys[sysNum].Name
UnitarySystem.cc,"""Unitary System Water Coil Cycling Ratio""",OutputProcessor::Unit::None,state.dataUnitarySystems->unitarySys[sysNum].m_CycRatio,OutputProcessor::SOVTimeStepType::System,OutputProcessor::SOVStoreType::Average,state.dataUnitarySystems->unitarySys[sysNum].Name
UnitarySystem.cc,"""Unitary System Water Coil Speed Ratio""",OutputProcessor::Unit::None,state.dataUnitarySystems->unitarySys[sysNum].m_SpeedRatio,OutputProcessor::SOVTimeStepType::System,OutputProcessor::SOVStoreType::Average,state.dataUnitarySystems->unitarySys[sysNum].Name
UnitarySystem.cc,"""Unitary System Water Coil Speed Level""",OutputProcessor::Unit::None,state.dataUnitarySystems->unitarySys[sysNum].m_SpeedNum,OutputProcessor::SOVTimeStepType::System,OutputProcessor::SOVStoreType::Average,state.dataUnitarySystems->unitarySys[sysNum].Name
UnitarySystem.cc,"""Coil System Cycling Ratio""",OutputProcessor::Unit::None,state.dataUnitarySystems->unitarySys[sysNum].m_CoolingCycRatio,OutputProcessor::SOVTimeStepType::System,OutputProcessor::SOVStoreType::Average,state.dataUnitarySystems->unitarySys[sysNum].Name
UnitarySystem.cc,"""Coil System Compressor Speed Ratio""",OutputProcessor::Unit::None,state.dataUnitarySystems->unitarySys[sysNum].m_CoolingSpeedRatio,OutputProcessor::SOVTimeStepType::System,OutputProcessor::SOVStoreType::Average,state.dataUnitarySystems->unitarySys[sysNum].Name
UnitarySystem.cc,"""Coil System Cycling Ratio""",OutputProcessor::Unit::None,state.dataUnitarySystems->unitarySys[sysNum].m_CoolingCycRatio,OutputProcessor::SOVTimeStepType::System,OutputProcessor::SOVStoreType::Average,state.dataUnitarySystems->unitarySys[sysNum].Name
UnitarySystem.cc,"""Coil System Compressor Speed Ratio""",OutputProcessor::Unit::None,state.dataUnitarySystems->unitarySys[sysNum].m_CoolingSpeedRatio,OutputProcessor::SOVTimeStepType::System,OutputProcessor::SOVStoreType::Average,state.dataUnitarySystems->unitarySys[sysNum].Name
UnitarySystem.cc,"""Coil System Compressor Speed Number""",OutputProcessor::Unit::None,state.dataUnitarySystems->unitarySys[sysNum].m_CoolingSpeedNum,OutputProcessor::SOVTimeStepType::System,OutputProcessor::SOVStoreType::Average,state.dataUnitarySystems->unitarySys[sysNum].Name
UnitarySystem.cc,"""Coil System Part Load Ratio""",OutputProcessor::Unit::None,state.dataUnitarySystems->unitarySys[sysNum].m_CoolingPartLoadFrac,OutputProcessor::SOVTimeStepType::System,OutputProcessor::SOVStoreType::Average,state.dataUnitarySystems->unitarySys[sysNum].Name
UnitarySystem.cc,"""Coil System Frost Control Status""",OutputProcessor::Unit::None,state.dataUnitarySystems->unitarySys[sysNum].m_FrostControlStatus,OutputProcessor::SOVTimeStepType::System,OutputProcessor::SOVStoreType::Average,state.dataUnitarySystems->unitarySys[sysNum].Name
UnitarySystem.cc,"""Coil System Water Part Load Ratio""",OutputProcessor::Unit::None,state.dataUnitarySystems->unitarySys[sysNum].m_PartLoadFrac,OutputProcessor::SOVTimeStepType::System,OutputProcessor::SOVStoreType::Average,state.dataUnitarySystems->unitarySys[sysNum].Name
UnitarySystem.cc,"""Coil System Water Total Cooling Rate""",OutputProcessor::Unit::W,state.dataUnitarySystems->unitarySys[sysNum].m_TotCoolEnergyRate,OutputProcessor::SOVTimeStepType::System,OutputProcessor::SOVStoreType::Average,state.dataUnitarySystems->unitarySys[sysNum].Name
UnitarySystem.cc,"""Coil System Water Sensible Cooling Rate""",OutputProcessor::Unit::W,state.dataUnitarySystems->unitarySys[sysNum].m_SensCoolEnergyRate,OutputProcessor::SOVTimeStepType::System,OutputProcessor::SOVStoreType::Average,state.dataUnitarySystems->unitarySys[sysNum].Name
UnitarySystem.cc,"""Coil System Water Latent Cooling Rate""",OutputProcessor::Unit::W,state.dataUnitarySystems->unitarySys[sysNum].m_LatCoolEnergyRate,OutputProcessor::SOVTimeStepType::System,OutputProcessor::SOVStoreType::Average,state.dataUnitarySystems->unitarySys[sysNum].Name
UnitarySystem.cc,"""Coil System Water Control Status""",OutputProcessor::Unit::None,state.dataUnitarySystems->unitarySys[sysNum].temperatureOffsetControlStatus,OutputProcessor::SOVTimeStepType::System,OutputProcessor::SOVStoreType::Average,state.dataUnitarySystems->unitarySys[sysNum].Name
UnitarySystem.cc,"""Zone Packaged Terminal Air Conditioner Total Heating Rate""",OutputProcessor::Unit::W,state.dataUnitarySystems->unitarySys[sysNum].m_TotHeatEnergyRate,OutputProcessor::SOVTimeStepType::System,OutputProcessor::SOVStoreType::Average,state.dataUnitarySystems->unitarySys[sysNum].Name
UnitarySystem.cc,"""Zone Packaged Terminal Air Conditioner Total Heating Energy""",OutputProcessor::Unit::J,state.dataUnitarySystems->unitarySys[sysNum].m_TotHeatEnergy,OutputProcessor::SOVTimeStepType::System,OutputProcessor::SOVStoreType::Summed,state.dataUnitarySystems->unitarySys[sysNum].Name
UnitarySystem.cc,"""Zone Packaged Terminal Air Conditioner Total Cooling Rate""",OutputProcessor::Unit::W,state.dataUnitarySystems->unitarySys[sysNum].m_TotCoolEnergyRate,OutputProcessor::SOVTimeStepType::System,OutputProcessor::SOVStoreType::Average,state.dataUnitarySystems->unitarySys[sysNum].Name
UnitarySystem.cc,"""Zone Packaged Terminal Air Conditioner Total Cooling Energy""",OutputProcessor::Unit::J,state.dataUnitarySystems->unitarySys[sysNum].m_TotCoolEnergy,OutputProcessor::SOVTimeStepType::System,OutputProcessor::SOVStoreType::Summed,state.dataUnitarySystems->unitarySys[sysNum].Name
UnitarySystem.cc,"""Zone Packaged Terminal Air Conditioner Sensible Heating Rate""",OutputProcessor::Unit::W,state.dataUnitarySystems->unitarySys[sysNum].m_SensHeatEnergyRate,OutputProcessor::SOVTimeStepType::System,OutputProcessor::SOVStoreType::Average,state.dataUnitarySystems->unitarySys[sysNum].Name
UnitarySystem.cc,"""Zone Packaged Terminal Air Conditioner Sensible Heating Energy""",OutputProcessor::Unit::J,state.dataUnitarySystems->unitarySys[sysNum].m_SensHeatEnergy,OutputProcessor::SOVTimeStepType::System,OutputProcessor::SOVStoreType::Summed,state.dataUnitarySystems->unitarySys[sysNum].Name
UnitarySystem.cc,"""Zone Packaged Terminal Air Conditioner Sensible Cooling Rate""",OutputProcessor::Unit::W,state.dataUnitarySystems->unitarySys[sysNum].m_SensCoolEnergyRate,OutputProcessor::SOVTimeStepType::System,OutputProcessor::SOVStoreType::Average,state.dataUnitarySystems->unitarySys[sysNum].Name
UnitarySystem.cc,"""Zone Packaged Terminal Air Conditioner Sensible Cooling Energy""",OutputProcessor::Unit::J,state.dataUnitarySystems->unitarySys[sysNum].m_SensCoolEnergy,OutputProcessor::SOVTimeStepType::System,OutputProcessor::SOVStoreType::Summed,state.dataUnitarySystems->unitarySys[sysNum].Name
UnitarySystem.cc,"""Zone Packaged Terminal Air Conditioner Latent Heating Rate""",OutputProcessor::Unit::W,state.dataUnitarySystems->unitarySys[sysNum].m_LatHeatEnergyRate,OutputProcessor::SOVTimeStepType::System,OutputProcessor::SOVStoreType::Average,state.dataUnitarySystems->unitarySys[sysNum].Name
UnitarySystem.cc,"""Zone Packaged Terminal Air Conditioner Latent Heating Energy""",OutputProcessor::Unit::J,state.dataUnitarySystems->unitarySys[sysNum].m_LatHeatEnergy,OutputProcessor::SOVTimeStepType::System,OutputProcessor::SOVStoreType::Summed,state.dataUnitarySystems->unitarySys[sysNum].Name
UnitarySystem.cc,"""Zone Packaged Terminal Air Conditioner Latent Cooling Rate""",OutputProcessor::Unit::W,state.dataUnitarySystems->unitarySys[sysNum].m_LatCoolEnergyRate,OutputProcessor::SOVTimeStepType::System,OutputProcessor::SOVStoreType::Average,state.dataUnitarySystems->unitarySys[sysNum].Name
UnitarySystem.cc,"""Zone Packaged Terminal Air Conditioner Latent Cooling Energy""",OutputProcessor::Unit::J,state.dataUnitarySystems->unitarySys[sysNum].m_LatCoolEnergy,OutputProcessor::SOVTimeStepType::System,OutputProcessor::SOVStoreType::Summed,state.dataUnitarySystems->unitarySys[sysNum].Name
UnitarySystem.cc,"""Zone Packaged Terminal Air Conditioner Electricity Rate""",OutputProcessor::Unit::W,state.dataUnitarySystems->unitarySys[sysNum].m_ElecPower,OutputProcessor::SOVTimeStepType::System,OutputProcessor::SOVStoreType::Average,state.dataUnitarySystems->unitarySys[sysNum].Name
UnitarySystem.cc,"""Zone Packaged Terminal Air Conditioner Electricity Energy""",OutputProcessor::Unit::J,state.dataUnitarySystems->unitarySys[sysNum].m_ElecPowerConsumption,OutputProcessor::SOVTimeStepType::System,OutputProcessor::SOVStoreType::Summed,state.dataUnitarySystems->unitarySys[sysNum].Name
UnitarySystem.cc,"""Zone Packaged Terminal Air Conditioner Fan Part Load Ratio""",OutputProcessor::Unit::None,state.dataUnitarySystems->unitarySys[sysNum].FanPartLoadRatio,OutputProcessor::SOVTimeStepType::System,OutputProcessor::SOVStoreType::Average,state.dataUnitarySystems->unitarySys[sysNum].Name
UnitarySystem.cc,"""Zone Packaged Terminal Air Conditioner Compressor Part Load Ratio""",OutputProcessor::Unit::None,state.dataUnitarySystems->unitarySys[sysNum].m_CompPartLoadRatio,OutputProcessor::SOVTimeStepType::System,OutputProcessor::SOVStoreType::Average,state.dataUnitarySystems->unitarySys[sysNum].Name
UnitarySystem.cc,"""Zone Packaged Terminal Air Conditioner Fan Availability Status""",OutputProcessor::Unit::None,state.dataUnitarySystems->unitarySys[sysNum].m_AvailStatus,OutputProcessor::SOVTimeStepType::System,OutputProcessor::SOVStoreType::Average,state.dataUnitarySystems->unitarySys[sysNum].Name
UnitarySystem.cc,"""Zone Packaged Terminal Heat Pump Total Heating Rate""",OutputProcessor::Unit::W,state.dataUnitarySystems->unitarySys[sysNum].m_TotHeatEnergyRate,OutputProcessor::SOVTimeStepType::System,OutputProcessor::SOVStoreType::Average,state.dataUnitarySystems->unitarySys[sysNum].Name
UnitarySystem.cc,"""Zone Packaged Terminal Heat Pump Total Heating Energy""",OutputProcessor::Unit::J,state.dataUnitarySystems->unitarySys[sysNum].m_TotHeatEnergy,OutputProcessor::SOVTimeStepType::System,OutputProcessor::SOVStoreType::Summed,state.dataUnitarySystems->unitarySys[sysNum].Name
UnitarySystem.cc,"""Zone Packaged Terminal Heat Pump Total Cooling Rate""",OutputProcessor::Unit::W,state.dataUnitarySystems->unitarySys[sysNum].m_TotCoolEnergyRate,OutputProcessor::SOVTimeStepType::System,OutputProcessor::SOVStoreType::Average,state.dataUnitarySystems->unitarySys[sysNum].Name
UnitarySystem.cc,"""Zone Packaged Terminal Heat Pump Total Cooling Energy""",OutputProcessor::Unit::J,state.dataUnitarySystems->unitarySys[sysNum].m_TotCoolEnergy,OutputProcessor::SOVTimeStepType::System,OutputProcessor::SOVStoreType::Summed,state.dataUnitarySystems->unitarySys[sysNum].Name
UnitarySystem.cc,"""Zone Packaged Terminal Heat Pump Sensible Heating Rate""",OutputProcessor::Unit::W,state.dataUnitarySystems->unitarySys[sysNum].m_SensHeatEnergyRate,OutputProcessor::SOVTimeStepType::System,OutputProcessor::SOVStoreType::Average,state.dataUnitarySystems->unitarySys[sysNum].Name
UnitarySystem.cc,"""Zone Packaged Terminal Heat Pump Sensible Heating Energy""",OutputProcessor::Unit::J,state.dataUnitarySystems->unitarySys[sysNum].m_SensHeatEnergy,OutputProcessor::SOVTimeStepType::System,OutputProcessor::SOVStoreType::Summed,state.dataUnitarySystems->unitarySys[sysNum].Name
UnitarySystem.cc,"""Zone Packaged Terminal Heat Pump Sensible Cooling Rate""",OutputProcessor::Unit::W,state.dataUnitarySystems->unitarySys[sysNum].m_SensCoolEnergyRate,OutputProcessor::SOVTimeStepType::System,OutputProcessor::SOVStoreType::Average,state.dataUnitarySystems->unitarySys[sysNum].Name
UnitarySystem.cc,"""Zone Packaged Terminal Heat Pump Sensible Cooling Energy""",OutputProcessor::Unit::J,state.dataUnitarySystems->unitarySys[sysNum].m_SensCoolEnergy,OutputProcessor::SOVTimeStepType::System,OutputProcessor::SOVStoreType::Summed,state.dataUnitarySystems->unitarySys[sysNum].Name
UnitarySystem.cc,"""Zone Packaged Terminal Heat Pump Latent Heating Rate""",OutputProcessor::Unit::W,state.dataUnitarySystems->unitarySys[sysNum].m_LatHeatEnergyRate,OutputProcessor::SOVTimeStepType::System,OutputProcessor::SOVStoreType::Average,state.dataUnitarySystems->unitarySys[sysNum].Name
UnitarySystem.cc,"""Zone Packaged Terminal Heat Pump Latent Heating Energy""",OutputProcessor::Unit::J,state.dataUnitarySystems->unitarySys[sysNum].m_LatHeatEnergy,OutputProcessor::SOVTimeStepType::System,OutputProcessor::SOVStoreType::Summed,state.dataUnitarySystems->unitarySys[sysNum].Name
UnitarySystem.cc,"""Zone Packaged Terminal Heat Pump Latent Cooling Rate""",OutputProcessor::Unit::W,state.dataUnitarySystems->unitarySys[sysNum].m_LatCoolEnergyRate,OutputProcessor::SOVTimeStepType::System,OutputProcessor::SOVStoreType::Average,state.dataUnitarySystems->unitarySys[sysNum].Name
UnitarySystem.cc,"""Zone Packaged Terminal Heat Pump Latent Cooling Energy""",OutputProcessor::Unit::J,state.dataUnitarySystems->unitarySys[sysNum].m_LatCoolEnergy,OutputProcessor::SOVTimeStepType::System,OutputProcessor::SOVStoreType::Summed,state.dataUnitarySystems->unitarySys[sysNum].Name
UnitarySystem.cc,"""Zone Packaged Terminal Heat Pump Electricity Rate""",OutputProcessor::Unit::W,state.dataUnitarySystems->unitarySys[sysNum].m_ElecPower,OutputProcessor::SOVTimeStepType::System,OutputProcessor::SOVStoreType::Average,state.dataUnitarySystems->unitarySys[sysNum].Name
UnitarySystem.cc,"""Zone Packaged Terminal Heat Pump Electricity Energy""",OutputProcessor::Unit::J,state.dataUnitarySystems->unitarySys[sysNum].m_ElecPowerConsumption,OutputProcessor::SOVTimeStepType::System,OutputProcessor::SOVStoreType::Summed,state.dataUnitarySystems->unitarySys[sysNum].Name
UnitarySystem.cc,"""Zone Packaged Terminal Heat Pump Fan Part Load Ratio""",OutputProcessor::Unit::None,state.dataUnitarySystems->unitarySys[sysNum].FanPartLoadRatio,OutputProcessor::SOVTimeStepType::System,OutputProcessor::SOVStoreType::Average,state.dataUnitarySystems->unitarySys[sysNum].Name
UnitarySystem.cc,"""Zone Packaged Terminal Heat Pump Compressor Part Load Ratio""",OutputProcessor::Unit::None,state.dataUnitarySystems->unitarySys[sysNum].m_CompPartLoadRatio,OutputProcessor::SOVTimeStepType::System,OutputProcessor::SOVStoreType::Average,state.dataUnitarySystems->unitarySys[sysNum].Name
UnitarySystem.cc,"""Zone Packaged Terminal Heat Pump Fan Availability Status""",OutputProcessor::Unit::None,state.dataUnitarySystems->unitarySys[sysNum].m_AvailStatus,OutputProcessor::SOVTimeStepType::System,OutputProcessor::SOVStoreType::Average,state.dataUnitarySystems->unitarySys[sysNum].Name
UnitarySystem.cc,"""Zone Water to Air Heat Pump Total Heating Rate""",OutputProcessor::Unit::W,state.dataUnitarySystems->unitarySys[sysNum].m_TotHeatEnergyRate,OutputProcessor::SOVTimeStepType::System,OutputProcessor::SOVStoreType::Average,state.dataUnitarySystems->unitarySys[sysNum].Name
UnitarySystem.cc,"""Zone Water to Air Heat Pump Total Heating Energy""",OutputProcessor::Unit::J,state.dataUnitarySystems->unitarySys[sysNum].m_TotHeatEnergy,OutputProcessor::SOVTimeStepType::System,OutputProcessor::SOVStoreType::Summed,state.dataUnitarySystems->unitarySys[sysNum].Name
UnitarySystem.cc,"""Zone Water to Air Heat Pump Total Cooling Rate""",OutputProcessor::Unit::W,state.dataUnitarySystems->unitarySys[sysNum].m_TotCoolEnergyRate,OutputProcessor::SOVTimeStepType::System,OutputProcessor::SOVStoreType::Average,state.dataUnitarySystems->unitarySys[sysNum].Name
UnitarySystem.cc,"""Zone Water to Air Heat Pump Total Cooling Energy""",OutputProcessor::Unit::J,state.dataUnitarySystems->unitarySys[sysNum].m_TotCoolEnergy,OutputProcessor::SOVTimeStepType::System,OutputProcessor::SOVStoreType::Summed,state.dataUnitarySystems->unitarySys[sysNum].Name
UnitarySystem.cc,"""Zone Water to Air Heat Pump Sensible Heating Rate""",OutputProcessor::Unit::W,state.dataUnitarySystems->unitarySys[sysNum].m_SensHeatEnergyRate,OutputProcessor::SOVTimeStepType::System,OutputProcessor::SOVStoreType::Average,state.dataUnitarySystems->unitarySys[sysNum].Name
UnitarySystem.cc,"""Zone Water to Air Heat Pump Sensible Heating Energy""",OutputProcessor::Unit::J,state.dataUnitarySystems->unitarySys[sysNum].m_SensHeatEnergy,OutputProcessor::SOVTimeStepType::System,OutputProcessor::SOVStoreType::Summed,state.dataUnitarySystems->unitarySys[sysNum].Name
UnitarySystem.cc,"""Zone Water to Air Heat Pump Sensible Cooling Rate""",OutputProcessor::Unit::W,state.dataUnitarySystems->unitarySys[sysNum].m_SensCoolEnergyRate,OutputProcessor::SOVTimeStepType::System,OutputProcessor::SOVStoreType::Average,state.dataUnitarySystems->unitarySys[sysNum].Name
UnitarySystem.cc,"""Zone Water to Air Heat Pump Sensible Cooling Energy""",OutputProcessor::Unit::J,state.dataUnitarySystems->unitarySys[sysNum].m_SensCoolEnergy,OutputProcessor::SOVTimeStepType::System,OutputProcessor::SOVStoreType::Summed,state.dataUnitarySystems->unitarySys[sysNum].Name
UnitarySystem.cc,"""Zone Water to Air Heat Pump Latent Heating Rate""",OutputProcessor::Unit::W,state.dataUnitarySystems->unitarySys[sysNum].m_LatHeatEnergyRate,OutputProcessor::SOVTimeStepType::System,OutputProcessor::SOVStoreType::Average,state.dataUnitarySystems->unitarySys[sysNum].Name
UnitarySystem.cc,"""Zone Water to Air Heat Pump Latent Heating Energy""",OutputProcessor::Unit::J,state.dataUnitarySystems->unitarySys[sysNum].m_LatHeatEnergy,OutputProcessor::SOVTimeStepType::System,OutputProcessor::SOVStoreType::Summed,state.dataUnitarySystems->unitarySys[sysNum].Name
UnitarySystem.cc,"""Zone Water to Air Heat Pump Latent Cooling Rate""",OutputProcessor::Unit::W,state.dataUnitarySystems->unitarySys[sysNum].m_LatCoolEnergyRate,OutputProcessor::SOVTimeStepType::System,OutputProcessor::SOVStoreType::Average,state.dataUnitarySystems->unitarySys[sysNum].Name
UnitarySystem.cc,"""Zone Water to Air Heat Pump Latent Cooling Energy""",OutputProcessor::Unit::J,state.dataUnitarySystems->unitarySys[sysNum].m_LatCoolEnergy,OutputProcessor::SOVTimeStepType::System,OutputProcessor::SOVStoreType::Summed,state.dataUnitarySystems->unitarySys[sysNum].Name
UnitarySystem.cc,"""Zone Water to Air Heat Pump Electricity Rate""",OutputProcessor::Unit::W,state.dataUnitarySystems->unitarySys[sysNum].m_ElecPower,OutputProcessor::SOVTimeStepType::System,OutputProcessor::SOVStoreType::Average,state.dataUnitarySystems->unitarySys[sysNum].Name
UnitarySystem.cc,"""Zone Water to Air Heat Pump Electricity Energy""",OutputProcessor::Unit::J,state.dataUnitarySystems->unitarySys[sysNum].m_ElecPowerConsumption,OutputProcessor::SOVTimeStepType::System,OutputProcessor::SOVStoreType::Summed,state.dataUnitarySystems->unitarySys[sysNum].Name
UnitarySystem.cc,"""Zone Water to Air Heat Pump Fan Part Load Ratio""",OutputProcessor::Unit::None,state.dataUnitarySystems->unitarySys[sysNum].FanPartLoadRatio,OutputProcessor::SOVTimeStepType::System,OutputProcessor::SOVStoreType::Average,state.dataUnitarySystems->unitarySys[sysNum].Name
UnitarySystem.cc,"""Zone Water to Air Heat Pump Compressor Part Load Ratio""",OutputProcessor::Unit::None,state.dataUnitarySystems->unitarySys[sysNum].m_CompPartLoadRatio,OutputProcessor::SOVTimeStepType::System,OutputProcessor::SOVStoreType::Average,state.dataUnitarySystems->unitarySys[sysNum].Name
UnitarySystem.cc,"""Zone Water to Air Heat Pump Fan Availability Status""",OutputProcessor::Unit::None,state.dataUnitarySystems->unitarySys[sysNum].m_AvailStatus,OutputProcessor::SOVTimeStepType::System,OutputProcessor::SOVStoreType::Average,state.dataUnitarySystems->unitarySys[sysNum].Name
UnitarySystem.cc,"""Unitary System Water Coil Multispeed Fan Cycling Ratio""",OutputProcessor::Unit::None,state.dataUnitarySystems->unitarySys[sysNum].m_CycRatio,OutputProcessor::SOVTimeStepType::System,OutputProcessor::SOVStoreType::Average,state.dataUnitarySystems->unitarySys[sysNum].Name
UnitarySystem.cc,"""Unitary System Water Coil Multispeed Fan Speed Ratio""",OutputProcessor::Unit::None,state.dataUnitarySystems->unitarySys[sysNum].m_SpeedRatio,OutputProcessor::SOVTimeStepType::System,OutputProcessor::SOVStoreType::Average,state.dataUnitarySystems->unitarySys[sysNum].Name
UnitarySystem.cc,"""Unitary System Water Coil Multispeed Fan Speed Level""",OutputProcessor::Unit::None,state.dataUnitarySystems->unitarySys[sysNum].m_SpeedNum,OutputProcessor::SOVTimeStepType::System,OutputProcessor::SOVStoreType::Average,state.dataUnitarySystems->unitarySys[sysNum].Name
MicroCHPElectricGenerator.cc,"""Generator Off Mode Time""",OutputProcessor::Unit::s,this->A42Model.OffModeTime,OutputProcessor::SOVTimeStepType::System,OutputProcessor::SOVStoreType::Summed,this->Name
MicroCHPElectricGenerator.cc,"""Generator Standby Mode Time""",OutputProcessor::Unit::s,this->A42Model.StandyByModeTime,OutputProcessor::SOVTimeStepType::System,OutputProcessor::SOVStoreType::Summed,this->Name
MicroCHPElectricGenerator.cc,"""Generator Warm Up Mode Time""",OutputProcessor::Unit::s,this->A42Model.WarmUpModeTime,OutputProcessor::SOVTimeStepType::System,OutputProcessor::SOVStoreType::Summed,this->Name
MicroCHPElectricGenerator.cc,"""Generator Normal Operating Mode Time""",OutputProcessor::Unit::s,this->A42Model.NormalModeTime,OutputProcessor::SOVTimeStepType::System,OutputProcessor::SOVStoreType::Summed,this->Name
MicroCHPElectricGenerator.cc,"""Generator Cool Down Mode Time""",OutputProcessor::Unit::s,this->A42Model.CoolDownModeTime,OutputProcessor::SOVTimeStepType::System,OutputProcessor::SOVStoreType::Summed,this->Name
MicroCHPElectricGenerator.cc,"""Generator Produced AC Electricity Rate""",OutputProcessor::Unit::W,this->A42Model.ACPowerGen,OutputProcessor::SOVTimeStepType::System,OutputProcessor::SOVStoreType::Average,this->Name
MicroCHPElectricGenerator.cc,"""Generator Produced AC Electricity Energy""",OutputProcessor::Unit::J,this->A42Model.ACEnergyGen,OutputProcessor::SOVTimeStepType::System,OutputProcessor::SOVStoreType::Summed,this->Name
MicroCHPElectricGenerator.cc,"""Generator Produced Thermal Rate""",OutputProcessor::Unit::W,this->A42Model.QdotHR,OutputProcessor::SOVTimeStepType::System,OutputProcessor::SOVStoreType::Average,this->Name
MicroCHPElectricGenerator.cc,"""Generator Produced Thermal Energy""",OutputProcessor::Unit::J,this->A42Model.TotalHeatEnergyRec,OutputProcessor::SOVTimeStepType::System,OutputProcessor::SOVStoreType::Summed,this->Name
MicroCHPElectricGenerator.cc,"""Generator Electric Efficiency""",OutputProcessor::Unit::None,this->A42Model.ElecEff,OutputProcessor::SOVTimeStepType::System,OutputProcessor::SOVStoreType::Average,this->Name
MicroCHPElectricGenerator.cc,"""Generator Thermal Efficiency""",OutputProcessor::Unit::None,this->A42Model.ThermEff,OutputProcessor::SOVTimeStepType::System,OutputProcessor::SOVStoreType::Average,this->Name
MicroCHPElectricGenerator.cc,"""Generator Gross Input Heat Rate""",OutputProcessor::Unit::W,this->A42Model.Qgross,OutputProcessor::SOVTimeStepType::System,OutputProcessor::SOVStoreType::Average,this->Name
MicroCHPElectricGenerator.cc,"""Generator Steady State Engine Heat Generation Rate""",OutputProcessor::Unit::W,this->A42Model.Qgenss,OutputProcessor::SOVTimeStepType::System,OutputProcessor::SOVStoreType::Average,this->Name
MicroCHPElectricGenerator.cc,"""Generator Engine Heat Exchange Rate""",OutputProcessor::Unit::W,this->A42Model.QdotHX,OutputProcessor::SOVTimeStepType::System,OutputProcessor::SOVStoreType::Average,this->Name
MicroCHPElectricGenerator.cc,"""Generator Air Mass Flow Rate""",OutputProcessor::Unit::kg_s,this->A42Model.MdotAir,OutputProcessor::SOVTimeStepType::System,OutputProcessor::SOVStoreType::Average,this->Name
MicroCHPElectricGenerator.cc,"""Generator Fuel Molar Flow Rate""",OutputProcessor::Unit::kmol_s,this->A42Model.NdotFuel,OutputProcessor::SOVTimeStepType::System,OutputProcessor::SOVStoreType::Average,this->Name
MicroCHPElectricGenerator.cc,"""Generator Fuel Mass Flow Rate""",OutputProcessor::Unit::kg_s,this->A42Model.MdotFuel,OutputProcessor::SOVTimeStepType::System,OutputProcessor::SOVStoreType::Average,this->Name
MicroCHPElectricGenerator.cc,"""Generator Engine Temperature""",OutputProcessor::Unit::C,this->A42Model.Teng,OutputProcessor::SOVTimeStepType::System,OutputProcessor::SOVStoreType::Average,this->Name
MicroCHPElectricGenerator.cc,"""Generator Coolant Inlet Temperature""",OutputProcessor::Unit::C,this->A42Model.HeatRecInletTemp,OutputProcessor::SOVTimeStepType::System,OutputProcessor::SOVStoreType::Average,this->Name
MicroCHPElectricGenerator.cc,"""Generator Coolant Outlet Temperature""",OutputProcessor::Unit::C,this->A42Model.HeatRecOutletTemp,OutputProcessor::SOVTimeStepType::System,OutputProcessor::SOVStoreType::Average,this->Name
MicroCHPElectricGenerator.cc,"""Generator Fuel HHV Basis Energy""",OutputProcessor::Unit::J,this->A42Model.FuelEnergyHHV,OutputProcessor::SOVTimeStepType::System,OutputProcessor::SOVStoreType::Summed,this->Name
MicroCHPElectricGenerator.cc,"""Generator Fuel HHV Basis Rate""",OutputProcessor::Unit::W,this->A42Model.FuelEnergyUseRateHHV,OutputProcessor::SOVTimeStepType::System,OutputProcessor::SOVStoreType::Average,this->Name
MicroCHPElectricGenerator.cc,"""Generator Fuel LHV Basis Energy""",OutputProcessor::Unit::J,this->A42Model.FuelEnergyLHV,OutputProcessor::SOVTimeStepType::System,OutputProcessor::SOVStoreType::Summed,this->Name
MicroCHPElectricGenerator.cc,"""Generator Fuel LHV Basis Rate""",OutputProcessor::Unit::W,this->A42Model.FuelEnergyUseRateLHV,OutputProcessor::SOVTimeStepType::System,OutputProcessor::SOVStoreType::Average,this->Name
MicroCHPElectricGenerator.cc,"""Generator Fuel Compressor Electricity Rate""",OutputProcessor::Unit::W,this->A42Model.FuelCompressPower,OutputProcessor::SOVTimeStepType::System,OutputProcessor::SOVStoreType::Average,this->Name
MicroCHPElectricGenerator.cc,"""Generator Fuel Compressor Electricity Energy""",OutputProcessor::Unit::J,this->A42Model.FuelCompressEnergy,OutputProcessor::SOVTimeStepType::System,OutputProcessor::SOVStoreType::Summed,this->Name
MicroCHPElectricGenerator.cc,"""Generator Fuel Compressor Skin Heat Loss Rate""",OutputProcessor::Unit::W,this->A42Model.FuelCompressSkinLoss,OutputProcessor::SOVTimeStepType::System,OutputProcessor::SOVStoreType::Average,this->Name
MicroCHPElectricGenerator.cc,"""Generator Zone Sensible Heat Transfer Rate""",OutputProcessor::Unit::W,this->A42Model.SkinLossPower,OutputProcessor::SOVTimeStepType::System,OutputProcessor::SOVStoreType::Average,this->Name
MicroCHPElectricGenerator.cc,"""Generator Zone Sensible Heat Transfer Energy""",OutputProcessor::Unit::J,this->A42Model.SkinLossEnergy,OutputProcessor::SOVTimeStepType::System,OutputProcessor::SOVStoreType::Summed,this->Name
MicroCHPElectricGenerator.cc,"""Generator Zone Convection Heat Transfer Rate""",OutputProcessor::Unit::W,this->A42Model.SkinLossConvect,OutputProcessor::SOVTimeStepType::System,OutputProcessor::SOVStoreType::Average,this->Name
MicroCHPElectricGenerator.cc,"""Generator Zone Radiation Heat Transfer Rate""",OutputProcessor::Unit::W,this->A42Model.SkinLossRadiat,OutputProcessor::SOVTimeStepType::System,OutputProcessor::SOVStoreType::Average,this->Name
HeatRecovery.cc,"""Heat Exchanger Sensible Heating Rate""",OutputProcessor::Unit::W,thisExchanger.SensHeatingRate,OutputProcessor::SOVTimeStepType::System,OutputProcessor::SOVStoreType::Average,thisExchanger.Name
HeatRecovery.cc,"""Heat Exchanger Sensible Heating Energy""",OutputProcessor::Unit::J,thisExchanger.SensHeatingEnergy,OutputProcessor::SOVTimeStepType::System,OutputProcessor::SOVStoreType::Summed,thisExchanger.Name
HeatRecovery.cc,"""Heat Exchanger Latent Gain Rate""",OutputProcessor::Unit::W,thisExchanger.LatHeatingRate,OutputProcessor::SOVTimeStepType::System,OutputProcessor::SOVStoreType::Average,thisExchanger.Name
HeatRecovery.cc,"""Heat Exchanger Latent Gain Energy""",OutputProcessor::Unit::J,thisExchanger.LatHeatingEnergy,OutputProcessor::SOVTimeStepType::System,OutputProcessor::SOVStoreType::Summed,thisExchanger.Name
HeatRecovery.cc,"""Heat Exchanger Total Heating Rate""",OutputProcessor::Unit::W,thisExchanger.TotHeatingRate,OutputProcessor::SOVTimeStepType::System,OutputProcessor::SOVStoreType::Average,thisExchanger.Name
HeatRecovery.cc,"""Heat Exchanger Total Heating Energy""",OutputProcessor::Unit::J,thisExchanger.TotHeatingEnergy,OutputProcessor::SOVTimeStepType::System,OutputProcessor::SOVStoreType::Summed,thisExchanger.Name
HeatRecovery.cc,"""Heat Exchanger Sensible Cooling Rate""",OutputProcessor::Unit::W,thisExchanger.SensCoolingRate,OutputProcessor::SOVTimeStepType::System,OutputProcessor::SOVStoreType::Average,thisExchanger.Name
HeatRecovery.cc,"""Heat Exchanger Sensible Cooling Energy""",OutputProcessor::Unit::J,thisExchanger.SensCoolingEnergy,OutputProcessor::SOVTimeStepType::System,OutputProcessor::SOVStoreType::Summed,thisExchanger.Name
HeatRecovery.cc,"""Heat Exchanger Latent Cooling Rate""",OutputProcessor::Unit::W,thisExchanger.LatCoolingRate,OutputProcessor::SOVTimeStepType::System,OutputProcessor::SOVStoreType::Average,thisExchanger.Name
HeatRecovery.cc,"""Heat Exchanger Latent Cooling Energy""",OutputProcessor::Unit::J,thisExchanger.LatCoolingEnergy,OutputProcessor::SOVTimeStepType::System,OutputProcessor::SOVStoreType::Summed,thisExchanger.Name
HeatRecovery.cc,"""Heat Exchanger Total Cooling Rate""",OutputProcessor::Unit::W,thisExchanger.TotCoolingRate,OutputProcessor::SOVTimeStepType::System,OutputProcessor::SOVStoreType::Average,thisExchanger.Name
HeatRecovery.cc,"""Heat Exchanger Total Cooling Energy""",OutputProcessor::Unit::J,thisExchanger.TotCoolingEnergy,OutputProcessor::SOVTimeStepType::System,OutputProcessor::SOVStoreType::Summed,thisExchanger.Name
HeatRecovery.cc,"""Heat Exchanger Electricity Rate""",OutputProcessor::Unit::W,thisExchanger.ElecUseRate,OutputProcessor::SOVTimeStepType::System,OutputProcessor::SOVStoreType::Average,thisExchanger.Name
HeatRecovery.cc,"""Heat Exchanger Electricity Energy""",OutputProcessor::Unit::J,thisExchanger.ElecUseEnergy,OutputProcessor::SOVTimeStepType::System,OutputProcessor::SOVStoreType::Summed,thisExchanger.Name
HeatRecovery.cc,"""Heat Exchanger Sensible Effectiveness""",OutputProcessor::Unit::None,thisExchanger.SensEffectiveness,OutputProcessor::SOVTimeStepType::System,OutputProcessor::SOVStoreType::Average,thisExchanger.Name
HeatRecovery.cc,"""Heat Exchanger Latent Effectiveness""",OutputProcessor::Unit::None,thisExchanger.LatEffectiveness,OutputProcessor::SOVTimeStepType::System,OutputProcessor::SOVStoreType::Average,thisExchanger.Name
HeatRecovery.cc,"""Heat Exchanger Supply Air Bypass Mass Flow Rate""",OutputProcessor::Unit::kg_s,thisExchanger.SupBypassMassFlow,OutputProcessor::SOVTimeStepType::System,OutputProcessor::SOVStoreType::Average,thisExchanger.Name
HeatRecovery.cc,"""Heat Exchanger Exhaust Air Bypass Mass Flow Rate""",OutputProcessor::Unit::kg_s,thisExchanger.SecBypassMassFlow,OutputProcessor::SOVTimeStepType::System,OutputProcessor::SOVStoreType::Average,thisExchanger.Name
HeatRecovery.cc,"""Heat Exchanger Defrost Time Fraction""",OutputProcessor::Unit::None,thisExchanger.DefrostFraction,OutputProcessor::SOVTimeStepType::System,OutputProcessor::SOVStoreType::Average,thisExchanger.Name
MoistureBalanceEMPDManager.cc,"""EMPD Surface Inside Face Water Vapor Density""",OutputProcessor::Unit::kg_m3,rvd.rv_surface,OutputProcessor::SOVTimeStepType::Zone,OutputProcessor::SOVStoreType::State,surf_name
MoistureBalanceEMPDManager.cc,"""EMPD Surface Layer Moisture Content""",OutputProcessor::Unit::kg_m3,rvd.u_surface_layer,OutputProcessor::SOVTimeStepType::Zone,OutputProcessor::SOVStoreType::State,surf_name
MoistureBalanceEMPDManager.cc,"""EMPD Deep Layer Moisture Content""",OutputProcessor::Unit::kg_m3,rvd.u_deep_layer,OutputProcessor::SOVTimeStepType::Zone,OutputProcessor::SOVStoreType::State,surf_name
MoistureBalanceEMPDManager.cc,"""EMPD Surface Layer Equivalent Relative Humidity""",OutputProcessor::Unit::Perc,rvd.RH_surface_layer,OutputProcessor::SOVTimeStepType::Zone,OutputProcessor::SOVStoreType::State,surf_name
MoistureBalanceEMPDManager.cc,"""EMPD Deep Layer Equivalent Relative Humidity""",OutputProcessor::Unit::Perc,rvd.RH_deep_layer,OutputProcessor::SOVTimeStepType::Zone,OutputProcessor::SOVStoreType::State,surf_name
MoistureBalanceEMPDManager.cc,"""EMPD Surface Layer Equivalent Humidity Ratio""",OutputProcessor::Unit::kgWater_kgDryAir,rvd.w_surface_layer,OutputProcessor::SOVTimeStepType::Zone,OutputProcessor::SOVStoreType::State,surf_name
MoistureBalanceEMPDManager.cc,"""EMPD Deep Layer Equivalent Humidity Ratio""",OutputProcessor::Unit::kgWater_kgDryAir,rvd.w_deep_layer,OutputProcessor::SOVTimeStepType::Zone,OutputProcessor::SOVStoreType::State,surf_name
MoistureBalanceEMPDManager.cc,"""EMPD Surface Moisture Flux to Zone""",OutputProcessor::Unit::kg_m2s,rvd.mass_flux_zone,OutputProcessor::SOVTimeStepType::Zone,OutputProcessor::SOVStoreType::State,surf_name
MoistureBalanceEMPDManager.cc,"""EMPD Deep Layer Moisture Flux""",OutputProcessor::Unit::kg_m2s,rvd.mass_flux_deep,OutputProcessor::SOVTimeStepType::Zone,OutputProcessor::SOVStoreType::State,surf_name
OutdoorAirUnit.cc,"""Zone Outdoor Air Unit Total Heating Rate""",OutputProcessor::Unit::W,thisOutAirUnit.TotHeatingRate,OutputProcessor::SOVTimeStepType::System,OutputProcessor::SOVStoreType::Average,thisOutAirUnit.Name
OutdoorAirUnit.cc,"""Zone Outdoor Air Unit Total Heating Energy""",OutputProcessor::Unit::J,thisOutAirUnit.TotHeatingEnergy,OutputProcessor::SOVTimeStepType::System,OutputProcessor::SOVStoreType::Summed,thisOutAirUnit.Name
OutdoorAirUnit.cc,"""Zone Outdoor Air Unit Sensible Heating Rate""",OutputProcessor::Unit::W,thisOutAirUnit.SensHeatingRate,OutputProcessor::SOVTimeStepType::System,OutputProcessor::SOVStoreType::Average,thisOutAirUnit.Name
OutdoorAirUnit.cc,"""Zone Outdoor Air Unit Sensible Heating Energy""",OutputProcessor::Unit::J,thisOutAirUnit.SensHeatingEnergy,OutputProcessor::SOVTimeStepType::System,OutputProcessor::SOVStoreType::Summed,thisOutAirUnit.Name
OutdoorAirUnit.cc,"""Zone Outdoor Air Unit Latent Heating Rate""",OutputProcessor::Unit::W,thisOutAirUnit.LatHeatingRate,OutputProcessor::SOVTimeStepType::System,OutputProcessor::SOVStoreType::Average,thisOutAirUnit.Name
OutdoorAirUnit.cc,"""Zone Outdoor Air Unit Latent Heating Energy""",OutputProcessor::Unit::J,thisOutAirUnit.LatHeatingEnergy,OutputProcessor::SOVTimeStepType::System,OutputProcessor::SOVStoreType::Summed,thisOutAirUnit.Name
OutdoorAirUnit.cc,"""Zone Outdoor Air Unit Total Cooling Rate""",OutputProcessor::Unit::W,thisOutAirUnit.TotCoolingRate,OutputProcessor::SOVTimeStepType::System,OutputProcessor::SOVStoreType::Average,thisOutAirUnit.Name
OutdoorAirUnit.cc,"""Zone Outdoor Air Unit Total Cooling Energy""",OutputProcessor::Unit::J,thisOutAirUnit.TotCoolingEnergy,OutputProcessor::SOVTimeStepType::System,OutputProcessor::SOVStoreType::Summed,thisOutAirUnit.Name
OutdoorAirUnit.cc,"""Zone Outdoor Air Unit Sensible Cooling Rate""",OutputProcessor::Unit::W,thisOutAirUnit.SensCoolingRate,OutputProcessor::SOVTimeStepType::System,OutputProcessor::SOVStoreType::Average,thisOutAirUnit.Name
OutdoorAirUnit.cc,"""Zone Outdoor Air Unit Sensible Cooling Energy""",OutputProcessor::Unit::J,thisOutAirUnit.SensCoolingEnergy,OutputProcessor::SOVTimeStepType::System,OutputProcessor::SOVStoreType::Summed,thisOutAirUnit.Name
OutdoorAirUnit.cc,"""Zone Outdoor Air Unit Latent Cooling Rate""",OutputProcessor::Unit::W,thisOutAirUnit.LatCoolingRate,OutputProcessor::SOVTimeStepType::System,OutputProcessor::SOVStoreType::Average,thisOutAirUnit.Name
OutdoorAirUnit.cc,"""Zone Outdoor Air Unit Latent Cooling Energy""",OutputProcessor::Unit::J,thisOutAirUnit.LatCoolingEnergy,OutputProcessor::SOVTimeStepType::System,OutputProcessor::SOVStoreType::Summed,thisOutAirUnit.Name
OutdoorAirUnit.cc,"""Zone Outdoor Air Unit Air Mass Flow Rate""",OutputProcessor::Unit::kg_s,thisOutAirUnit.AirMassFlow,OutputProcessor::SOVTimeStepType::System,OutputProcessor::SOVStoreType::Average,thisOutAirUnit.Name
OutdoorAirUnit.cc,"""Zone Outdoor Air Unit Fan Electricity Rate""",OutputProcessor::Unit::W,thisOutAirUnit.ElecFanRate,OutputProcessor::SOVTimeStepType::System,OutputProcessor::SOVStoreType::Average,thisOutAirUnit.Name
OutdoorAirUnit.cc,"""Zone Outdoor Air Unit Fan Electricity Energy""",OutputProcessor::Unit::J,thisOutAirUnit.ElecFanEnergy,OutputProcessor::SOVTimeStepType::System,OutputProcessor::SOVStoreType::Summed,thisOutAirUnit.Name
OutdoorAirUnit.cc,"""Zone Outdoor Air Unit Fan Availability Status""",OutputProcessor::Unit::None,thisOutAirUnit.AvailStatus,OutputProcessor::SOVTimeStepType::System,OutputProcessor::SOVStoreType::Average,thisOutAirUnit.Name
HVACSingleDuctInduc.cc,"""Zone Air Terminal Outdoor Air Volume Flow Rate""",OutputProcessor::Unit::m3_s,state.dataHVACSingleDuctInduc->IndUnit(IUNum).OutdoorAirFlowRate,OutputProcessor::SOVTimeStepType::System,OutputProcessor::SOVStoreType::Average,state.dataHVACSingleDuctInduc->IndUnit(IUNum).Name
HeatBalFiniteDiffManager.cc,"""CondFD Inner Solver Loop Iteration Count""",OutputProcessor::Unit::None,SurfaceFD(SurfNum).GSloopCounter,OutputProcessor::SOVTimeStepType::Zone,OutputProcessor::SOVStoreType::Summed,state.dataSurface->Surface(SurfNum).Name
HeatBalFiniteDiffManager.cc,"format(""CondFD Internal Heat Source Power After Layer {}"", lay)",OutputProcessor::Unit::W,SurfaceFD(SurfNum).heatSourceInternalFluxLayerReport(lay),OutputProcessor::SOVTimeStepType::Zone,OutputProcessor::SOVStoreType::State,state.dataSurface->Surface(SurfNum).Name
HeatBalFiniteDiffManager.cc,"format(""CondFD Internal Heat Source Energy After Layer {}"", lay)",OutputProcessor::Unit::J,SurfaceFD(SurfNum).heatSourceInternalFluxEnergyLayerReport(lay),OutputProcessor::SOVTimeStepType::Zone,OutputProcessor::SOVStoreType::Summed,state.dataSurface->Surface(SurfNum).Name
HeatBalFiniteDiffManager.cc,"format(""CondFD EMS Heat Source Power After Layer {}"", lay)",OutputProcessor::Unit::W,SurfaceFD(SurfNum).heatSourceEMSFluxLayerReport(lay),OutputProcessor::SOVTimeStepType::Zone,OutputProcessor::SOVStoreType::State,state.dataSurface->Surface(SurfNum).Name
HeatBalFiniteDiffManager.cc,"format(""CondFD EMS Heat Source Energy After Layer {}"", lay)",OutputProcessor::Unit::J,SurfaceFD(SurfNum).heatSourceEMSFluxEnergyLayerReport(lay),OutputProcessor::SOVTimeStepType::Zone,OutputProcessor::SOVStoreType::Summed,state.dataSurface->Surface(SurfNum).Name
HeatBalFiniteDiffManager.cc,"format(""CondFD Surface Temperature Node {}"", node)",OutputProcessor::Unit::C,SurfaceFD(SurfNum).TDreport(node),OutputProcessor::SOVTimeStepType::Zone,OutputProcessor::SOVStoreType::State,state.dataSurface->Surface(SurfNum).Name
HeatBalFiniteDiffManager.cc,"format(""CondFD Surface Heat Flux Node {}"", node)",OutputProcessor::Unit::W_m2,SurfaceFD(SurfNum).QDreport(node),OutputProcessor::SOVTimeStepType::Zone,OutputProcessor::SOVStoreType::State,state.dataSurface->Surface(SurfNum).Name
HeatBalFiniteDiffManager.cc,"format(""CondFD Phase Change State {}"", node)",OutputProcessor::Unit::None,SurfaceFD(SurfNum).PhaseChangeState(node),OutputProcessor::SOVTimeStepType::Zone,OutputProcessor::SOVStoreType::State,state.dataSurface->Surface(SurfNum).Name
HeatBalFiniteDiffManager.cc,"format(""CondFD Phase Change Previous State {}"", node)",OutputProcessor::Unit::None,SurfaceFD(SurfNum).PhaseChangeStateOld(node),OutputProcessor::SOVTimeStepType::Zone,OutputProcessor::SOVStoreType::State,state.dataSurface->Surface(SurfNum).Name
HeatBalFiniteDiffManager.cc,"format(""CondFD Phase Change Node Temperature {}"", node)",OutputProcessor::Unit::C,SurfaceFD(SurfNum).TDT(node),OutputProcessor::SOVTimeStepType::Zone,OutputProcessor::SOVStoreType::State,state.dataSurface->Surface(SurfNum).Name
HeatBalFiniteDiffManager.cc,"format(""CondFD Phase Change Node Conductivity {}"", node)",OutputProcessor::Unit::W_mK,SurfaceFD(SurfNum).condNodeReport(node),OutputProcessor::SOVTimeStepType::Zone,OutputProcessor::SOVStoreType::State,state.dataSurface->Surface(SurfNum).Name
HeatBalFiniteDiffManager.cc,"format(""CondFD Phase Change Node Specific Heat {}"", node)",OutputProcessor::Unit::J_kgK,SurfaceFD(SurfNum).specHeatNodeReport(node),OutputProcessor::SOVTimeStepType::Zone,OutputProcessor::SOVStoreType::State,state.dataSurface->Surface(SurfNum).Name
HeatBalFiniteDiffManager.cc,"format(""CondFD Surface Heat Capacitance Outer Half Node {}"", node)",OutputProcessor::Unit::W_m2K,SurfaceFD(SurfNum).CpDelXRhoS1(node),OutputProcessor::SOVTimeStepType::Zone,OutputProcessor::SOVStoreType::State,state.dataSurface->Surface(SurfNum).Name
HeatBalFiniteDiffManager.cc,"format(""CondFD Surface Heat Capacitance Inner Half Node {}"", node)",OutputProcessor::Unit::W_m2K,SurfaceFD(SurfNum).CpDelXRhoS2(node),OutputProcessor::SOVTimeStepType::Zone,OutputProcessor::SOVStoreType::State,state.dataSurface->Surface(SurfNum).Name
DualDuct.cc,"""Zone Air Terminal Cold Supply Duct Damper Position""",OutputProcessor::Unit::None,thisDD.ColdAirDamperPosition,OutputProcessor::SOVTimeStepType::System,OutputProcessor::SOVStoreType::Average,thisDD.Name
DualDuct.cc,"""Zone Air Terminal Hot Supply Duct Damper Position""",OutputProcessor::Unit::None,thisDD.HotAirDamperPosition,OutputProcessor::SOVTimeStepType::System,OutputProcessor::SOVStoreType::Average,thisDD.Name
DualDuct.cc,"""Zone Air Terminal Cold Supply Duct Damper Position""",OutputProcessor::Unit::None,thisDD.ColdAirDamperPosition,OutputProcessor::SOVTimeStepType::System,OutputProcessor::SOVStoreType::Average,thisDD.Name
DualDuct.cc,"""Zone Air Terminal Hot Supply Duct Damper Position""",OutputProcessor::Unit::None,thisDD.HotAirDamperPosition,OutputProcessor::SOVTimeStepType::System,OutputProcessor::SOVStoreType::Average,thisDD.Name
DualDuct.cc,"""Zone Air Terminal Outdoor Air Volume Flow Rate""",OutputProcessor::Unit::m3_s,thisDD.OutdoorAirFlowRate,OutputProcessor::SOVTimeStepType::System,OutputProcessor::SOVStoreType::Average,thisDD.Name
DualDuct.cc,"""Zone Air Terminal Outdoor Air Duct Damper Position""",OutputProcessor::Unit::None,thisDD.OADamperPosition,OutputProcessor::SOVTimeStepType::System,OutputProcessor::SOVStoreType::Average,thisDD.Name
DualDuct.cc,"""Zone Air Terminal Recirculated Air Duct Damper Position""",OutputProcessor::Unit::None,thisDD.RecircAirDamperPosition,OutputProcessor::SOVTimeStepType::System,OutputProcessor::SOVStoreType::Average,thisDD.Name
DualDuct.cc,"""Zone Air Terminal Outdoor Air Fraction""",OutputProcessor::Unit::None,thisDD.OAFraction,OutputProcessor::SOVTimeStepType::System,OutputProcessor::SOVStoreType::Average,thisDD.Name
UnitHeater.cc,"""Zone Unit Heater Heating Rate""",OutputProcessor::Unit::W,state.dataUnitHeaters->UnitHeat(UnitHeatNum).HeatPower,OutputProcessor::SOVTimeStepType::System,OutputProcessor::SOVStoreType::Average,state.dataUnitHeaters->UnitHeat(UnitHeatNum).Name
UnitHeater.cc,"""Zone Unit Heater Heating Energy""",OutputProcessor::Unit::J,state.dataUnitHeaters->UnitHeat(UnitHeatNum).HeatEnergy,OutputProcessor::SOVTimeStepType::System,OutputProcessor::SOVStoreType::Summed,state.dataUnitHeaters->UnitHeat(UnitHeatNum).Name
UnitHeater.cc,"""Zone Unit Heater Fan Electricity Rate""",OutputProcessor::Unit::W,state.dataUnitHeaters->UnitHeat(UnitHeatNum).ElecPower,OutputProcessor::SOVTimeStepType::System,OutputProcessor::SOVStoreType::Average,state.dataUnitHeaters->UnitHeat(UnitHeatNum).Name
UnitHeater.cc,"""Zone Unit Heater Fan Electricity Energy""",OutputProcessor::Unit::J,state.dataUnitHeaters->UnitHeat(UnitHeatNum).ElecEnergy,OutputProcessor::SOVTimeStepType::System,OutputProcessor::SOVStoreType::Summed,state.dataUnitHeaters->UnitHeat(UnitHeatNum).Name
UnitHeater.cc,"""Zone Unit Heater Fan Availability Status""",OutputProcessor::Unit::None,state.dataUnitHeaters->UnitHeat(UnitHeatNum).AvailStatus,OutputProcessor::SOVTimeStepType::System,OutputProcessor::SOVStoreType::Average,state.dataUnitHeaters->UnitHeat(UnitHeatNum).Name
UnitHeater.cc,"""Zone Unit Heater Fan Part Load Ratio""",OutputProcessor::Unit::None,state.dataUnitHeaters->UnitHeat(UnitHeatNum).FanPartLoadRatio,OutputProcessor::SOVTimeStepType::System,OutputProcessor::SOVStoreType::Average,state.dataUnitHeaters->UnitHeat(UnitHeatNum).Name
HVACUnitaryBypassVAV.cc,"""Unitary System Total Heating Rate""",OutputProcessor::Unit::W,thisCBVAV.TotHeatEnergyRate,OutputProcessor::SOVTimeStepType::System,OutputProcessor::SOVStoreType::Average,thisCBVAV.Name
HVACUnitaryBypassVAV.cc,"""Unitary System Total Heating Energy""",OutputProcessor::Unit::J,thisCBVAV.TotHeatEnergy,OutputProcessor::SOVTimeStepType::System,OutputProcessor::SOVStoreType::Summed,thisCBVAV.Name
HVACUnitaryBypassVAV.cc,"""Unitary System Total Cooling Rate""",OutputProcessor::Unit::W,thisCBVAV.TotCoolEnergyRate,OutputProcessor::SOVTimeStepType::System,OutputProcessor::SOVStoreType::Average,thisCBVAV.Name
HVACUnitaryBypassVAV.cc,"""Unitary System Total Cooling Energy""",OutputProcessor::Unit::J,thisCBVAV.TotCoolEnergy,OutputProcessor::SOVTimeStepType::System,OutputProcessor::SOVStoreType::Summed,thisCBVAV.Name
HVACUnitaryBypassVAV.cc,"""Unitary System Sensible Heating Rate""",OutputProcessor::Unit::W,thisCBVAV.SensHeatEnergyRate,OutputProcessor::SOVTimeStepType::System,OutputProcessor::SOVStoreType::Average,thisCBVAV.Name
HVACUnitaryBypassVAV.cc,"""Unitary System Sensible Heating Energy""",OutputProcessor::Unit::J,thisCBVAV.SensHeatEnergy,OutputProcessor::SOVTimeStepType::System,OutputProcessor::SOVStoreType::Summed,thisCBVAV.Name
HVACUnitaryBypassVAV.cc,"""Unitary System Sensible Cooling Rate""",OutputProcessor::Unit::W,thisCBVAV.SensCoolEnergyRate,OutputProcessor::SOVTimeStepType::System,OutputProcessor::SOVStoreType::Average,thisCBVAV.Name
HVACUnitaryBypassVAV.cc,"""Unitary System Sensible Cooling Energy""",OutputProcessor::Unit::J,thisCBVAV.SensCoolEnergy,OutputProcessor::SOVTimeStepType::System,OutputProcessor::SOVStoreType::Summed,thisCBVAV.Name
HVACUnitaryBypassVAV.cc,"""Unitary System Latent Heating Rate""",OutputProcessor::Unit::W,thisCBVAV.LatHeatEnergyRate,OutputProcessor::SOVTimeStepType::System,OutputProcessor::SOVStoreType::Average,thisCBVAV.Name
HVACUnitaryBypassVAV.cc,"""Unitary System Latent Heating Energy""",OutputProcessor::Unit::J,thisCBVAV.LatHeatEnergy,OutputProcessor::SOVTimeStepType::System,OutputProcessor::SOVStoreType::Summed,thisCBVAV.Name
HVACUnitaryBypassVAV.cc,"""Unitary System Latent Cooling Rate""",OutputProcessor::Unit::W,thisCBVAV.LatCoolEnergyRate,OutputProcessor::SOVTimeStepType::System,OutputProcessor::SOVStoreType::Average,thisCBVAV.Name
HVACUnitaryBypassVAV.cc,"""Unitary System Latent Cooling Energy""",OutputProcessor::Unit::J,thisCBVAV.LatCoolEnergy,OutputProcessor::SOVTimeStepType::System,OutputProcessor::SOVStoreType::Summed,thisCBVAV.Name
HVACUnitaryBypassVAV.cc,"""Unitary System Electricity Rate""",OutputProcessor::Unit::W,thisCBVAV.ElecPower,OutputProcessor::SOVTimeStepType::System,OutputProcessor::SOVStoreType::Average,thisCBVAV.Name
HVACUnitaryBypassVAV.cc,"""Unitary System Electricity Energy""",OutputProcessor::Unit::J,thisCBVAV.ElecConsumption,OutputProcessor::SOVTimeStepType::System,OutputProcessor::SOVStoreType::Summed,thisCBVAV.Name
HVACUnitaryBypassVAV.cc,"""Unitary System Fan Part Load Ratio""",OutputProcessor::Unit::None,thisCBVAV.FanPartLoadRatio,OutputProcessor::SOVTimeStepType::System,OutputProcessor::SOVStoreType::Average,thisCBVAV.Name
HVACUnitaryBypassVAV.cc,"""Unitary System Compressor Part Load Ratio""",OutputProcessor::Unit::None,thisCBVAV.CompPartLoadRatio,OutputProcessor::SOVTimeStepType::System,OutputProcessor::SOVStoreType::Average,thisCBVAV.Name
HVACUnitaryBypassVAV.cc,"""Unitary System Bypass Air Mass Flow Rate""",OutputProcessor::Unit::kg_s,thisCBVAV.BypassMassFlowRate,OutputProcessor::SOVTimeStepType::System,OutputProcessor::SOVStoreType::Average,thisCBVAV.Name
HVACUnitaryBypassVAV.cc,"""Unitary System Air Outlet Setpoint Temperature""",OutputProcessor::Unit::C,thisCBVAV.OutletTempSetPoint,OutputProcessor::SOVTimeStepType::System,OutputProcessor::SOVStoreType::Average,thisCBVAV.Name
HVACUnitaryBypassVAV.cc,"""Unitary System Operating Mode Index""",OutputProcessor::Unit::None,thisCBVAV.HeatCoolMode,OutputProcessor::SOVTimeStepType::System,OutputProcessor::SOVStoreType::Average,thisCBVAV.Name
ChillerExhaustAbsorption.cc,"""Chiller Heater Evaporator Cooling Rate""",OutputProcessor::Unit::W,this->CoolingLoad,OutputProcessor::SOVTimeStepType::System,OutputProcessor::SOVStoreType::Average,ChillerName
ChillerExhaustAbsorption.cc,"""Chiller Heater Evaporator Cooling Energy""",OutputProcessor::Unit::J,this->CoolingEnergy,OutputProcessor::SOVTimeStepType::System,OutputProcessor::SOVStoreType::Summed,ChillerName
ChillerExhaustAbsorption.cc,"""Chiller Heater Heating Rate""",OutputProcessor::Unit::W,this->HeatingLoad,OutputProcessor::SOVTimeStepType::System,OutputProcessor::SOVStoreType::Average,ChillerName
ChillerExhaustAbsorption.cc,"""Chiller Heater Heating Energy""",OutputProcessor::Unit::J,this->HeatingEnergy,OutputProcessor::SOVTimeStepType::System,OutputProcessor::SOVStoreType::Summed,ChillerName
ChillerExhaustAbsorption.cc,"""Chiller Heater Condenser Heat Transfer Rate""",OutputProcessor::Unit::W,this->TowerLoad,OutputProcessor::SOVTimeStepType::System,OutputProcessor::SOVStoreType::Average,ChillerName
ChillerExhaustAbsorption.cc,"""Chiller Heater Condenser Heat Transfer Energy""",OutputProcessor::Unit::J,this->TowerEnergy,OutputProcessor::SOVTimeStepType::System,OutputProcessor::SOVStoreType::Summed,ChillerName
ChillerExhaustAbsorption.cc,"""Chiller Heater Cooling Source Heat COP""",OutputProcessor::Unit::W_W,this->ThermalEnergyCOP,OutputProcessor::SOVTimeStepType::System,OutputProcessor::SOVStoreType::Average,ChillerName
ChillerExhaustAbsorption.cc,"""Chiller Heater Electricity Rate""",OutputProcessor::Unit::W,this->ElectricPower,OutputProcessor::SOVTimeStepType::System,OutputProcessor::SOVStoreType::Average,ChillerName
ChillerExhaustAbsorption.cc,"""Chiller Heater Electricity Energy""",OutputProcessor::Unit::J,this->ElectricEnergy,OutputProcessor::SOVTimeStepType::System,OutputProcessor::SOVStoreType::Summed,ChillerName
ChillerExhaustAbsorption.cc,"""Chiller Heater Cooling Electricity Rate""",OutputProcessor::Unit::W,this->CoolElectricPower,OutputProcessor::SOVTimeStepType::System,OutputProcessor::SOVStoreType::Average,ChillerName
ChillerExhaustAbsorption.cc,"""Chiller Heater Cooling Electricity Energy""",OutputProcessor::Unit::J,this->CoolElectricEnergy,OutputProcessor::SOVTimeStepType::System,OutputProcessor::SOVStoreType::Summed,ChillerName
ChillerExhaustAbsorption.cc,"""Chiller Heater Heating Electricity Rate""",OutputProcessor::Unit::W,this->HeatElectricPower,OutputProcessor::SOVTimeStepType::System,OutputProcessor::SOVStoreType::Average,ChillerName
ChillerExhaustAbsorption.cc,"""Chiller Heater Heating Electricity Energy""",OutputProcessor::Unit::J,this->HeatElectricEnergy,OutputProcessor::SOVTimeStepType::System,OutputProcessor::SOVStoreType::Summed,ChillerName
ChillerExhaustAbsorption.cc,"""Chiller Heater Evaporator Inlet Temperature""",OutputProcessor::Unit::C,this->ChillReturnTemp,OutputProcessor::SOVTimeStepType::System,OutputProcessor::SOVStoreType::Average,ChillerName
ChillerExhaustAbsorption.cc,"""Chiller Heater Evaporator Outlet Temperature""",OutputProcessor::Unit::C,this->ChillSupplyTemp,OutputProcessor::SOVTimeStepType::System,OutputProcessor::SOVStoreType::Average,ChillerName
ChillerExhaustAbsorption.cc,"""Chiller Heater Evaporator Mass Flow Rate""",OutputProcessor::Unit::kg_s,this->ChillWaterFlowRate,OutputProcessor::SOVTimeStepType::System,OutputProcessor::SOVStoreType::Average,ChillerName
ChillerExhaustAbsorption.cc,"""Chiller Heater Condenser Inlet Temperature""",OutputProcessor::Unit::C,this->CondReturnTemp,OutputProcessor::SOVTimeStepType::System,OutputProcessor::SOVStoreType::Average,ChillerName
ChillerExhaustAbsorption.cc,"""Chiller Heater Condenser Outlet Temperature""",OutputProcessor::Unit::C,this->CondSupplyTemp,OutputProcessor::SOVTimeStepType::System,OutputProcessor::SOVStoreType::Average,ChillerName
ChillerExhaustAbsorption.cc,"""Chiller Heater Condenser Mass Flow Rate""",OutputProcessor::Unit::kg_s,this->CondWaterFlowRate,OutputProcessor::SOVTimeStepType::System,OutputProcessor::SOVStoreType::Average,ChillerName
ChillerExhaustAbsorption.cc,"""Chiller Heater Condenser Inlet Temperature""",OutputProcessor::Unit::C,this->CondReturnTemp,OutputProcessor::SOVTimeStepType::System,OutputProcessor::SOVStoreType::Average,ChillerName
ChillerExhaustAbsorption.cc,"""Chiller Heater Heating Inlet Temperature""",OutputProcessor::Unit::C,this->HotWaterReturnTemp,OutputProcessor::SOVTimeStepType::System,OutputProcessor::SOVStoreType::Average,ChillerName
ChillerExhaustAbsorption.cc,"""Chiller Heater Heating Outlet Temperature""",OutputProcessor::Unit::C,this->HotWaterSupplyTemp,OutputProcessor::SOVTimeStepType::System,OutputProcessor::SOVStoreType::Average,ChillerName
ChillerExhaustAbsorption.cc,"""Chiller Heater Heating Mass Flow Rate""",OutputProcessor::Unit::kg_s,this->HotWaterFlowRate,OutputProcessor::SOVTimeStepType::System,OutputProcessor::SOVStoreType::Average,ChillerName
ChillerExhaustAbsorption.cc,"""Chiller Heater Cooling Part Load Ratio""",OutputProcessor::Unit::None,this->CoolPartLoadRatio,OutputProcessor::SOVTimeStepType::System,OutputProcessor::SOVStoreType::Average,ChillerName
ChillerExhaustAbsorption.cc,"""Chiller Heater Maximum Cooling Rate""",OutputProcessor::Unit::W,this->CoolingCapacity,OutputProcessor::SOVTimeStepType::System,OutputProcessor::SOVStoreType::Average,ChillerName
ChillerExhaustAbsorption.cc,"""Chiller Heater Heating Part Load Ratio""",OutputProcessor::Unit::None,this->HeatPartLoadRatio,OutputProcessor::SOVTimeStepType::System,OutputProcessor::SOVStoreType::Average,ChillerName
ChillerExhaustAbsorption.cc,"""Chiller Heater Maximum Heating Rate""",OutputProcessor::Unit::W,this->HeatingCapacity,OutputProcessor::SOVTimeStepType::System,OutputProcessor::SOVStoreType::Average,ChillerName
ChillerExhaustAbsorption.cc,"""Chiller Heater Runtime Fraction""",OutputProcessor::Unit::None,this->FractionOfPeriodRunning,OutputProcessor::SOVTimeStepType::System,OutputProcessor::SOVStoreType::Average,ChillerName
ChillerExhaustAbsorption.cc,"""Chiller Heater Source Exhaust Inlet Temperature""",OutputProcessor::Unit::C,this->ExhaustInTemp,OutputProcessor::SOVTimeStepType::System,OutputProcessor::SOVStoreType::Average,ChillerName
ChillerExhaustAbsorption.cc,"""Chiller Heater Source Exhaust Inlet Mass Flow Rate""",OutputProcessor::Unit::kg_s,this->ExhaustInFlow,OutputProcessor::SOVTimeStepType::System,OutputProcessor::SOVStoreType::Average,ChillerName
ChillerExhaustAbsorption.cc,"""Chiller Heater Heating Heat Recovery Potential Rate""",OutputProcessor::Unit::W,this->ExhHeatRecPotentialHeat,OutputProcessor::SOVTimeStepType::System,OutputProcessor::SOVStoreType::Average,ChillerName
ChillerExhaustAbsorption.cc,"""Chiller Heater Cooling Heat Recovery Potential Rate""",OutputProcessor::Unit::W,this->ExhHeatRecPotentialCool,OutputProcessor::SOVTimeStepType::System,OutputProcessor::SOVStoreType::Average,ChillerName
ChillerExhaustAbsorption.cc,"""Chiller Heater Cooling Source Heat Transfer Rate""",OutputProcessor::Unit::W,this->CoolThermalEnergyUseRate,OutputProcessor::SOVTimeStepType::System,OutputProcessor::SOVStoreType::Average,ChillerName
ChillerExhaustAbsorption.cc,"""Chiller Heater Heating Source Heat Transfer Rate""",OutputProcessor::Unit::W,this->HeatThermalEnergyUseRate,OutputProcessor::SOVTimeStepType::System,OutputProcessor::SOVStoreType::Average,ChillerName
ZoneAirLoopEquipmentManager.cc,"""Zone Air Terminal Sensible Heating Energy""",OutputProcessor::Unit::J,airDistUnit.HeatGain,OutputProcessor::SOVTimeStepType::System,OutputProcessor::SOVStoreType::Summed,airDistUnit.Name
ZoneAirLoopEquipmentManager.cc,"""Zone Air Terminal Sensible Cooling Energy""",OutputProcessor::Unit::J,airDistUnit.CoolGain,OutputProcessor::SOVTimeStepType::System,OutputProcessor::SOVStoreType::Summed,airDistUnit.Name
ZoneAirLoopEquipmentManager.cc,"""Zone Air Terminal Sensible Heating Rate""",OutputProcessor::Unit::W,airDistUnit.HeatRate,OutputProcessor::SOVTimeStepType::System,OutputProcessor::SOVStoreType::Average,airDistUnit.Name
ZoneAirLoopEquipmentManager.cc,"""Zone Air Terminal Sensible Cooling Rate""",OutputProcessor::Unit::W,airDistUnit.CoolRate,OutputProcessor::SOVTimeStepType::System,OutputProcessor::SOVStoreType::Average,airDistUnit.Name
CondenserLoopTowers.cc,"""Cooling Tower Inlet Temperature""",OutputProcessor::Unit::C,this->InletWaterTemp,OutputProcessor::SOVTimeStepType::System,OutputProcessor::SOVStoreType::Average,this->Name
CondenserLoopTowers.cc,"""Cooling Tower Outlet Temperature""",OutputProcessor::Unit::C,this->OutletWaterTemp,OutputProcessor::SOVTimeStepType::System,OutputProcessor::SOVStoreType::Average,this->Name
CondenserLoopTowers.cc,"""Cooling Tower Mass Flow Rate""",OutputProcessor::Unit::kg_s,this->WaterMassFlowRate,OutputProcessor::SOVTimeStepType::System,OutputProcessor::SOVStoreType::Average,this->Name
CondenserLoopTowers.cc,"""Cooling Tower Heat Transfer Rate""",OutputProcessor::Unit::W,this->Qactual,OutputProcessor::SOVTimeStepType::System,OutputProcessor::SOVStoreType::Average,this->Name
CondenserLoopTowers.cc,"""Cooling Tower Fan Electricity Rate""",OutputProcessor::Unit::W,this->FanPower,OutputProcessor::SOVTimeStepType::System,OutputProcessor::SOVStoreType::Average,this->Name
CondenserLoopTowers.cc,"""Cooling Tower Fan Electricity Energy""",OutputProcessor::Unit::J,this->FanEnergy,OutputProcessor::SOVTimeStepType::System,OutputProcessor::SOVStoreType::Summed,this->Name
CondenserLoopTowers.cc,"""Cooling Tower Bypass Fraction""",OutputProcessor::Unit::None,this->BypassFraction,OutputProcessor::SOVTimeStepType::System,OutputProcessor::SOVStoreType::Average,this->Name
CondenserLoopTowers.cc,"""Cooling Tower Operating Cells Count""",OutputProcessor::Unit::None,this->NumCellOn,OutputProcessor::SOVTimeStepType::System,OutputProcessor::SOVStoreType::Average,this->Name
CondenserLoopTowers.cc,"""Cooling Tower Fan Cycling Ratio""",OutputProcessor::Unit::None,this->FanCyclingRatio,OutputProcessor::SOVTimeStepType::System,OutputProcessor::SOVStoreType::Average,this->Name
CondenserLoopTowers.cc,"""Cooling Tower Basin Heater Electricity Rate""",OutputProcessor::Unit::W,this->BasinHeaterPower,OutputProcessor::SOVTimeStepType::System,OutputProcessor::SOVStoreType::Average,this->Name
CondenserLoopTowers.cc,"""Cooling Tower Basin Heater Electricity Energy""",OutputProcessor::Unit::J,this->BasinHeaterConsumption,OutputProcessor::SOVTimeStepType::System,OutputProcessor::SOVStoreType::Summed,this->Name
CondenserLoopTowers.cc,"""Cooling Tower Inlet Temperature""",OutputProcessor::Unit::C,this->InletWaterTemp,OutputProcessor::SOVTimeStepType::System,OutputProcessor::SOVStoreType::Average,this->Name
CondenserLoopTowers.cc,"""Cooling Tower Outlet Temperature""",OutputProcessor::Unit::C,this->OutletWaterTemp,OutputProcessor::SOVTimeStepType::System,OutputProcessor::SOVStoreType::Average,this->Name
CondenserLoopTowers.cc,"""Cooling Tower Mass Flow Rate""",OutputProcessor::Unit::kg_s,this->WaterMassFlowRate,OutputProcessor::SOVTimeStepType::System,OutputProcessor::SOVStoreType::Average,this->Name
CondenserLoopTowers.cc,"""Cooling Tower Heat Transfer Rate""",OutputProcessor::Unit::W,this->Qactual,OutputProcessor::SOVTimeStepType::System,OutputProcessor::SOVStoreType::Average,this->Name
CondenserLoopTowers.cc,"""Cooling Tower Fan Electricity Rate""",OutputProcessor::Unit::W,this->FanPower,OutputProcessor::SOVTimeStepType::System,OutputProcessor::SOVStoreType::Average,this->Name
CondenserLoopTowers.cc,"""Cooling Tower Fan Electricity Energy""",OutputProcessor::Unit::J,this->FanEnergy,OutputProcessor::SOVTimeStepType::System,OutputProcessor::SOVStoreType::Summed,this->Name
CondenserLoopTowers.cc,"""Cooling Tower Fan Cycling Ratio""",OutputProcessor::Unit::None,this->FanCyclingRatio,OutputProcessor::SOVTimeStepType::System,OutputProcessor::SOVStoreType::Average,this->Name
CondenserLoopTowers.cc,"""Cooling Tower Fan Speed Level""",OutputProcessor::Unit::None,this->SpeedSelected,OutputProcessor::SOVTimeStepType::System,OutputProcessor::SOVStoreType::Average,this->Name
CondenserLoopTowers.cc,"""Cooling Tower Operating Cells Count""",OutputProcessor::Unit::None,this->NumCellOn,OutputProcessor::SOVTimeStepType::System,OutputProcessor::SOVStoreType::Average,this->Name
CondenserLoopTowers.cc,"""Cooling Tower Basin Heater Electricity Rate""",OutputProcessor::Unit::W,this->BasinHeaterPower,OutputProcessor::SOVTimeStepType::System,OutputProcessor::SOVStoreType::Average,this->Name
CondenserLoopTowers.cc,"""Cooling Tower Basin Heater Electricity Energy""",OutputProcessor::Unit::J,this->BasinHeaterConsumption,OutputProcessor::SOVTimeStepType::System,OutputProcessor::SOVStoreType::Summed,this->Name
CondenserLoopTowers.cc,"""Cooling Tower Inlet Temperature""",OutputProcessor::Unit::C,this->InletWaterTemp,OutputProcessor::SOVTimeStepType::System,OutputProcessor::SOVStoreType::Average,this->Name
CondenserLoopTowers.cc,"""Cooling Tower Outlet Temperature""",OutputProcessor::Unit::C,this->OutletWaterTemp,OutputProcessor::SOVTimeStepType::System,OutputProcessor::SOVStoreType::Average,this->Name
CondenserLoopTowers.cc,"""Cooling Tower Mass Flow Rate""",OutputProcessor::Unit::kg_s,this->WaterMassFlowRate,OutputProcessor::SOVTimeStepType::System,OutputProcessor::SOVStoreType::Average,this->Name
CondenserLoopTowers.cc,"""Cooling Tower Heat Transfer Rate""",OutputProcessor::Unit::W,this->Qactual,OutputProcessor::SOVTimeStepType::System,OutputProcessor::SOVStoreType::Average,this->Name
CondenserLoopTowers.cc,"""Cooling Tower Fan Electricity Rate""",OutputProcessor::Unit::W,this->FanPower,OutputProcessor::SOVTimeStepType::System,OutputProcessor::SOVStoreType::Average,this->Name
CondenserLoopTowers.cc,"""Cooling Tower Fan Electricity Energy""",OutputProcessor::Unit::J,this->FanEnergy,OutputProcessor::SOVTimeStepType::System,OutputProcessor::SOVStoreType::Summed,this->Name
CondenserLoopTowers.cc,"""Cooling Tower Air Flow Rate Ratio""",OutputProcessor::Unit::None,this->AirFlowRatio,OutputProcessor::SOVTimeStepType::System,OutputProcessor::SOVStoreType::Average,this->Name
CondenserLoopTowers.cc,"""Cooling Tower Fan Part Load Ratio""",OutputProcessor::Unit::None,this->FanCyclingRatio,OutputProcessor::SOVTimeStepType::System,OutputProcessor::SOVStoreType::Average,this->Name
CondenserLoopTowers.cc,"""Cooling Tower Operating Cells Count""",OutputProcessor::Unit::None,this->NumCellOn,OutputProcessor::SOVTimeStepType::System,OutputProcessor::SOVStoreType::Average,this->Name
CondenserLoopTowers.cc,"""Cooling Tower Basin Heater Electricity Rate""",OutputProcessor::Unit::W,this->BasinHeaterPower,OutputProcessor::SOVTimeStepType::System,OutputProcessor::SOVStoreType::Average,this->Name
CondenserLoopTowers.cc,"""Cooling Tower Basin Heater Electricity Energy""",OutputProcessor::Unit::J,this->BasinHeaterConsumption,OutputProcessor::SOVTimeStepType::System,OutputProcessor::SOVStoreType::Summed,this->Name
CondenserLoopTowers.cc,"""Cooling Tower Inlet Temperature""",OutputProcessor::Unit::C,this->InletWaterTemp,OutputProcessor::SOVTimeStepType::System,OutputProcessor::SOVStoreType::Average,this->Name
CondenserLoopTowers.cc,"""Cooling Tower Outlet Temperature""",OutputProcessor::Unit::C,this->OutletWaterTemp,OutputProcessor::SOVTimeStepType::System,OutputProcessor::SOVStoreType::Average,this->Name
CondenserLoopTowers.cc,"""Cooling Tower Mass Flow Rate""",OutputProcessor::Unit::kg_s,this->WaterMassFlowRate,OutputProcessor::SOVTimeStepType::System,OutputProcessor::SOVStoreType::Average,this->Name
CondenserLoopTowers.cc,"""Cooling Tower Heat Transfer Rate""",OutputProcessor::Unit::W,this->Qactual,OutputProcessor::SOVTimeStepType::System,OutputProcessor::SOVStoreType::Average,this->Name
CondenserLoopTowers.cc,"""Cooling Tower Fan Electricity Rate""",OutputProcessor::Unit::W,this->FanPower,OutputProcessor::SOVTimeStepType::System,OutputProcessor::SOVStoreType::Average,this->Name
CondenserLoopTowers.cc,"""Cooling Tower Fan Electricity Energy""",OutputProcessor::Unit::J,this->FanEnergy,OutputProcessor::SOVTimeStepType::System,OutputProcessor::SOVStoreType::Summed,this->Name
CondenserLoopTowers.cc,"""Cooling Tower Fan Speed Ratio""",OutputProcessor::Unit::None,this->AirFlowRatio,OutputProcessor::SOVTimeStepType::System,OutputProcessor::SOVStoreType::Average,this->Name
CondenserLoopTowers.cc,"""Cooling Tower Operating Cells Count""",OutputProcessor::Unit::None,this->NumCellOn,OutputProcessor::SOVTimeStepType::System,OutputProcessor::SOVStoreType::Average,this->Name
CondenserLoopTowers.cc,"""Cooling Tower Basin Heater Electricity Rate""",OutputProcessor::Unit::W,this->BasinHeaterPower,OutputProcessor::SOVTimeStepType::System,OutputProcessor::SOVStoreType::Average,this->Name
CondenserLoopTowers.cc,"""Cooling Tower Basin Heater Electricity Energy""",OutputProcessor::Unit::J,this->BasinHeaterConsumption,OutputProcessor::SOVTimeStepType::System,OutputProcessor::SOVStoreType::Summed,this->Name
CondenserLoopTowers.cc,"""Cooling Tower Make Up Water Volume Flow Rate""",OutputProcessor::Unit::m3_s,this->MakeUpVdot,OutputProcessor::SOVTimeStepType::System,OutputProcessor::SOVStoreType::Average,this->Name
CondenserLoopTowers.cc,"""Cooling Tower Make Up Water Volume""",OutputProcessor::Unit::m3,this->MakeUpVol,OutputProcessor::SOVTimeStepType::System,OutputProcessor::SOVStoreType::Summed,this->Name
CondenserLoopTowers.cc,"""Cooling Tower Storage Tank Water Volume Flow Rate""",OutputProcessor::Unit::m3_s,this->TankSupplyVdot,OutputProcessor::SOVTimeStepType::System,OutputProcessor::SOVStoreType::Average,this->Name
CondenserLoopTowers.cc,"""Cooling Tower Storage Tank Water Volume""",OutputProcessor::Unit::m3,this->TankSupplyVol,OutputProcessor::SOVTimeStepType::System,OutputProcessor::SOVStoreType::Summed,this->Name
CondenserLoopTowers.cc,"""Cooling Tower Starved Storage Tank Water Volume Flow Rate""",OutputProcessor::Unit::m3_s,this->StarvedMakeUpVdot,OutputProcessor::SOVTimeStepType::System,OutputProcessor::SOVStoreType::Average,this->Name
CondenserLoopTowers.cc,"""Cooling Tower Starved Storage Tank Water Volume""",OutputProcessor::Unit::m3,this->StarvedMakeUpVol,OutputProcessor::SOVTimeStepType::System,OutputProcessor::SOVStoreType::Summed,this->Name
CondenserLoopTowers.cc,"""Cooling Tower Make Up Mains Water Volume""",OutputProcessor::Unit::m3,this->StarvedMakeUpVol,OutputProcessor::SOVTimeStepType::System,OutputProcessor::SOVStoreType::Summed,this->Name
CondenserLoopTowers.cc,"""Cooling Tower Make Up Water Volume Flow Rate""",OutputProcessor::Unit::m3_s,this->MakeUpVdot,OutputProcessor::SOVTimeStepType::System,OutputProcessor::SOVStoreType::Average,this->Name
CondenserLoopTowers.cc,"""Cooling Tower Make Up Water Volume""",OutputProcessor::Unit::m3,this->MakeUpVol,OutputProcessor::SOVTimeStepType::System,OutputProcessor::SOVStoreType::Summed,this->Name
CondenserLoopTowers.cc,"""Cooling Tower Make Up Mains Water Volume""",OutputProcessor::Unit::m3,this->MakeUpVol,OutputProcessor::SOVTimeStepType::System,OutputProcessor::SOVStoreType::Summed,this->Name
CondenserLoopTowers.cc,"""Cooling Tower Water Evaporation Volume Flow Rate""",OutputProcessor::Unit::m3_s,this->EvaporationVdot,OutputProcessor::SOVTimeStepType::System,OutputProcessor::SOVStoreType::Average,this->Name
CondenserLoopTowers.cc,"""Cooling Tower Water Evaporation Volume""",OutputProcessor::Unit::m3,this->EvaporationVol,OutputProcessor::SOVTimeStepType::System,OutputProcessor::SOVStoreType::Summed,this->Name
CondenserLoopTowers.cc,"""Cooling Tower Water Drift Volume Flow Rate""",OutputProcessor::Unit::m3_s,this->DriftVdot,OutputProcessor::SOVTimeStepType::System,OutputProcessor::SOVStoreType::Average,this->Name
CondenserLoopTowers.cc,"""Cooling Tower Water Drift Volume""",OutputProcessor::Unit::m3,this->DriftVol,OutputProcessor::SOVTimeStepType::System,OutputProcessor::SOVStoreType::Summed,this->Name
CondenserLoopTowers.cc,"""Cooling Tower Water Blowdown Volume Flow Rate""",OutputProcessor::Unit::m3_s,this->BlowdownVdot,OutputProcessor::SOVTimeStepType::System,OutputProcessor::SOVStoreType::Average,this->Name
CondenserLoopTowers.cc,"""Cooling Tower Water Blowdown Volume""",OutputProcessor::Unit::m3,this->BlowdownVol,OutputProcessor::SOVTimeStepType::System,OutputProcessor::SOVStoreType::Summed,this->Name
BoilerSteam.cc,"""Boiler Heating Rate""",OutputProcessor::Unit::W,this->BoilerLoad,OutputProcessor::SOVTimeStepType::System,OutputProcessor::SOVStoreType::Average,this->Name
BoilerSteam.cc,"""Boiler Heating Energy""",OutputProcessor::Unit::J,this->BoilerEnergy,OutputProcessor::SOVTimeStepType::System,OutputProcessor::SOVStoreType::Summed,this->Name
BoilerSteam.cc,"format(""Boiler {} Rate"", sFuelType)",OutputProcessor::Unit::W,this->FuelUsed,OutputProcessor::SOVTimeStepType::System,OutputProcessor::SOVStoreType::Average,this->Name
BoilerSteam.cc,"format(""Boiler {} Energy"", sFuelType)",OutputProcessor::Unit::J,this->FuelConsumed,OutputProcessor::SOVTimeStepType::System,OutputProcessor::SOVStoreType::Summed,this->Name
BoilerSteam.cc,"""Boiler Steam Efficiency""",OutputProcessor::Unit::None,this->BoilerEff,OutputProcessor::SOVTimeStepType::System,OutputProcessor::SOVStoreType::Average,this->Name
BoilerSteam.cc,"""Boiler Steam Inlet Temperature""",OutputProcessor::Unit::C,this->BoilerInletTemp,OutputProcessor::SOVTimeStepType::System,OutputProcessor::SOVStoreType::Average,this->Name
BoilerSteam.cc,"""Boiler Steam Outlet Temperature""",OutputProcessor::Unit::C,this->BoilerOutletTemp,OutputProcessor::SOVTimeStepType::System,OutputProcessor::SOVStoreType::Average,this->Name
BoilerSteam.cc,"""Boiler Steam Mass Flow Rate""",OutputProcessor::Unit::kg_s,this->BoilerMassFlowRate,OutputProcessor::SOVTimeStepType::System,OutputProcessor::SOVStoreType::Average,this->Name
ZoneContaminantPredictorCorrector.cc,"""Generic Air Contaminant Constant Source Generation Volume Flow Rate""",OutputProcessor::Unit::m3_s,state.dataContaminantBalance->ZoneContamGenericConstant(Loop).GCGenRate,OutputProcessor::SOVTimeStepType::Zone,OutputProcessor::SOVStoreType::Average,state.dataContaminantBalance->ZoneContamGenericConstant(Loop).Name
ZoneContaminantPredictorCorrector.cc,"""Zone Generic Air Contaminant Generation Volume Flow Rate""",OutputProcessor::Unit::m3_s,state.dataHeatBal->ZoneRpt(ZonePtr).GCRate,OutputProcessor::SOVTimeStepType::Zone,OutputProcessor::SOVStoreType::Average,state.dataHeatBal->Zone(ZonePtr).Name
ZoneContaminantPredictorCorrector.cc,"""Generic Air Contaminant Pressure Driven Generation Volume Flow Rate""",OutputProcessor::Unit::m3_s,state.dataContaminantBalance->ZoneContamGenericPDriven(Loop).GCGenRate,OutputProcessor::SOVTimeStepType::Zone,OutputProcessor::SOVStoreType::Average,state.dataContaminantBalance->ZoneContamGenericPDriven(Loop).Name
ZoneContaminantPredictorCorrector.cc,"""Zone Generic Air Contaminant Generation Volume Flow Rate""",OutputProcessor::Unit::m3_s,state.dataHeatBal->ZoneRpt(ZonePtr).GCRate,OutputProcessor::SOVTimeStepType::Zone,OutputProcessor::SOVStoreType::Average,state.dataHeatBal->Zone(ZonePtr).Name
ZoneContaminantPredictorCorrector.cc,"""Generic Air Contaminant Cutoff Model Generation Volume Flow Rate""",OutputProcessor::Unit::m3_s,state.dataContaminantBalance->ZoneContamGenericCutoff(Loop).GCGenRate,OutputProcessor::SOVTimeStepType::Zone,OutputProcessor::SOVStoreType::Average,state.dataContaminantBalance->ZoneContamGenericCutoff(Loop).Name
ZoneContaminantPredictorCorrector.cc,"""Zone Generic Air Contaminant Generation Volume Flow Rate""",OutputProcessor::Unit::m3_s,state.dataHeatBal->ZoneRpt(ZonePtr).GCRate,OutputProcessor::SOVTimeStepType::Zone,OutputProcessor::SOVStoreType::Average,state.dataHeatBal->Zone(ZonePtr).Name
ZoneContaminantPredictorCorrector.cc,"""Generic Air Contaminant Decay Model Generation Volume Flow Rate""",OutputProcessor::Unit::m3_s,state.dataContaminantBalance->ZoneContamGenericDecay(Loop).GCGenRate,OutputProcessor::SOVTimeStepType::Zone,OutputProcessor::SOVStoreType::Average,state.dataContaminantBalance->ZoneContamGenericDecay(Loop).Name
ZoneContaminantPredictorCorrector.cc,"""Generic Air Contaminant Decay Model Generation Emission Start Elapsed Time""",OutputProcessor::Unit::s,state.dataContaminantBalance->ZoneContamGenericDecay(Loop).GCTime,OutputProcessor::SOVTimeStepType::Zone,OutputProcessor::SOVStoreType::Average,state.dataContaminantBalance->ZoneContamGenericDecay(Loop).Name
ZoneContaminantPredictorCorrector.cc,"""Zone Generic Air Contaminant Generation Volume Flow Rate""",OutputProcessor::Unit::m3_s,state.dataHeatBal->ZoneRpt(ZonePtr).GCRate,OutputProcessor::SOVTimeStepType::Zone,OutputProcessor::SOVStoreType::Average,state.dataHeatBal->Zone(ZonePtr).Name
ZoneContaminantPredictorCorrector.cc,"""Generic Air Contaminant Boundary Layer Diffusion Generation Volume Flow Rate""",OutputProcessor::Unit::m3_s,state.dataContaminantBalance->ZoneContamGenericBLDiff(Loop).GCGenRate,OutputProcessor::SOVTimeStepType::Zone,OutputProcessor::SOVStoreType::Average,state.dataContaminantBalance->ZoneContamGenericBLDiff(Loop).Name
ZoneContaminantPredictorCorrector.cc,"""Generic Air Contaminant Boundary Layer Diffusion Inside Face Concentration""",OutputProcessor::Unit::ppm,state.dataSurface->SurfGenericContam(state.dataContaminantBalance->ZoneContamGenericBLDiff(Loop).SurfNum),OutputProcessor::SOVTimeStepType::Zone,OutputProcessor::SOVStoreType::Average,state.dataContaminantBalance->ZoneContamGenericBLDiff(Loop).SurfName
ZoneContaminantPredictorCorrector.cc,"""Zone Generic Air Contaminant Generation Volume Flow Rate""",OutputProcessor::Unit::m3_s,state.dataHeatBal->ZoneRpt(ZonePtr).GCRate,OutputProcessor::SOVTimeStepType::Zone,OutputProcessor::SOVStoreType::Average,state.dataHeatBal->Zone(ZonePtr).Name
ZoneContaminantPredictorCorrector.cc,"""Generic Air Contaminant Deposition Velocity Removal Volume Flow Rate""",OutputProcessor::Unit::m3_s,state.dataContaminantBalance->ZoneContamGenericDVS(Loop).GCGenRate,OutputProcessor::SOVTimeStepType::Zone,OutputProcessor::SOVStoreType::Average,state.dataContaminantBalance->ZoneContamGenericDVS(Loop).Name
ZoneContaminantPredictorCorrector.cc,"""Zone Generic Air Contaminant Generation Volume Flow Rate""",OutputProcessor::Unit::m3_s,state.dataHeatBal->ZoneRpt(ZonePtr).GCRate,OutputProcessor::SOVTimeStepType::Zone,OutputProcessor::SOVStoreType::Average,state.dataHeatBal->Zone(ZonePtr).Name
ZoneContaminantPredictorCorrector.cc,"""Generic Air Contaminant Deposition Rate Removal Volume Flow Rate""",OutputProcessor::Unit::m3_s,state.dataContaminantBalance->ZoneContamGenericDRS(Loop).GCGenRate,OutputProcessor::SOVTimeStepType::Zone,OutputProcessor::SOVStoreType::Average,state.dataContaminantBalance->ZoneContamGenericDRS(Loop).Name
ZoneContaminantPredictorCorrector.cc,"""Zone Generic Air Contaminant Generation Volume Flow Rate""",OutputProcessor::Unit::m3_s,state.dataHeatBal->ZoneRpt(ZonePtr).GCRate,OutputProcessor::SOVTimeStepType::Zone,OutputProcessor::SOVStoreType::Average,state.dataHeatBal->Zone(ZonePtr).Name
ZoneContaminantPredictorCorrector.cc,"""Zone Air CO2 Concentration""",OutputProcessor::Unit::ppm,state.dataContaminantBalance->ZoneAirCO2(Loop),OutputProcessor::SOVTimeStepType::System,OutputProcessor::SOVStoreType::Average,state.dataHeatBal->Zone(Loop).Name
ZoneContaminantPredictorCorrector.cc,"""Zone Air CO2 Predicted Load to Setpoint Mass Flow Rate""",OutputProcessor::Unit::kg_s,state.dataContaminantBalance->CO2PredictedRate(Loop),OutputProcessor::SOVTimeStepType::System,OutputProcessor::SOVStoreType::Average,state.dataHeatBal->Zone(Loop).Name
ZoneContaminantPredictorCorrector.cc,"""Zone Air CO2 Setpoint Concentration""",OutputProcessor::Unit::ppm,state.dataContaminantBalance->ZoneCO2SetPoint(Loop),OutputProcessor::SOVTimeStepType::System,OutputProcessor::SOVStoreType::Average,state.dataHeatBal->Zone(Loop).Name
ZoneContaminantPredictorCorrector.cc,"""Zone Air CO2 Internal Gain Volume Flow Rate""",OutputProcessor::Unit::m3_s,state.dataContaminantBalance->ZoneCO2Gain(Loop),OutputProcessor::SOVTimeStepType::System,OutputProcessor::SOVStoreType::Average,state.dataHeatBal->Zone(Loop).Name
ZoneContaminantPredictorCorrector.cc,"""Zone Air Generic Air Contaminant Concentration""",OutputProcessor::Unit::ppm,state.dataContaminantBalance->ZoneAirGC(Loop),OutputProcessor::SOVTimeStepType::System,OutputProcessor::SOVStoreType::Average,state.dataHeatBal->Zone(Loop).Name
ZoneContaminantPredictorCorrector.cc,"""Zone Generic Air Contaminant Predicted Load to Setpoint Mass Flow Rate""",OutputProcessor::Unit::kg_s,state.dataContaminantBalance->GCPredictedRate(Loop),OutputProcessor::SOVTimeStepType::System,OutputProcessor::SOVStoreType::Average,state.dataHeatBal->Zone(Loop).Name
ZoneContaminantPredictorCorrector.cc,"""Zone Generic Air Contaminant Setpoint Concentration""",OutputProcessor::Unit::ppm,state.dataContaminantBalance->ZoneGCSetPoint(Loop),OutputProcessor::SOVTimeStepType::System,OutputProcessor::SOVStoreType::Average,state.dataHeatBal->Zone(Loop).Name
MixedAir.cc,"""Air System Outdoor Air Economizer Status""",OutputProcessor::Unit::None,loopOAController.EconomizerStatus,OutputProcessor::SOVTimeStepType::System,OutputProcessor::SOVStoreType::Average,airloopName
MixedAir.cc,"""Air System Outdoor Air Heat Recovery Bypass Status""",OutputProcessor::Unit::None,loopOAController.HeatRecoveryBypassStatus,OutputProcessor::SOVTimeStepType::System,OutputProcessor::SOVStoreType::Average,airloopName
MixedAir.cc,"""Air System Outdoor Air Heat Recovery Bypass Heating Coil Activity Status""",OutputProcessor::Unit::None,loopOAController.HRHeatingCoilActive,OutputProcessor::SOVTimeStepType::System,OutputProcessor::SOVStoreType::Average,airloopName
MixedAir.cc,"""Air System Outdoor Air Heat Recovery Bypass Minimum Outdoor Air Mixed Air Temperature""",OutputProcessor::Unit::C,loopOAController.MixedAirTempAtMinOAFlow,OutputProcessor::SOVTimeStepType::System,OutputProcessor::SOVStoreType::Average,airloopName
MixedAir.cc,"""Air System Outdoor Air High Humidity Control Status""",OutputProcessor::Unit::None,loopOAController.HighHumCtrlStatus,OutputProcessor::SOVTimeStepType::System,OutputProcessor::SOVStoreType::Average,airloopName
MixedAir.cc,"""Air System Outdoor Air Limiting Factor""",OutputProcessor::Unit::None,loopOAController.OALimitingFactorReport,OutputProcessor::SOVTimeStepType::System,OutputProcessor::SOVStoreType::Average,airloopName
MixedAir.cc,"""Air System Outdoor Air Flow Fraction""",OutputProcessor::Unit::None,loopOAController.OAFractionRpt,OutputProcessor::SOVTimeStepType::System,OutputProcessor::SOVStoreType::Average,airloopName
MixedAir.cc,"""Air System Outdoor Air Minimum Flow Fraction""",OutputProcessor::Unit::None,loopOAController.MinOAFracLimit,OutputProcessor::SOVTimeStepType::System,OutputProcessor::SOVStoreType::Average,airloopName
MixedAir.cc,"""Air System Outdoor Air Mass Flow Rate""",OutputProcessor::Unit::kg_s,loopOAController.OAMassFlow,OutputProcessor::SOVTimeStepType::System,OutputProcessor::SOVStoreType::Average,airloopName
MixedAir.cc,"""Air System Mixed Air Mass Flow Rate""",OutputProcessor::Unit::kg_s,loopOAController.MixMassFlow,OutputProcessor::SOVTimeStepType::System,OutputProcessor::SOVStoreType::Average,airloopName
MixedAir.cc,"""Air System Relief Air Heat Transfer Rate""",OutputProcessor::Unit::W,loopOAController.RelTotalLossRate,OutputProcessor::SOVTimeStepType::System,OutputProcessor::SOVStoreType::Average,airloopName
MixedAir.cc,"""Air System Relief Air Sensible Heat Transfer Rate""",OutputProcessor::Unit::W,loopOAController.RelSensiLossRate,OutputProcessor::SOVTimeStepType::System,OutputProcessor::SOVStoreType::Average,airloopName
MixedAir.cc,"""Air System Relief Air Latent Heat Transfer Rate""",OutputProcessor::Unit::W,loopOAController.RelLatentLossRate,OutputProcessor::SOVTimeStepType::System,OutputProcessor::SOVStoreType::Average,airloopName
MixedAir.cc,"""Air System Outdoor Air Maximum Flow Fraction""",OutputProcessor::Unit::None,loopOAController.MaxOAFracBySetPoint,OutputProcessor::SOVTimeStepType::System,OutputProcessor::SOVStoreType::Average,airloopName
MixedAir.cc,"""Air System Outdoor Air Mechanical Ventilation Requested Mass Flow Rate""",OutputProcessor::Unit::kg_s,loopOAController.MechVentOAMassFlowRequest,OutputProcessor::SOVTimeStepType::System,OutputProcessor::SOVStoreType::Average,airloopName
HWBaseboardRadiator.cc,"""Baseboard Total Heating Rate""",OutputProcessor::Unit::W,thisHWBaseboard.TotPower,OutputProcessor::SOVTimeStepType::System,OutputProcessor::SOVStoreType::Average,thisHWBaseboard.Name
HWBaseboardRadiator.cc,"""Baseboard Convective Heating Rate""",OutputProcessor::Unit::W,thisHWBaseboard.ConvPower,OutputProcessor::SOVTimeStepType::System,OutputProcessor::SOVStoreType::Average,thisHWBaseboard.Name
HWBaseboardRadiator.cc,"""Baseboard Radiant Heating Rate""",OutputProcessor::Unit::W,thisHWBaseboard.RadPower,OutputProcessor::SOVTimeStepType::System,OutputProcessor::SOVStoreType::Average,thisHWBaseboard.Name
HWBaseboardRadiator.cc,"""Baseboard Total Heating Energy""",OutputProcessor::Unit::J,thisHWBaseboard.TotEnergy,OutputProcessor::SOVTimeStepType::System,OutputProcessor::SOVStoreType::Summed,thisHWBaseboard.Name
HWBaseboardRadiator.cc,"""Baseboard Convective Heating Energy""",OutputProcessor::Unit::J,thisHWBaseboard.ConvEnergy,OutputProcessor::SOVTimeStepType::System,OutputProcessor::SOVStoreType::Summed,thisHWBaseboard.Name
HWBaseboardRadiator.cc,"""Baseboard Radiant Heating Energy""",OutputProcessor::Unit::J,thisHWBaseboard.RadEnergy,OutputProcessor::SOVTimeStepType::System,OutputProcessor::SOVStoreType::Summed,thisHWBaseboard.Name
HWBaseboardRadiator.cc,"""Baseboard Hot Water Energy""",OutputProcessor::Unit::J,thisHWBaseboard.Energy,OutputProcessor::SOVTimeStepType::System,OutputProcessor::SOVStoreType::Summed,thisHWBaseboard.Name
HWBaseboardRadiator.cc,"""Baseboard Hot Water Mass Flow Rate""",OutputProcessor::Unit::kg_s,thisHWBaseboard.WaterMassFlowRate,OutputProcessor::SOVTimeStepType::System,OutputProcessor::SOVStoreType::Average,thisHWBaseboard.Name
HWBaseboardRadiator.cc,"""Baseboard Air Mass Flow Rate""",OutputProcessor::Unit::kg_s,thisHWBaseboard.AirMassFlowRate,OutputProcessor::SOVTimeStepType::System,OutputProcessor::SOVStoreType::Average,thisHWBaseboard.Name
HWBaseboardRadiator.cc,"""Baseboard Air Inlet Temperature""",OutputProcessor::Unit::C,thisHWBaseboard.AirInletTemp,OutputProcessor::SOVTimeStepType::System,OutputProcessor::SOVStoreType::Average,thisHWBaseboard.Name
HWBaseboardRadiator.cc,"""Baseboard Air Outlet Temperature""",OutputProcessor::Unit::C,thisHWBaseboard.AirOutletTemp,OutputProcessor::SOVTimeStepType::System,OutputProcessor::SOVStoreType::Average,thisHWBaseboard.Name
HWBaseboardRadiator.cc,"""Baseboard Water Inlet Temperature""",OutputProcessor::Unit::C,thisHWBaseboard.WaterInletTemp,OutputProcessor::SOVTimeStepType::System,OutputProcessor::SOVStoreType::Average,thisHWBaseboard.Name
HWBaseboardRadiator.cc,"""Baseboard Water Outlet Temperature""",OutputProcessor::Unit::C,thisHWBaseboard.WaterOutletTemp,OutputProcessor::SOVTimeStepType::System,OutputProcessor::SOVStoreType::Average,thisHWBaseboard.Name
SolarCollectors.cc,"""Solar Collector Incident Angle Modifier""",OutputProcessor::Unit::None,this->IncidentAngleModifier,OutputProcessor::SOVTimeStepType::System,OutputProcessor::SOVStoreType::Average,this->Name
SolarCollectors.cc,"""Solar Collector Efficiency""",OutputProcessor::Unit::None,this->Efficiency,OutputProcessor::SOVTimeStepType::System,OutputProcessor::SOVStoreType::Average,this->Name
SolarCollectors.cc,"""Solar Collector Heat Transfer Rate""",OutputProcessor::Unit::W,this->Power,OutputProcessor::SOVTimeStepType::System,OutputProcessor::SOVStoreType::Average,this->Name
SolarCollectors.cc,"""Solar Collector Heat Gain Rate""",OutputProcessor::Unit::W,this->HeatGain,OutputProcessor::SOVTimeStepType::System,OutputProcessor::SOVStoreType::Average,this->Name
SolarCollectors.cc,"""Solar Collector Heat Loss Rate""",OutputProcessor::Unit::W,this->HeatLoss,OutputProcessor::SOVTimeStepType::System,OutputProcessor::SOVStoreType::Average,this->Name
SolarCollectors.cc,"""Solar Collector Heat Transfer Energy""",OutputProcessor::Unit::J,this->Energy,OutputProcessor::SOVTimeStepType::System,OutputProcessor::SOVStoreType::Summed,this->Name
SolarCollectors.cc,"""Solar Collector Transmittance Absorptance Product""",OutputProcessor::Unit::None,this->TauAlpha,OutputProcessor::SOVTimeStepType::System,OutputProcessor::SOVStoreType::Average,this->Name
SolarCollectors.cc,"""Solar Collector Overall Top Heat Loss Coefficient""",OutputProcessor::Unit::W_m2C,this->UTopLoss,OutputProcessor::SOVTimeStepType::System,OutputProcessor::SOVStoreType::Average,this->Name
SolarCollectors.cc,"""Solar Collector Absorber Plate Temperature""",OutputProcessor::Unit::C,this->TempOfAbsPlate,OutputProcessor::SOVTimeStepType::System,OutputProcessor::SOVStoreType::Average,this->Name
SolarCollectors.cc,"""Solar Collector Storage Water Temperature""",OutputProcessor::Unit::C,this->TempOfWater,OutputProcessor::SOVTimeStepType::System,OutputProcessor::SOVStoreType::Average,this->Name
SolarCollectors.cc,"""Solar Collector Thermal Efficiency""",OutputProcessor::Unit::None,this->Efficiency,OutputProcessor::SOVTimeStepType::System,OutputProcessor::SOVStoreType::Average,this->Name
SolarCollectors.cc,"""Solar Collector Storage Heat Transfer Rate""",OutputProcessor::Unit::W,this->StoredHeatRate,OutputProcessor::SOVTimeStepType::System,OutputProcessor::SOVStoreType::Average,this->Name
SolarCollectors.cc,"""Solar Collector Storage Heat Transfer Energy""",OutputProcessor::Unit::J,this->StoredHeatEnergy,OutputProcessor::SOVTimeStepType::System,OutputProcessor::SOVStoreType::Summed,this->Name
SolarCollectors.cc,"""Solar Collector Skin Heat Transfer Rate""",OutputProcessor::Unit::W,this->SkinHeatLossRate,OutputProcessor::SOVTimeStepType::System,OutputProcessor::SOVStoreType::Average,this->Name
SolarCollectors.cc,"""Solar Collector Skin Heat Transfer Energy""",OutputProcessor::Unit::J,this->CollHeatLossEnergy,OutputProcessor::SOVTimeStepType::System,OutputProcessor::SOVStoreType::Summed,this->Name
SolarCollectors.cc,"""Solar Collector Heat Transfer Rate""",OutputProcessor::Unit::W,this->HeatRate,OutputProcessor::SOVTimeStepType::System,OutputProcessor::SOVStoreType::Average,this->Name
SolarCollectors.cc,"""Solar Collector Heat Transfer Energy""",OutputProcessor::Unit::J,this->HeatEnergy,OutputProcessor::SOVTimeStepType::System,OutputProcessor::SOVStoreType::Summed,this->Name
SwimmingPool.cc,"""Indoor Pool Makeup Water Rate""",OutputProcessor::Unit::m3_s,this->MakeUpWaterVolFlowRate,OutputProcessor::SOVTimeStepType::System,OutputProcessor::SOVStoreType::Average,this->Name
SwimmingPool.cc,"""Indoor Pool Makeup Water Volume""",OutputProcessor::Unit::m3,this->MakeUpWaterVol,OutputProcessor::SOVTimeStepType::System,OutputProcessor::SOVStoreType::Summed,this->Name
SwimmingPool.cc,"""Indoor Pool Makeup Water Temperature""",OutputProcessor::Unit::C,this->CurMakeupWaterTemp,OutputProcessor::SOVTimeStepType::System,OutputProcessor::SOVStoreType::Average,this->Name
SwimmingPool.cc,"""Indoor Pool Water Temperature""",OutputProcessor::Unit::C,this->PoolWaterTemp,OutputProcessor::SOVTimeStepType::System,OutputProcessor::SOVStoreType::Average,this->Name
SwimmingPool.cc,"""Indoor Pool Inlet Water Temperature""",OutputProcessor::Unit::C,this->WaterInletTemp,OutputProcessor::SOVTimeStepType::System,OutputProcessor::SOVStoreType::Average,this->Name
SwimmingPool.cc,"""Indoor Pool Inlet Water Mass Flow Rate""",OutputProcessor::Unit::kg_s,this->WaterMassFlowRate,OutputProcessor::SOVTimeStepType::System,OutputProcessor::SOVStoreType::Average,this->Name
SwimmingPool.cc,"""Indoor Pool Miscellaneous Equipment Power""",OutputProcessor::Unit::W,this->MiscEquipPower,OutputProcessor::SOVTimeStepType::System,OutputProcessor::SOVStoreType::Average,this->Name
SwimmingPool.cc,"""Indoor Pool Miscellaneous Equipment Energy""",OutputProcessor::Unit::J,this->MiscEquipEnergy,OutputProcessor::SOVTimeStepType::System,OutputProcessor::SOVStoreType::Summed,this->Name
SwimmingPool.cc,"""Indoor Pool Water Heating Rate""",OutputProcessor::Unit::W,this->HeatPower,OutputProcessor::SOVTimeStepType::System,OutputProcessor::SOVStoreType::Average,this->Name
SwimmingPool.cc,"""Indoor Pool Water Heating Energy""",OutputProcessor::Unit::J,this->HeatEnergy,OutputProcessor::SOVTimeStepType::System,OutputProcessor::SOVStoreType::Summed,this->Name
SwimmingPool.cc,"""Indoor Pool Radiant to Convection by Cover""",OutputProcessor::Unit::W,this->RadConvertToConvect,OutputProcessor::SOVTimeStepType::System,OutputProcessor::SOVStoreType::Average,this->Name
SwimmingPool.cc,"""Indoor Pool People Heat Gain""",OutputProcessor::Unit::W,this->PeopleHeatGain,OutputProcessor::SOVTimeStepType::System,OutputProcessor::SOVStoreType::Average,this->Name
SwimmingPool.cc,"""Indoor Pool Current Activity Factor""",OutputProcessor::Unit::None,this->CurActivityFactor,OutputProcessor::SOVTimeStepType::System,OutputProcessor::SOVStoreType::Average,this->Name
SwimmingPool.cc,"""Indoor Pool Current Cover Factor""",OutputProcessor::Unit::None,this->CurCoverSchedVal,OutputProcessor::SOVTimeStepType::System,OutputProcessor::SOVStoreType::Average,this->Name
SwimmingPool.cc,"""Indoor Pool Evaporative Heat Loss Rate""",OutputProcessor::Unit::W,this->EvapHeatLossRate,OutputProcessor::SOVTimeStepType::System,OutputProcessor::SOVStoreType::Average,this->Name
SwimmingPool.cc,"""Indoor Pool Evaporative Heat Loss Energy""",OutputProcessor::Unit::J,this->EvapEnergyLoss,OutputProcessor::SOVTimeStepType::System,OutputProcessor::SOVStoreType::Summed,this->Name
SwimmingPool.cc,"""Indoor Pool Saturation Pressure at Pool Temperature""",OutputProcessor::Unit::Pa,this->SatPressPoolWaterTemp,OutputProcessor::SOVTimeStepType::System,OutputProcessor::SOVStoreType::Average,this->Name
SwimmingPool.cc,"""Indoor Pool Partial Pressure of Water Vapor in Air""",OutputProcessor::Unit::Pa,this->PartPressZoneAirTemp,OutputProcessor::SOVTimeStepType::System,OutputProcessor::SOVStoreType::Average,this->Name
SwimmingPool.cc,"""Indoor Pool Current Cover Evaporation Factor""",OutputProcessor::Unit::None,this->CurCoverEvapFac,OutputProcessor::SOVTimeStepType::System,OutputProcessor::SOVStoreType::Average,this->Name
SwimmingPool.cc,"""Indoor Pool Current Cover Convective Factor""",OutputProcessor::Unit::None,this->CurCoverConvFac,OutputProcessor::SOVTimeStepType::System,OutputProcessor::SOVStoreType::Average,this->Name
SwimmingPool.cc,"""Indoor Pool Current Cover SW Radiation Factor""",OutputProcessor::Unit::None,this->CurCoverSWRadFac,OutputProcessor::SOVTimeStepType::System,OutputProcessor::SOVStoreType::Average,this->Name
SwimmingPool.cc,"""Indoor Pool Current Cover LW Radiation Factor""",OutputProcessor::Unit::None,this->CurCoverLWRadFac,OutputProcessor::SOVTimeStepType::System,OutputProcessor::SOVStoreType::Average,this->Name
PackagedThermalStorageCoil.cc,"""Cooling Coil Operating Mode Index""",OutputProcessor::Unit::None,thisTESCoil.curControlModeReport,OutputProcessor::SOVTimeStepType::System,OutputProcessor::SOVStoreType::Average,thisTESCoil.Name
PackagedThermalStorageCoil.cc,"""Cooling Coil Total Cooling Rate""",OutputProcessor::Unit::W,thisTESCoil.EvapTotCoolingRate,OutputProcessor::SOVTimeStepType::System,OutputProcessor::SOVStoreType::Average,thisTESCoil.Name
PackagedThermalStorageCoil.cc,"""Cooling Coil Total Cooling Energy""",OutputProcessor::Unit::J,thisTESCoil.EvapTotCoolingEnergy,OutputProcessor::SOVTimeStepType::System,OutputProcessor::SOVStoreType::Summed,thisTESCoil.Name
PackagedThermalStorageCoil.cc,"""Cooling Coil Sensible Cooling Rate""",OutputProcessor::Unit::W,thisTESCoil.EvapSensCoolingRate,OutputProcessor::SOVTimeStepType::System,OutputProcessor::SOVStoreType::Average,thisTESCoil.Name
PackagedThermalStorageCoil.cc,"""Cooling Coil Sensible Cooling Energy""",OutputProcessor::Unit::J,thisTESCoil.EvapSensCoolingEnergy,OutputProcessor::SOVTimeStepType::System,OutputProcessor::SOVStoreType::Summed,thisTESCoil.Name
PackagedThermalStorageCoil.cc,"""Cooling Coil Latent Cooling Rate""",OutputProcessor::Unit::W,thisTESCoil.EvapLatCoolingRate,OutputProcessor::SOVTimeStepType::System,OutputProcessor::SOVStoreType::Average,thisTESCoil.Name
PackagedThermalStorageCoil.cc,"""Cooling Coil Latent Cooling Energy""",OutputProcessor::Unit::J,thisTESCoil.EvapLatCoolingEnergy,OutputProcessor::SOVTimeStepType::System,OutputProcessor::SOVStoreType::Summed,thisTESCoil.Name
PackagedThermalStorageCoil.cc,"""Cooling Coil Electricity Rate""",OutputProcessor::Unit::W,thisTESCoil.ElecCoolingPower,OutputProcessor::SOVTimeStepType::System,OutputProcessor::SOVStoreType::Average,thisTESCoil.Name
PackagedThermalStorageCoil.cc,"""Cooling Coil Electricity Energy""",OutputProcessor::Unit::J,thisTESCoil.ElecCoolingEnergy,OutputProcessor::SOVTimeStepType::System,OutputProcessor::SOVStoreType::Summed,thisTESCoil.Name
PackagedThermalStorageCoil.cc,"""Cooling Coil Runtime Fraction""",OutputProcessor::Unit::None,thisTESCoil.RuntimeFraction,OutputProcessor::SOVTimeStepType::System,OutputProcessor::SOVStoreType::Average,thisTESCoil.Name
PackagedThermalStorageCoil.cc,"""Cooling Coil Cold Weather Protection Electricity Energy""",OutputProcessor::Unit::J,thisTESCoil.ElectColdWeatherEnergy,OutputProcessor::SOVTimeStepType::System,OutputProcessor::SOVStoreType::Summed,thisTESCoil.Name
PackagedThermalStorageCoil.cc,"""Cooling Coil Cold Weather Protection Electricity Rate""",OutputProcessor::Unit::W,thisTESCoil.ElectColdWeatherPower,OutputProcessor::SOVTimeStepType::System,OutputProcessor::SOVStoreType::Average,thisTESCoil.Name
PackagedThermalStorageCoil.cc,"""Cooling Coil Thermal Storage Mechanical Heat Transfer Rate""",OutputProcessor::Unit::W,thisTESCoil.QdotTES,OutputProcessor::SOVTimeStepType::System,OutputProcessor::SOVStoreType::Average,thisTESCoil.Name
PackagedThermalStorageCoil.cc,"""Cooling Coil Thermal Storage Mechanical Heat Transfer Energy""",OutputProcessor::Unit::J,thisTESCoil.Q_TES,OutputProcessor::SOVTimeStepType::System,OutputProcessor::SOVStoreType::Summed,thisTESCoil.Name
PackagedThermalStorageCoil.cc,"""Cooling Coil Thermal Storage Ambient Heat Transfer Rate""",OutputProcessor::Unit::W,thisTESCoil.QdotAmbient,OutputProcessor::SOVTimeStepType::System,OutputProcessor::SOVStoreType::Average,thisTESCoil.Name
PackagedThermalStorageCoil.cc,"""Cooling Coil Thermal Storage Ambient Heat Transfer Energy""",OutputProcessor::Unit::J,thisTESCoil.Q_Ambient,OutputProcessor::SOVTimeStepType::System,OutputProcessor::SOVStoreType::Summed,thisTESCoil.Name
PackagedThermalStorageCoil.cc,"""Cooling Coil Thermal Storage Plant Heat Transfer Rate""",OutputProcessor::Unit::W,thisTESCoil.QdotPlant,OutputProcessor::SOVTimeStepType::System,OutputProcessor::SOVStoreType::Average,thisTESCoil.Name
PackagedThermalStorageCoil.cc,"""Cooling Coil Thermal Storage Plant Heat Transfer Energy""",OutputProcessor::Unit::J,thisTESCoil.Q_Plant,OutputProcessor::SOVTimeStepType::System,OutputProcessor::SOVStoreType::Summed,thisTESCoil.Name
PackagedThermalStorageCoil.cc,"""Cooling Coil Condenser Inlet Temperature""",OutputProcessor::Unit::C,thisTESCoil.CondInletTemp,OutputProcessor::SOVTimeStepType::System,OutputProcessor::SOVStoreType::Average,thisTESCoil.Name
PackagedThermalStorageCoil.cc,"""Cooling Coil Evaporative Condenser Water Volume""",OutputProcessor::Unit::m3,thisTESCoil.EvapWaterConsump,OutputProcessor::SOVTimeStepType::System,OutputProcessor::SOVStoreType::Summed,thisTESCoil.Name
PackagedThermalStorageCoil.cc,"""Cooling Coil Evaporative Condenser Mains Supply Water Volume""",OutputProcessor::Unit::m3,thisTESCoil.EvapWaterConsump,OutputProcessor::SOVTimeStepType::System,OutputProcessor::SOVStoreType::Summed,thisTESCoil.Name
PackagedThermalStorageCoil.cc,"""Cooling Coil Evaporative Condenser Storage Tank Water Volume""",OutputProcessor::Unit::m3,thisTESCoil.EvapWaterConsump,OutputProcessor::SOVTimeStepType::System,OutputProcessor::SOVStoreType::Summed,thisTESCoil.Name
PackagedThermalStorageCoil.cc,"""Cooling Coil Evaporative Condenser Starved Water Volume""",OutputProcessor::Unit::m3,thisTESCoil.EvapWaterStarvMakup,OutputProcessor::SOVTimeStepType::System,OutputProcessor::SOVStoreType::Summed,thisTESCoil.Name
PackagedThermalStorageCoil.cc,"""Cooling Coil Evaporative Condenser Starved Mains Water Volume""",OutputProcessor::Unit::m3,thisTESCoil.EvapWaterStarvMakup,OutputProcessor::SOVTimeStepType::System,OutputProcessor::SOVStoreType::Summed,thisTESCoil.Name
PackagedThermalStorageCoil.cc,"""Cooling Coil Evaporative Condenser Pump Electricity Rate""",OutputProcessor::Unit::W,thisTESCoil.EvapCondPumpElecPower,OutputProcessor::SOVTimeStepType::System,OutputProcessor::SOVStoreType::Average,thisTESCoil.Name
PackagedThermalStorageCoil.cc,"""Cooling Coil Evaporative Condenser Pump Electricity Energy""",OutputProcessor::Unit::J,thisTESCoil.EvapCondPumpElecConsumption,OutputProcessor::SOVTimeStepType::System,OutputProcessor::SOVStoreType::Summed,thisTESCoil.Name
PackagedThermalStorageCoil.cc,"""Cooling Coil Basin Heater Electricity Rate""",OutputProcessor::Unit::W,thisTESCoil.ElectEvapCondBasinHeaterPower,OutputProcessor::SOVTimeStepType::System,OutputProcessor::SOVStoreType::Average,thisTESCoil.Name
PackagedThermalStorageCoil.cc,"""Cooling Coil Basin Heater Electricity Energy""",OutputProcessor::Unit::J,thisTESCoil.ElectEvapCondBasinHeaterEnergy,OutputProcessor::SOVTimeStepType::System,OutputProcessor::SOVStoreType::Summed,thisTESCoil.Name
PackagedThermalStorageCoil.cc,"""Cooling Coil Fluid Thermal Storage End Temperature""",OutputProcessor::Unit::C,thisTESCoil.FluidTankTempFinal,OutputProcessor::SOVTimeStepType::System,OutputProcessor::SOVStoreType::Average,thisTESCoil.Name
PackagedThermalStorageCoil.cc,"""Cooling Coil Ice Thermal Storage End Fraction""",OutputProcessor::Unit::None,thisTESCoil.IceFracRemain,OutputProcessor::SOVTimeStepType::System,OutputProcessor::SOVStoreType::Average,thisTESCoil.Name
PlantPipingSystemsManager.cc,"""Pipe Segment Inlet Temperature""",OutputProcessor::Unit::C,thisSegment.InletTemperature,OutputProcessor::SOVTimeStepType::Plant,OutputProcessor::SOVStoreType::Average,thisSegment.Name
PlantPipingSystemsManager.cc,"""Pipe Segment Outlet Temperature""",OutputProcessor::Unit::C,thisSegment.OutletTemperature,OutputProcessor::SOVTimeStepType::Plant,OutputProcessor::SOVStoreType::Average,thisSegment.Name
PlantPipingSystemsManager.cc,"""Pipe Segment Fluid Heat Transfer Rate""",OutputProcessor::Unit::W,thisSegment.FluidHeatLoss,OutputProcessor::SOVTimeStepType::Plant,OutputProcessor::SOVStoreType::Average,thisSegment.Name
PlantPipingSystemsManager.cc,"""Pipe Circuit Mass Flow Rate""",OutputProcessor::Unit::kg_s,thisCircuit.CurCircuitFlowRate,OutputProcessor::SOVTimeStepType::Plant,OutputProcessor::SOVStoreType::Average,thisCircuit.Name
PlantPipingSystemsManager.cc,"""Pipe Circuit Inlet Temperature""",OutputProcessor::Unit::C,thisCircuit.InletTemperature,OutputProcessor::SOVTimeStepType::Plant,OutputProcessor::SOVStoreType::Average,thisCircuit.Name
PlantPipingSystemsManager.cc,"""Pipe Circuit Outlet Temperature""",OutputProcessor::Unit::C,thisCircuit.OutletTemperature,OutputProcessor::SOVTimeStepType::Plant,OutputProcessor::SOVStoreType::Average,thisCircuit.Name
PlantPipingSystemsManager.cc,"""Pipe Circuit Fluid Heat Transfer Rate""",OutputProcessor::Unit::W,thisCircuit.FluidHeatLoss,OutputProcessor::SOVTimeStepType::Plant,OutputProcessor::SOVStoreType::Average,thisCircuit.Name
PlantPipingSystemsManager.cc,"""Ground Heat Exchanger Mass Flow Rate""",OutputProcessor::Unit::kg_s,thisCircuit.CurCircuitFlowRate,OutputProcessor::SOVTimeStepType::Plant,OutputProcessor::SOVStoreType::Average,thisCircuit.Name
PlantPipingSystemsManager.cc,"""Ground Heat Exchanger Inlet Temperature""",OutputProcessor::Unit::C,thisCircuit.InletTemperature,OutputProcessor::SOVTimeStepType::Plant,OutputProcessor::SOVStoreType::Average,thisCircuit.Name
PlantPipingSystemsManager.cc,"""Ground Heat Exchanger Outlet Temperature""",OutputProcessor::Unit::C,thisCircuit.OutletTemperature,OutputProcessor::SOVTimeStepType::Plant,OutputProcessor::SOVStoreType::Average,thisCircuit.Name
PlantPipingSystemsManager.cc,"""Ground Heat Exchanger Fluid Heat Transfer Rate""",OutputProcessor::Unit::W,thisCircuit.FluidHeatLoss,OutputProcessor::SOVTimeStepType::Plant,OutputProcessor::SOVStoreType::Average,thisCircuit.Name
PlantPipingSystemsManager.cc,"""GroundDomain Slab Zone Coupled Surface Heat Flux""",OutputProcessor::Unit::W_m2,this->HeatFlux,OutputProcessor::SOVTimeStepType::Zone,OutputProcessor::SOVStoreType::Average,this->Name
PlantPipingSystemsManager.cc,"""GroundDomain Slab Zone Coupled Surface Temperature""",OutputProcessor::Unit::C,this->ZoneCoupledSurfaceTemp,OutputProcessor::SOVTimeStepType::Zone,OutputProcessor::SOVStoreType::Average,this->Name
PlantPipingSystemsManager.cc,"""GroundDomain Basement Wall Interface Heat Flux""",OutputProcessor::Unit::W_m2,this->WallHeatFlux,OutputProcessor::SOVTimeStepType::Zone,OutputProcessor::SOVStoreType::Average,this->Name
PlantPipingSystemsManager.cc,"""GroundDomain Basement Wall Interface Temperature""",OutputProcessor::Unit::C,this->BasementWallTemp,OutputProcessor::SOVTimeStepType::Zone,OutputProcessor::SOVStoreType::Average,this->Name
PlantPipingSystemsManager.cc,"""GroundDomain Basement Floor Interface Heat Flux""",OutputProcessor::Unit::W_m2,this->FloorHeatFlux,OutputProcessor::SOVTimeStepType::Zone,OutputProcessor::SOVStoreType::Average,this->Name
PlantPipingSystemsManager.cc,"""GroundDomain Basement Floor Interface Temperature""",OutputProcessor::Unit::C,this->BasementFloorTemp,OutputProcessor::SOVTimeStepType::Zone,OutputProcessor::SOVStoreType::Average,this->Name
PollutionModule.cc,"""Environmental Impact NaturalGas Source Energy""",OutputProcessor::Unit::J,Pollution.NatGasComp.Source,OutputProcessor::SOVTimeStepType::System,OutputProcessor::SOVStoreType::Summed,"""Site"""
PollutionModule.cc,"""Environmental Impact NaturalGas CO2 Emissions Mass""",OutputProcessor::Unit::kg,Pollution.NatGasComp.CO2Pollution,OutputProcessor::SOVTimeStepType::System,OutputProcessor::SOVStoreType::Summed,"""Site"""
PollutionModule.cc,"""Environmental Impact NaturalGas CO Emissions Mass""",OutputProcessor::Unit::kg,Pollution.NatGasComp.COPollution,OutputProcessor::SOVTimeStepType::System,OutputProcessor::SOVStoreType::Summed,"""Site"""
PollutionModule.cc,"""Environmental Impact NaturalGas CH4 Emissions Mass""",OutputProcessor::Unit::kg,Pollution.NatGasComp.CH4Pollution,OutputProcessor::SOVTimeStepType::System,OutputProcessor::SOVStoreType::Summed,"""Site"""
PollutionModule.cc,"""Environmental Impact NaturalGas NOx Emissions Mass""",OutputProcessor::Unit::kg,Pollution.NatGasComp.NOxPollution,OutputProcessor::SOVTimeStepType::System,OutputProcessor::SOVStoreType::Summed,"""Site"""
PollutionModule.cc,"""Environmental Impact NaturalGas N2O Emissions Mass""",OutputProcessor::Unit::kg,Pollution.NatGasComp.N2OPollution,OutputProcessor::SOVTimeStepType::System,OutputProcessor::SOVStoreType::Summed,"""Site"""
PollutionModule.cc,"""Environmental Impact NaturalGas SO2 Emissions Mass""",OutputProcessor::Unit::kg,Pollution.NatGasComp.SO2Pollution,OutputProcessor::SOVTimeStepType::System,OutputProcessor::SOVStoreType::Summed,"""Site"""
PollutionModule.cc,"""Environmental Impact NaturalGas PM Emissions Mass""",OutputProcessor::Unit::kg,Pollution.NatGasComp.PMPollution,OutputProcessor::SOVTimeStepType::System,OutputProcessor::SOVStoreType::Summed,"""Site"""
PollutionModule.cc,"""Environmental Impact NaturalGas PM10 Emissions Mass""",OutputProcessor::Unit::kg,Pollution.NatGasComp.PM10Pollution,OutputProcessor::SOVTimeStepType::System,OutputProcessor::SOVStoreType::Summed,"""Site"""
PollutionModule.cc,"""Environmental Impact NaturalGas PM2.5 Emissions Mass""",OutputProcessor::Unit::kg,Pollution.NatGasComp.PM25Pollution,OutputProcessor::SOVTimeStepType::System,OutputProcessor::SOVStoreType::Summed,"""Site"""
PollutionModule.cc,"""Environmental Impact NaturalGas NH3 Emissions Mass""",OutputProcessor::Unit::kg,Pollution.NatGasComp.NH3Pollution,OutputProcessor::SOVTimeStepType::System,OutputProcessor::SOVStoreType::Summed,"""Site"""
PollutionModule.cc,"""Environmental Impact NaturalGas NMVOC Emissions Mass""",OutputProcessor::Unit::kg,Pollution.NatGasComp.NMVOCPollution,OutputProcessor::SOVTimeStepType::System,OutputProcessor::SOVStoreType::Summed,"""Site"""
PollutionModule.cc,"""Environmental Impact NaturalGas Hg Emissions Mass""",OutputProcessor::Unit::kg,Pollution.NatGasComp.HgPollution,OutputProcessor::SOVTimeStepType::System,OutputProcessor::SOVStoreType::Summed,"""Site"""
PollutionModule.cc,"""Environmental Impact NaturalGas Pb Emissions Mass""",OutputProcessor::Unit::kg,Pollution.NatGasComp.PbPollution,OutputProcessor::SOVTimeStepType::System,OutputProcessor::SOVStoreType::Summed,"""Site"""
PollutionModule.cc,"""Environmental Impact NaturalGas Water Consumption Volume""",OutputProcessor::Unit::L,Pollution.NatGasComp.WaterPollution,OutputProcessor::SOVTimeStepType::System,OutputProcessor::SOVStoreType::Summed,"""Site"""
PollutionModule.cc,"""Environmental Impact NaturalGas Nuclear High Level Waste Mass""",OutputProcessor::Unit::kg,Pollution.NatGasComp.NucHiPollution,OutputProcessor::SOVTimeStepType::System,OutputProcessor::SOVStoreType::Summed,"""Site"""
PollutionModule.cc,"""Environmental Impact NaturalGas Nuclear Low Level Waste Volume""",OutputProcessor::Unit::m3,Pollution.NatGasComp.NucLoPollution,OutputProcessor::SOVTimeStepType::System,OutputProcessor::SOVStoreType::Summed,"""Site"""
PollutionModule.cc,"""Environmental Impact FuelOilNo2 Source Energy""",OutputProcessor::Unit::J,Pollution.FuelOil2Comp.Source,OutputProcessor::SOVTimeStepType::System,OutputProcessor::SOVStoreType::Summed,"""Site"""
PollutionModule.cc,"""Environmental Impact FuelOilNo2 CO2 Emissions Mass""",OutputProcessor::Unit::kg,Pollution.FuelOil2Comp.CO2Pollution,OutputProcessor::SOVTimeStepType::System,OutputProcessor::SOVStoreType::Summed,"""Site"""
PollutionModule.cc,"""Environmental Impact FuelOilNo2 CO Emissions Mass""",OutputProcessor::Unit::kg,Pollution.FuelOil2Comp.COPollution,OutputProcessor::SOVTimeStepType::System,OutputProcessor::SOVStoreType::Summed,"""Site"""
PollutionModule.cc,"""Environmental Impact FuelOilNo2 CH4 Emissions Mass""",OutputProcessor::Unit::kg,Pollution.FuelOil2Comp.CH4Pollution,OutputProcessor::SOVTimeStepType::System,OutputProcessor::SOVStoreType::Summed,"""Site"""
PollutionModule.cc,"""Environmental Impact FuelOilNo2 NOx Emissions Mass""",OutputProcessor::Unit::kg,Pollution.FuelOil2Comp.NOxPollution,OutputProcessor::SOVTimeStepType::System,OutputProcessor::SOVStoreType::Summed,"""Site"""
PollutionModule.cc,"""Environmental Impact FuelOilNo2 N2O Emissions Mass""",OutputProcessor::Unit::kg,Pollution.FuelOil2Comp.N2OPollution,OutputProcessor::SOVTimeStepType::System,OutputProcessor::SOVStoreType::Summed,"""Site"""
PollutionModule.cc,"""Environmental Impact FuelOilNo2 SO2 Emissions Mass""",OutputProcessor::Unit::kg,Pollution.FuelOil2Comp.SO2Pollution,OutputProcessor::SOVTimeStepType::System,OutputProcessor::SOVStoreType::Summed,"""Site"""
PollutionModule.cc,"""Environmental Impact FuelOilNo2 PM Emissions Mass""",OutputProcessor::Unit::kg,Pollution.FuelOil2Comp.PMPollution,OutputProcessor::SOVTimeStepType::System,OutputProcessor::SOVStoreType::Summed,"""Site"""
PollutionModule.cc,"""Environmental Impact FuelOilNo2 PM10 Emissions Mass""",OutputProcessor::Unit::kg,Pollution.FuelOil2Comp.PM10Pollution,OutputProcessor::SOVTimeStepType::System,OutputProcessor::SOVStoreType::Summed,"""Site"""
PollutionModule.cc,"""Environmental Impact FuelOilNo2 PM2.5 Emissions Mass""",OutputProcessor::Unit::kg,Pollution.FuelOil2Comp.PM25Pollution,OutputProcessor::SOVTimeStepType::System,OutputProcessor::SOVStoreType::Summed,"""Site"""
PollutionModule.cc,"""Environmental Impact FuelOilNo2 NH3 Emissions Mass""",OutputProcessor::Unit::kg,Pollution.FuelOil2Comp.NH3Pollution,OutputProcessor::SOVTimeStepType::System,OutputProcessor::SOVStoreType::Summed,"""Site"""
PollutionModule.cc,"""Environmental Impact FuelOilNo2 NMVOC Emissions Mass""",OutputProcessor::Unit::kg,Pollution.FuelOil2Comp.NMVOCPollution,OutputProcessor::SOVTimeStepType::System,OutputProcessor::SOVStoreType::Summed,"""Site"""
PollutionModule.cc,"""Environmental Impact FuelOilNo2 Hg Emissions Mass""",OutputProcessor::Unit::kg,Pollution.FuelOil2Comp.HgPollution,OutputProcessor::SOVTimeStepType::System,OutputProcessor::SOVStoreType::Summed,"""Site"""
PollutionModule.cc,"""Environmental Impact FuelOilNo2 Pb Emissions Mass""",OutputProcessor::Unit::kg,Pollution.FuelOil2Comp.PbPollution,OutputProcessor::SOVTimeStepType::System,OutputProcessor::SOVStoreType::Summed,"""Site"""
PollutionModule.cc,"""Environmental Impact FuelOilNo2 Water Consumption Volume""",OutputProcessor::Unit::L,Pollution.FuelOil2Comp.WaterPollution,OutputProcessor::SOVTimeStepType::System,OutputProcessor::SOVStoreType::Summed,"""Site"""
PollutionModule.cc,"""Environmental Impact FuelOilNo2 Nuclear High Level Waste Mass""",OutputProcessor::Unit::kg,Pollution.FuelOil2Comp.NucHiPollution,OutputProcessor::SOVTimeStepType::System,OutputProcessor::SOVStoreType::Summed,"""Site"""
PollutionModule.cc,"""Environmental Impact FuelOilNo2 Nuclear Low Level Waste Volume""",OutputProcessor::Unit::m3,Pollution.FuelOil2Comp.NucLoPollution,OutputProcessor::SOVTimeStepType::System,OutputProcessor::SOVStoreType::Summed,"""Site"""
PollutionModule.cc,"""Environmental Impact FuelOilNo1 Source Energy""",OutputProcessor::Unit::J,Pollution.FuelOil1Comp.Source,OutputProcessor::SOVTimeStepType::System,OutputProcessor::SOVStoreType::Summed,"""Site"""
PollutionModule.cc,"""Environmental Impact FuelOilNo1 CO2 Emissions Mass""",OutputProcessor::Unit::kg,Pollution.FuelOil1Comp.CO2Pollution,OutputProcessor::SOVTimeStepType::System,OutputProcessor::SOVStoreType::Summed,"""Site"""
PollutionModule.cc,"""Environmental Impact FuelOilNo1 CO Emissions Mass""",OutputProcessor::Unit::kg,Pollution.FuelOil1Comp.COPollution,OutputProcessor::SOVTimeStepType::System,OutputProcessor::SOVStoreType::Summed,"""Site"""
PollutionModule.cc,"""Environmental Impact FuelOilNo1 CH4 Emissions Mass""",OutputProcessor::Unit::kg,Pollution.FuelOil1Comp.CH4Pollution,OutputProcessor::SOVTimeStepType::System,OutputProcessor::SOVStoreType::Summed,"""Site"""
PollutionModule.cc,"""Environmental Impact FuelOilNo1 NOx Emissions Mass""",OutputProcessor::Unit::kg,Pollution.FuelOil1Comp.NOxPollution,OutputProcessor::SOVTimeStepType::System,OutputProcessor::SOVStoreType::Summed,"""Site"""
PollutionModule.cc,"""Environmental Impact FuelOilNo1 N2O Emissions Mass""",OutputProcessor::Unit::kg,Pollution.FuelOil1Comp.N2OPollution,OutputProcessor::SOVTimeStepType::System,OutputProcessor::SOVStoreType::Summed,"""Site"""
PollutionModule.cc,"""Environmental Impact FuelOilNo1 SO2 Emissions Mass""",OutputProcessor::Unit::kg,Pollution.FuelOil1Comp.SO2Pollution,OutputProcessor::SOVTimeStepType::System,OutputProcessor::SOVStoreType::Summed,"""Site"""
PollutionModule.cc,"""Environmental Impact FuelOilNo1 PM Emissions Mass""",OutputProcessor::Unit::kg,Pollution.FuelOil1Comp.PMPollution,OutputProcessor::SOVTimeStepType::System,OutputProcessor::SOVStoreType::Summed,"""Site"""
PollutionModule.cc,"""Environmental Impact FuelOilNo1 PM10 Emissions Mass""",OutputProcessor::Unit::kg,Pollution.FuelOil1Comp.PM10Pollution,OutputProcessor::SOVTimeStepType::System,OutputProcessor::SOVStoreType::Summed,"""Site"""
PollutionModule.cc,"""Environmental Impact FuelOilNo1 PM2.5 Emissions Mass""",OutputProcessor::Unit::kg,Pollution.FuelOil1Comp.PM25Pollution,OutputProcessor::SOVTimeStepType::System,OutputProcessor::SOVStoreType::Summed,"""Site"""
PollutionModule.cc,"""Environmental Impact FuelOilNo1 NH3 Emissions Mass""",OutputProcessor::Unit::kg,Pollution.FuelOil1Comp.NH3Pollution,OutputProcessor::SOVTimeStepType::System,OutputProcessor::SOVStoreType::Summed,"""Site"""
PollutionModule.cc,"""Environmental Impact FuelOilNo1 NMVOC Emissions Mass""",OutputProcessor::Unit::kg,Pollution.FuelOil1Comp.NMVOCPollution,OutputProcessor::SOVTimeStepType::System,OutputProcessor::SOVStoreType::Summed,"""Site"""
PollutionModule.cc,"""Environmental Impact FuelOilNo1 Hg Emissions Mass""",OutputProcessor::Unit::kg,Pollution.FuelOil1Comp.HgPollution,OutputProcessor::SOVTimeStepType::System,OutputProcessor::SOVStoreType::Summed,"""Site"""
PollutionModule.cc,"""Environmental Impact FuelOilNo1 Pb Emissions Mass""",OutputProcessor::Unit::kg,Pollution.FuelOil1Comp.PbPollution,OutputProcessor::SOVTimeStepType::System,OutputProcessor::SOVStoreType::Summed,"""Site"""
PollutionModule.cc,"""Environmental Impact FuelOilNo1 Water Consumption Volume""",OutputProcessor::Unit::L,Pollution.FuelOil1Comp.WaterPollution,OutputProcessor::SOVTimeStepType::System,OutputProcessor::SOVStoreType::Summed,"""Site"""
PollutionModule.cc,"""Environmental Impact FuelOilNo1 Nuclear High Level Waste Mass""",OutputProcessor::Unit::kg,Pollution.FuelOil1Comp.NucHiPollution,OutputProcessor::SOVTimeStepType::System,OutputProcessor::SOVStoreType::Summed,"""Site"""
PollutionModule.cc,"""Environmental Impact FuelOilNo1 Nuclear Low Level Waste Volume""",OutputProcessor::Unit::m3,Pollution.FuelOil1Comp.NucLoPollution,OutputProcessor::SOVTimeStepType::System,OutputProcessor::SOVStoreType::Summed,"""Site"""
PollutionModule.cc,"""Environmental Impact Coal Source Energy""",OutputProcessor::Unit::J,Pollution.CoalComp.Source,OutputProcessor::SOVTimeStepType::System,OutputProcessor::SOVStoreType::Summed,"""Site"""
PollutionModule.cc,"""Environmental Impact Coal CO2 Emissions Mass""",OutputProcessor::Unit::kg,Pollution.CoalComp.CO2Pollution,OutputProcessor::SOVTimeStepType::System,OutputProcessor::SOVStoreType::Summed,"""Site"""
PollutionModule.cc,"""Environmental Impact Coal CO Emissions Mass""",OutputProcessor::Unit::kg,Pollution.CoalComp.COPollution,OutputProcessor::SOVTimeStepType::System,OutputProcessor::SOVStoreType::Summed,"""Site"""
PollutionModule.cc,"""Environmental Impact Coal CH4 Emissions Mass""",OutputProcessor::Unit::kg,Pollution.CoalComp.CH4Pollution,OutputProcessor::SOVTimeStepType::System,OutputProcessor::SOVStoreType::Summed,"""Site"""
PollutionModule.cc,"""Environmental Impact Coal NOx Emissions Mass""",OutputProcessor::Unit::kg,Pollution.CoalComp.NOxPollution,OutputProcessor::SOVTimeStepType::System,OutputProcessor::SOVStoreType::Summed,"""Site"""
PollutionModule.cc,"""Environmental Impact Coal N2O Emissions Mass""",OutputProcessor::Unit::kg,Pollution.CoalComp.N2OPollution,OutputProcessor::SOVTimeStepType::System,OutputProcessor::SOVStoreType::Summed,"""Site"""
PollutionModule.cc,"""Environmental Impact Coal SO2 Emissions Mass""",OutputProcessor::Unit::kg,Pollution.CoalComp.SO2Pollution,OutputProcessor::SOVTimeStepType::System,OutputProcessor::SOVStoreType::Summed,"""Site"""
PollutionModule.cc,"""Environmental Impact Coal PM Emissions Mass""",OutputProcessor::Unit::kg,Pollution.CoalComp.PMPollution,OutputProcessor::SOVTimeStepType::System,OutputProcessor::SOVStoreType::Summed,"""Site"""
PollutionModule.cc,"""Environmental Impact Coal PM10 Emissions Mass""",OutputProcessor::Unit::kg,Pollution.CoalComp.PM10Pollution,OutputProcessor::SOVTimeStepType::System,OutputProcessor::SOVStoreType::Summed,"""Site"""
PollutionModule.cc,"""Environmental Impact Coal PM2.5 Emissions Mass""",OutputProcessor::Unit::kg,Pollution.CoalComp.PM25Pollution,OutputProcessor::SOVTimeStepType::System,OutputProcessor::SOVStoreType::Summed,"""Site"""
PollutionModule.cc,"""Environmental Impact Coal NH3 Emissions Mass""",OutputProcessor::Unit::kg,Pollution.CoalComp.NH3Pollution,OutputProcessor::SOVTimeStepType::System,OutputProcessor::SOVStoreType::Summed,"""Site"""
PollutionModule.cc,"""Environmental Impact Coal NMVOC Emissions Mass""",OutputProcessor::Unit::kg,Pollution.CoalComp.NMVOCPollution,OutputProcessor::SOVTimeStepType::System,OutputProcessor::SOVStoreType::Summed,"""Site"""
PollutionModule.cc,"""Environmental Impact Coal Hg Emissions Mass""",OutputProcessor::Unit::kg,Pollution.CoalComp.HgPollution,OutputProcessor::SOVTimeStepType::System,OutputProcessor::SOVStoreType::Summed,"""Site"""
PollutionModule.cc,"""Environmental Impact Coal Pb Emissions Mass""",OutputProcessor::Unit::kg,Pollution.CoalComp.PbPollution,OutputProcessor::SOVTimeStepType::System,OutputProcessor::SOVStoreType::Summed,"""Site"""
PollutionModule.cc,"""Environmental Impact Coal Water Consumption Volume""",OutputProcessor::Unit::L,Pollution.CoalComp.WaterPollution,OutputProcessor::SOVTimeStepType::System,OutputProcessor::SOVStoreType::Summed,"""Site"""
PollutionModule.cc,"""Environmental Impact Coal Nuclear High Level Waste Mass""",OutputProcessor::Unit::kg,Pollution.CoalComp.NucHiPollution,OutputProcessor::SOVTimeStepType::System,OutputProcessor::SOVStoreType::Summed,"""Site"""
PollutionModule.cc,"""Environmental Impact Coal Nuclear Low Level Waste Volume""",OutputProcessor::Unit::m3,Pollution.CoalComp.NucLoPollution,OutputProcessor::SOVTimeStepType::System,OutputProcessor::SOVStoreType::Summed,"""Site"""
PollutionModule.cc,"""Environmental Impact Electricity Source Energy""",OutputProcessor::Unit::J,Pollution.ElecComp.Source,OutputProcessor::SOVTimeStepType::System,OutputProcessor::SOVStoreType::Summed,"""Site"""
PollutionModule.cc,"""Environmental Impact Electricity CO2 Emissions Mass""",OutputProcessor::Unit::kg,Pollution.ElecComp.CO2Pollution,OutputProcessor::SOVTimeStepType::System,OutputProcessor::SOVStoreType::Summed,"""Site"""
PollutionModule.cc,"""Environmental Impact Electricity CO Emissions Mass""",OutputProcessor::Unit::kg,Pollution.ElecComp.COPollution,OutputProcessor::SOVTimeStepType::System,OutputProcessor::SOVStoreType::Summed,"""Site"""
PollutionModule.cc,"""Environmental Impact Electricity CH4 Emissions Mass""",OutputProcessor::Unit::kg,Pollution.ElecComp.CH4Pollution,OutputProcessor::SOVTimeStepType::System,OutputProcessor::SOVStoreType::Summed,"""Site"""
PollutionModule.cc,"""Environmental Impact Electricity NOx Emissions Mass""",OutputProcessor::Unit::kg,Pollution.ElecComp.NOxPollution,OutputProcessor::SOVTimeStepType::System,OutputProcessor::SOVStoreType::Summed,"""Site"""
PollutionModule.cc,"""Environmental Impact Electricity N2O Emissions Mass""",OutputProcessor::Unit::kg,Pollution.ElecComp.N2OPollution,OutputProcessor::SOVTimeStepType::System,OutputProcessor::SOVStoreType::Summed,"""Site"""
PollutionModule.cc,"""Environmental Impact Electricity SO2 Emissions Mass""",OutputProcessor::Unit::kg,Pollution.ElecComp.SO2Pollution,OutputProcessor::SOVTimeStepType::System,OutputProcessor::SOVStoreType::Summed,"""Site"""
PollutionModule.cc,"""Environmental Impact Electricity PM Emissions Mass""",OutputProcessor::Unit::kg,Pollution.ElecComp.PMPollution,OutputProcessor::SOVTimeStepType::System,OutputProcessor::SOVStoreType::Summed,"""Site"""
PollutionModule.cc,"""Environmental Impact Electricity PM10 Emissions Mass""",OutputProcessor::Unit::kg,Pollution.ElecComp.PM10Pollution,OutputProcessor::SOVTimeStepType::System,OutputProcessor::SOVStoreType::Summed,"""Site"""
PollutionModule.cc,"""Environmental Impact Electricity PM2.5 Emissions Mass""",OutputProcessor::Unit::kg,Pollution.ElecComp.PM25Pollution,OutputProcessor::SOVTimeStepType::System,OutputProcessor::SOVStoreType::Summed,"""Site"""
PollutionModule.cc,"""Environmental Impact Electricity NH3 Emissions Mass""",OutputProcessor::Unit::kg,Pollution.ElecComp.NH3Pollution,OutputProcessor::SOVTimeStepType::System,OutputProcessor::SOVStoreType::Summed,"""Site"""
PollutionModule.cc,"""Environmental Impact Electricity NMVOC Emissions Mass""",OutputProcessor::Unit::kg,Pollution.ElecComp.NMVOCPollution,OutputProcessor::SOVTimeStepType::System,OutputProcessor::SOVStoreType::Summed,"""Site"""
PollutionModule.cc,"""Environmental Impact Electricity Hg Emissions Mass""",OutputProcessor::Unit::kg,Pollution.ElecComp.HgPollution,OutputProcessor::SOVTimeStepType::System,OutputProcessor::SOVStoreType::Summed,"""Site"""
PollutionModule.cc,"""Environmental Impact Electricity Pb Emissions Mass""",OutputProcessor::Unit::kg,Pollution.ElecComp.PbPollution,OutputProcessor::SOVTimeStepType::System,OutputProcessor::SOVStoreType::Summed,"""Site"""
PollutionModule.cc,"""Environmental Impact Electricity Water Consumption Volume""",OutputProcessor::Unit::L,Pollution.ElecComp.WaterPollution,OutputProcessor::SOVTimeStepType::System,OutputProcessor::SOVStoreType::Summed,"""Site"""
PollutionModule.cc,"""Environmental Impact Electricity Nuclear High Level Waste Mass""",OutputProcessor::Unit::kg,Pollution.ElecComp.NucHiPollution,OutputProcessor::SOVTimeStepType::System,OutputProcessor::SOVStoreType::Summed,"""Site"""
PollutionModule.cc,"""Environmental Impact Electricity Nuclear Low Level Waste Volume""",OutputProcessor::Unit::m3,Pollution.ElecComp.NucLoPollution,OutputProcessor::SOVTimeStepType::System,OutputProcessor::SOVStoreType::Summed,"""Site"""
PollutionModule.cc,"""Environmental Impact Purchased Electricity Source Energy""",OutputProcessor::Unit::J,Pollution.ElecPurchComp.Source,OutputProcessor::SOVTimeStepType::System,OutputProcessor::SOVStoreType::Summed,"""Site"""
PollutionModule.cc,"""Environmental Impact Surplus Sold Electricity Source""",OutputProcessor::Unit::J,Pollution.ElecSurplusSoldComp.Source,OutputProcessor::SOVTimeStepType::System,OutputProcessor::SOVStoreType::Summed,"""Site"""
PollutionModule.cc,"""Environmental Impact Gasoline Source Energy""",OutputProcessor::Unit::J,Pollution.GasolineComp.Source,OutputProcessor::SOVTimeStepType::System,OutputProcessor::SOVStoreType::Summed,"""Site"""
PollutionModule.cc,"""Environmental Impact Gasoline CO2 Emissions Mass""",OutputProcessor::Unit::kg,Pollution.GasolineComp.CO2Pollution,OutputProcessor::SOVTimeStepType::System,OutputProcessor::SOVStoreType::Summed,"""Site"""
PollutionModule.cc,"""Environmental Impact Gasoline CO Emissions Mass""",OutputProcessor::Unit::kg,Pollution.GasolineComp.COPollution,OutputProcessor::SOVTimeStepType::System,OutputProcessor::SOVStoreType::Summed,"""Site"""
PollutionModule.cc,"""Environmental Impact Gasoline CH4 Emissions Mass""",OutputProcessor::Unit::kg,Pollution.GasolineComp.CH4Pollution,OutputProcessor::SOVTimeStepType::System,OutputProcessor::SOVStoreType::Summed,"""Site"""
PollutionModule.cc,"""Environmental Impact Gasoline NOx Emissions Mass""",OutputProcessor::Unit::kg,Pollution.GasolineComp.NOxPollution,OutputProcessor::SOVTimeStepType::System,OutputProcessor::SOVStoreType::Summed,"""Site"""
PollutionModule.cc,"""Environmental Impact Gasoline N2O Emissions Mass""",OutputProcessor::Unit::kg,Pollution.GasolineComp.N2OPollution,OutputProcessor::SOVTimeStepType::System,OutputProcessor::SOVStoreType::Summed,"""Site"""
PollutionModule.cc,"""Environmental Impact Gasoline SO2 Emissions Mass""",OutputProcessor::Unit::kg,Pollution.GasolineComp.SO2Pollution,OutputProcessor::SOVTimeStepType::System,OutputProcessor::SOVStoreType::Summed,"""Site"""
PollutionModule.cc,"""Environmental Impact Gasoline PM Emissions Mass""",OutputProcessor::Unit::kg,Pollution.GasolineComp.PMPollution,OutputProcessor::SOVTimeStepType::System,OutputProcessor::SOVStoreType::Summed,"""Site"""
PollutionModule.cc,"""Environmental Impact Gasoline PM10 Emissions Mass""",OutputProcessor::Unit::kg,Pollution.GasolineComp.PM10Pollution,OutputProcessor::SOVTimeStepType::System,OutputProcessor::SOVStoreType::Summed,"""Site"""
PollutionModule.cc,"""Environmental Impact Gasoline PM2.5 Emissions Mass""",OutputProcessor::Unit::kg,Pollution.GasolineComp.PM25Pollution,OutputProcessor::SOVTimeStepType::System,OutputProcessor::SOVStoreType::Summed,"""Site"""
PollutionModule.cc,"""Environmental Impact Gasoline NH3 Emissions Mass""",OutputProcessor::Unit::kg,Pollution.GasolineComp.NH3Pollution,OutputProcessor::SOVTimeStepType::System,OutputProcessor::SOVStoreType::Summed,"""Site"""
PollutionModule.cc,"""Environmental Impact Gasoline NMVOC Emissions Mass""",OutputProcessor::Unit::kg,Pollution.GasolineComp.NMVOCPollution,OutputProcessor::SOVTimeStepType::System,OutputProcessor::SOVStoreType::Summed,"""Site"""
PollutionModule.cc,"""Environmental Impact Gasoline Hg Emissions Mass""",OutputProcessor::Unit::kg,Pollution.GasolineComp.HgPollution,OutputProcessor::SOVTimeStepType::System,OutputProcessor::SOVStoreType::Summed,"""Site"""
PollutionModule.cc,"""Environmental Impact Gasoline Pb Emissions Mass""",OutputProcessor::Unit::kg,Pollution.GasolineComp.PbPollution,OutputProcessor::SOVTimeStepType::System,OutputProcessor::SOVStoreType::Summed,"""Site"""
PollutionModule.cc,"""Environmental Impact Gasoline Water Consumption Volume""",OutputProcessor::Unit::L,Pollution.GasolineComp.WaterPollution,OutputProcessor::SOVTimeStepType::System,OutputProcessor::SOVStoreType::Summed,"""Site"""
PollutionModule.cc,"""Environmental Impact Gasoline Nuclear High Level Waste Mass""",OutputProcessor::Unit::kg,Pollution.GasolineComp.NucHiPollution,OutputProcessor::SOVTimeStepType::System,OutputProcessor::SOVStoreType::Summed,"""Site"""
PollutionModule.cc,"""Environmental Impact Gasoline Nuclear Low Level Waste Volume""",OutputProcessor::Unit::m3,Pollution.GasolineComp.NucLoPollution,OutputProcessor::SOVTimeStepType::System,OutputProcessor::SOVStoreType::Summed,"""Site"""
PollutionModule.cc,"""Environmental Impact Propane Source Energy""",OutputProcessor::Unit::J,Pollution.PropaneComp.Source,OutputProcessor::SOVTimeStepType::System,OutputProcessor::SOVStoreType::Summed,"""Site"""
PollutionModule.cc,"""Environmental Impact Propane CO2 Emissions Mass""",OutputProcessor::Unit::kg,Pollution.PropaneComp.CO2Pollution,OutputProcessor::SOVTimeStepType::System,OutputProcessor::SOVStoreType::Summed,"""Site"""
PollutionModule.cc,"""Environmental Impact Propane CO Emissions Mass""",OutputProcessor::Unit::kg,Pollution.PropaneComp.COPollution,OutputProcessor::SOVTimeStepType::System,OutputProcessor::SOVStoreType::Summed,"""Site"""
PollutionModule.cc,"""Environmental Impact Propane CH4 Emissions Mass""",OutputProcessor::Unit::kg,Pollution.PropaneComp.CH4Pollution,OutputProcessor::SOVTimeStepType::System,OutputProcessor::SOVStoreType::Summed,"""Site"""
PollutionModule.cc,"""Environmental Impact Propane NOx Emissions Mass""",OutputProcessor::Unit::kg,Pollution.PropaneComp.NOxPollution,OutputProcessor::SOVTimeStepType::System,OutputProcessor::SOVStoreType::Summed,"""Site"""
PollutionModule.cc,"""Environmental Impact Propane N2O Emissions Mass""",OutputProcessor::Unit::kg,Pollution.PropaneComp.N2OPollution,OutputProcessor::SOVTimeStepType::System,OutputProcessor::SOVStoreType::Summed,"""Site"""
PollutionModule.cc,"""Environmental Impact Propane SO2 Emissions Mass""",OutputProcessor::Unit::kg,Pollution.PropaneComp.SO2Pollution,OutputProcessor::SOVTimeStepType::System,OutputProcessor::SOVStoreType::Summed,"""Site"""
PollutionModule.cc,"""Environmental Impact Propane PM Emissions Mass""",OutputProcessor::Unit::kg,Pollution.PropaneComp.PMPollution,OutputProcessor::SOVTimeStepType::System,OutputProcessor::SOVStoreType::Summed,"""Site"""
PollutionModule.cc,"""Environmental Impact Propane PM10 Emissions Mass""",OutputProcessor::Unit::kg,Pollution.PropaneComp.PM10Pollution,OutputProcessor::SOVTimeStepType::System,OutputProcessor::SOVStoreType::Summed,"""Site"""
PollutionModule.cc,"""Environmental Impact Propane PM2.5 Emissions Mass""",OutputProcessor::Unit::kg,Pollution.PropaneComp.PM25Pollution,OutputProcessor::SOVTimeStepType::System,OutputProcessor::SOVStoreType::Summed,"""Site"""
PollutionModule.cc,"""Environmental Impact Propane NH3 Emissions Mass""",OutputProcessor::Unit::kg,Pollution.PropaneComp.NH3Pollution,OutputProcessor::SOVTimeStepType::System,OutputProcessor::SOVStoreType::Summed,"""Site"""
PollutionModule.cc,"""Environmental Impact Propane NMVOC Emissions Mass""",OutputProcessor::Unit::kg,Pollution.PropaneComp.NMVOCPollution,OutputProcessor::SOVTimeStepType::System,OutputProcessor::SOVStoreType::Summed,"""Site"""
PollutionModule.cc,"""Environmental Impact Propane Hg Emissions Mass""",OutputProcessor::Unit::kg,Pollution.PropaneComp.HgPollution,OutputProcessor::SOVTimeStepType::System,OutputProcessor::SOVStoreType::Summed,"""Site"""
PollutionModule.cc,"""Environmental Impact Propane Pb Emissions Mass""",OutputProcessor::Unit::kg,Pollution.PropaneComp.PbPollution,OutputProcessor::SOVTimeStepType::System,OutputProcessor::SOVStoreType::Summed,"""Site"""
PollutionModule.cc,"""Environmental Impact Propane Water Consumption Volume""",OutputProcessor::Unit::L,Pollution.PropaneComp.WaterPollution,OutputProcessor::SOVTimeStepType::System,OutputProcessor::SOVStoreType::Summed,"""Site"""
PollutionModule.cc,"""Environmental Impact Propane Nuclear High Level Waste Mass""",OutputProcessor::Unit::kg,Pollution.PropaneComp.NucHiPollution,OutputProcessor::SOVTimeStepType::System,OutputProcessor::SOVStoreType::Summed,"""Site"""
PollutionModule.cc,"""Environmental Impact Propane Nuclear Low Level Waste Volume""",OutputProcessor::Unit::m3,Pollution.PropaneComp.NucLoPollution,OutputProcessor::SOVTimeStepType::System,OutputProcessor::SOVStoreType::Summed,"""Site"""
PollutionModule.cc,"""Environmental Impact Diesel Source Energy""",OutputProcessor::Unit::J,Pollution.DieselComp.Source,OutputProcessor::SOVTimeStepType::System,OutputProcessor::SOVStoreType::Summed,"""Site"""
PollutionModule.cc,"""Environmental Impact Diesel CO2 Emissions Mass""",OutputProcessor::Unit::kg,Pollution.DieselComp.CO2Pollution,OutputProcessor::SOVTimeStepType::System,OutputProcessor::SOVStoreType::Summed,"""Site"""
PollutionModule.cc,"""Environmental Impact Diesel CO Emissions Mass""",OutputProcessor::Unit::kg,Pollution.DieselComp.COPollution,OutputProcessor::SOVTimeStepType::System,OutputProcessor::SOVStoreType::Summed,"""Site"""
PollutionModule.cc,"""Environmental Impact Diesel CH4 Emissions Mass""",OutputProcessor::Unit::kg,Pollution.DieselComp.CH4Pollution,OutputProcessor::SOVTimeStepType::System,OutputProcessor::SOVStoreType::Summed,"""Site"""
PollutionModule.cc,"""Environmental Impact Diesel NOx Emissions Mass""",OutputProcessor::Unit::kg,Pollution.DieselComp.NOxPollution,OutputProcessor::SOVTimeStepType::System,OutputProcessor::SOVStoreType::Summed,"""Site"""
PollutionModule.cc,"""Environmental Impact Diesel N2O Emissions Mass""",OutputProcessor::Unit::kg,Pollution.DieselComp.N2OPollution,OutputProcessor::SOVTimeStepType::System,OutputProcessor::SOVStoreType::Summed,"""Site"""
PollutionModule.cc,"""Environmental Impact Diesel SO2 Emissions Mass""",OutputProcessor::Unit::kg,Pollution.DieselComp.SO2Pollution,OutputProcessor::SOVTimeStepType::System,OutputProcessor::SOVStoreType::Summed,"""Site"""
PollutionModule.cc,"""Environmental Impact Diesel PM Emissions Mass""",OutputProcessor::Unit::kg,Pollution.DieselComp.PMPollution,OutputProcessor::SOVTimeStepType::System,OutputProcessor::SOVStoreType::Summed,"""Site"""
PollutionModule.cc,"""Environmental Impact Diesel PM10 Emissions Mass""",OutputProcessor::Unit::kg,Pollution.DieselComp.PM10Pollution,OutputProcessor::SOVTimeStepType::System,OutputProcessor::SOVStoreType::Summed,"""Site"""
PollutionModule.cc,"""Environmental Impact Diesel PM2.5 Emissions Mass""",OutputProcessor::Unit::kg,Pollution.DieselComp.PM25Pollution,OutputProcessor::SOVTimeStepType::System,OutputProcessor::SOVStoreType::Summed,"""Site"""
PollutionModule.cc,"""Environmental Impact Diesel NH3 Emissions Mass""",OutputProcessor::Unit::kg,Pollution.DieselComp.NH3Pollution,OutputProcessor::SOVTimeStepType::System,OutputProcessor::SOVStoreType::Summed,"""Site"""
PollutionModule.cc,"""Environmental Impact Diesel NMVOC Emissions Mass""",OutputProcessor::Unit::kg,Pollution.DieselComp.NMVOCPollution,OutputProcessor::SOVTimeStepType::System,OutputProcessor::SOVStoreType::Summed,"""Site"""
PollutionModule.cc,"""Environmental Impact Diesel Hg Emissions Mass""",OutputProcessor::Unit::kg,Pollution.DieselComp.HgPollution,OutputProcessor::SOVTimeStepType::System,OutputProcessor::SOVStoreType::Summed,"""Site"""
PollutionModule.cc,"""Environmental Impact Diesel Pb Emissions Mass""",OutputProcessor::Unit::kg,Pollution.DieselComp.PbPollution,OutputProcessor::SOVTimeStepType::System,OutputProcessor::SOVStoreType::Summed,"""Site"""
PollutionModule.cc,"""Environmental Impact Diesel Water Consumption Volume""",OutputProcessor::Unit::L,Pollution.DieselComp.WaterPollution,OutputProcessor::SOVTimeStepType::System,OutputProcessor::SOVStoreType::Summed,"""Site"""
PollutionModule.cc,"""Environmental Impact Diesel Nuclear High Level Waste Mass""",OutputProcessor::Unit::kg,Pollution.DieselComp.NucHiPollution,OutputProcessor::SOVTimeStepType::System,OutputProcessor::SOVStoreType::Summed,"""Site"""
PollutionModule.cc,"""Environmental Impact Diesel Nuclear Low Level Waste Volume""",OutputProcessor::Unit::m3,Pollution.DieselComp.NucLoPollution,OutputProcessor::SOVTimeStepType::System,OutputProcessor::SOVStoreType::Summed,"""Site"""
PollutionModule.cc,"""Environmental Impact OtherFuel1 Source Energy""",OutputProcessor::Unit::J,Pollution.OtherFuel1Comp.Source,OutputProcessor::SOVTimeStepType::System,OutputProcessor::SOVStoreType::Summed,"""Site"""
PollutionModule.cc,"""Environmental Impact OtherFuel1 CO2 Emissions Mass""",OutputProcessor::Unit::kg,Pollution.OtherFuel1Comp.CO2Pollution,OutputProcessor::SOVTimeStepType::System,OutputProcessor::SOVStoreType::Summed,"""Site"""
PollutionModule.cc,"""Environmental Impact OtherFuel1 CO Emissions Mass""",OutputProcessor::Unit::kg,Pollution.OtherFuel1Comp.COPollution,OutputProcessor::SOVTimeStepType::System,OutputProcessor::SOVStoreType::Summed,"""Site"""
PollutionModule.cc,"""Environmental Impact OtherFuel1 CH4 Emissions Mass""",OutputProcessor::Unit::kg,Pollution.OtherFuel1Comp.CH4Pollution,OutputProcessor::SOVTimeStepType::System,OutputProcessor::SOVStoreType::Summed,"""Site"""
PollutionModule.cc,"""Environmental Impact OtherFuel1 NOx Emissions Mass""",OutputProcessor::Unit::kg,Pollution.OtherFuel1Comp.NOxPollution,OutputProcessor::SOVTimeStepType::System,OutputProcessor::SOVStoreType::Summed,"""Site"""
PollutionModule.cc,"""Environmental Impact OtherFuel1 N2O Emissions Mass""",OutputProcessor::Unit::kg,Pollution.OtherFuel1Comp.N2OPollution,OutputProcessor::SOVTimeStepType::System,OutputProcessor::SOVStoreType::Summed,"""Site"""
PollutionModule.cc,"""Environmental Impact OtherFuel1 SO2 Emissions Mass""",OutputProcessor::Unit::kg,Pollution.OtherFuel1Comp.SO2Pollution,OutputProcessor::SOVTimeStepType::System,OutputProcessor::SOVStoreType::Summed,"""Site"""
PollutionModule.cc,"""Environmental Impact OtherFuel1 PM Emissions Mass""",OutputProcessor::Unit::kg,Pollution.OtherFuel1Comp.PMPollution,OutputProcessor::SOVTimeStepType::System,OutputProcessor::SOVStoreType::Summed,"""Site"""
PollutionModule.cc,"""Environmental Impact OtherFuel1 PM10 Emissions Mass""",OutputProcessor::Unit::kg,Pollution.OtherFuel1Comp.PM10Pollution,OutputProcessor::SOVTimeStepType::System,OutputProcessor::SOVStoreType::Summed,"""Site"""
PollutionModule.cc,"""Environmental Impact OtherFuel1 PM2.5 Emissions Mass""",OutputProcessor::Unit::kg,Pollution.OtherFuel1Comp.PM25Pollution,OutputProcessor::SOVTimeStepType::System,OutputProcessor::SOVStoreType::Summed,"""Site"""
PollutionModule.cc,"""Environmental Impact OtherFuel1 NH3 Emissions Mass""",OutputProcessor::Unit::kg,Pollution.OtherFuel1Comp.NH3Pollution,OutputProcessor::SOVTimeStepType::System,OutputProcessor::SOVStoreType::Summed,"""Site"""
PollutionModule.cc,"""Environmental Impact OtherFuel1 NMVOC Emissions Mass""",OutputProcessor::Unit::kg,Pollution.OtherFuel1Comp.NMVOCPollution,OutputProcessor::SOVTimeStepType::System,OutputProcessor::SOVStoreType::Summed,"""Site"""
PollutionModule.cc,"""Environmental Impact OtherFuel1 Hg Emissions Mass""",OutputProcessor::Unit::kg,Pollution.OtherFuel1Comp.HgPollution,OutputProcessor::SOVTimeStepType::System,OutputProcessor::SOVStoreType::Summed,"""Site"""
PollutionModule.cc,"""Environmental Impact OtherFuel1 Pb Emissions Mass""",OutputProcessor::Unit::kg,Pollution.OtherFuel1Comp.PbPollution,OutputProcessor::SOVTimeStepType::System,OutputProcessor::SOVStoreType::Summed,"""Site"""
PollutionModule.cc,"""Environmental Impact OtherFuel1 Water Consumption Volume""",OutputProcessor::Unit::L,Pollution.OtherFuel1Comp.WaterPollution,OutputProcessor::SOVTimeStepType::System,OutputProcessor::SOVStoreType::Summed,"""Site"""
PollutionModule.cc,"""Environmental Impact OtherFuel1 Nuclear High Level Waste Mass""",OutputProcessor::Unit::kg,Pollution.OtherFuel1Comp.NucHiPollution,OutputProcessor::SOVTimeStepType::System,OutputProcessor::SOVStoreType::Summed,"""Site"""
PollutionModule.cc,"""Environmental Impact OtherFuel1 Nuclear Low Level Waste Volume""",OutputProcessor::Unit::m3,Pollution.OtherFuel1Comp.NucLoPollution,OutputProcessor::SOVTimeStepType::System,OutputProcessor::SOVStoreType::Summed,"""Site"""
PollutionModule.cc,"""Environmental Impact OtherFuel2 Source Energy""",OutputProcessor::Unit::J,Pollution.OtherFuel2Comp.Source,OutputProcessor::SOVTimeStepType::System,OutputProcessor::SOVStoreType::Summed,"""Site"""
PollutionModule.cc,"""Environmental Impact OtherFuel2 CO2 Emissions Mass""",OutputProcessor::Unit::kg,Pollution.OtherFuel2Comp.CO2Pollution,OutputProcessor::SOVTimeStepType::System,OutputProcessor::SOVStoreType::Summed,"""Site"""
PollutionModule.cc,"""Environmental Impact OtherFuel2 CO Emissions Mass""",OutputProcessor::Unit::kg,Pollution.OtherFuel2Comp.COPollution,OutputProcessor::SOVTimeStepType::System,OutputProcessor::SOVStoreType::Summed,"""Site"""
PollutionModule.cc,"""Environmental Impact OtherFuel2 CH4 Emissions Mass""",OutputProcessor::Unit::kg,Pollution.OtherFuel2Comp.CH4Pollution,OutputProcessor::SOVTimeStepType::System,OutputProcessor::SOVStoreType::Summed,"""Site"""
PollutionModule.cc,"""Environmental Impact OtherFuel2 NOx Emissions Mass""",OutputProcessor::Unit::kg,Pollution.OtherFuel2Comp.NOxPollution,OutputProcessor::SOVTimeStepType::System,OutputProcessor::SOVStoreType::Summed,"""Site"""
PollutionModule.cc,"""Environmental Impact OtherFuel2 N2O Emissions Mass""",OutputProcessor::Unit::kg,Pollution.OtherFuel2Comp.N2OPollution,OutputProcessor::SOVTimeStepType::System,OutputProcessor::SOVStoreType::Summed,"""Site"""
PollutionModule.cc,"""Environmental Impact OtherFuel2 SO2 Emissions Mass""",OutputProcessor::Unit::kg,Pollution.OtherFuel2Comp.SO2Pollution,OutputProcessor::SOVTimeStepType::System,OutputProcessor::SOVStoreType::Summed,"""Site"""
PollutionModule.cc,"""Environmental Impact OtherFuel2 PM Emissions Mass""",OutputProcessor::Unit::kg,Pollution.OtherFuel2Comp.PMPollution,OutputProcessor::SOVTimeStepType::System,OutputProcessor::SOVStoreType::Summed,"""Site"""
PollutionModule.cc,"""Environmental Impact OtherFuel2 PM10 Emissions Mass""",OutputProcessor::Unit::kg,Pollution.OtherFuel2Comp.PM10Pollution,OutputProcessor::SOVTimeStepType::System,OutputProcessor::SOVStoreType::Summed,"""Site"""
PollutionModule.cc,"""Environmental Impact OtherFuel2 PM2.5 Emissions Mass""",OutputProcessor::Unit::kg,Pollution.OtherFuel2Comp.PM25Pollution,OutputProcessor::SOVTimeStepType::System,OutputProcessor::SOVStoreType::Summed,"""Site"""
PollutionModule.cc,"""Environmental Impact OtherFuel2 NH3 Emissions Mass""",OutputProcessor::Unit::kg,Pollution.OtherFuel2Comp.NH3Pollution,OutputProcessor::SOVTimeStepType::System,OutputProcessor::SOVStoreType::Summed,"""Site"""
PollutionModule.cc,"""Environmental Impact OtherFuel2 NMVOC Emissions Mass""",OutputProcessor::Unit::kg,Pollution.OtherFuel2Comp.NMVOCPollution,OutputProcessor::SOVTimeStepType::System,OutputProcessor::SOVStoreType::Summed,"""Site"""
PollutionModule.cc,"""Environmental Impact OtherFuel2 Hg Emissions Mass""",OutputProcessor::Unit::kg,Pollution.OtherFuel2Comp.HgPollution,OutputProcessor::SOVTimeStepType::System,OutputProcessor::SOVStoreType::Summed,"""Site"""
PollutionModule.cc,"""Environmental Impact OtherFuel2 Pb Emissions Mass""",OutputProcessor::Unit::kg,Pollution.OtherFuel2Comp.PbPollution,OutputProcessor::SOVTimeStepType::System,OutputProcessor::SOVStoreType::Summed,"""Site"""
PollutionModule.cc,"""Environmental Impact OtherFuel2 Water Consumption Volume""",OutputProcessor::Unit::L,Pollution.OtherFuel2Comp.WaterPollution,OutputProcessor::SOVTimeStepType::System,OutputProcessor::SOVStoreType::Summed,"""Site"""
PollutionModule.cc,"""Environmental Impact OtherFuel2 Nuclear High Level Waste Mass""",OutputProcessor::Unit::kg,Pollution.OtherFuel2Comp.NucHiPollution,OutputProcessor::SOVTimeStepType::System,OutputProcessor::SOVStoreType::Summed,"""Site"""
PollutionModule.cc,"""Environmental Impact OtherFuel2 Nuclear Low Level Waste Volume""",OutputProcessor::Unit::m3,Pollution.OtherFuel2Comp.NucLoPollution,OutputProcessor::SOVTimeStepType::System,OutputProcessor::SOVStoreType::Summed,"""Site"""
PollutionModule.cc,"""Environmental Impact Total N2O Emissions Carbon Equivalent Mass""",OutputProcessor::Unit::kg,Pollution.TotCarbonEquivFromN2O,OutputProcessor::SOVTimeStepType::System,OutputProcessor::SOVStoreType::Summed,"""Site"""
PollutionModule.cc,"""Environmental Impact Total CH4 Emissions Carbon Equivalent Mass""",OutputProcessor::Unit::kg,Pollution.TotCarbonEquivFromCH4,OutputProcessor::SOVTimeStepType::System,OutputProcessor::SOVStoreType::Summed,"""Site"""
PollutionModule.cc,"""Environmental Impact Total CO2 Emissions Carbon Equivalent Mass""",OutputProcessor::Unit::kg,Pollution.TotCarbonEquivFromCO2,OutputProcessor::SOVTimeStepType::System,OutputProcessor::SOVStoreType::Summed,"""Site"""
MundtSimMgr.cc,"""Room Air Node Air Temperature""",OutputProcessor::Unit::C,"state.dataMundtSimMgr->LineNode(NodeNum, MundtZoneIndex).Temp",OutputProcessor::SOVTimeStepType::HVAC,OutputProcessor::SOVStoreType::Average,"state.dataMundtSimMgr->LineNode(NodeNum, MundtZoneIndex).AirNodeName"
WindTurbine.cc,"""Generator Produced AC Electricity Rate""",OutputProcessor::Unit::W,windTurbine.Power,OutputProcessor::SOVTimeStepType::System,OutputProcessor::SOVStoreType::Average,windTurbine.Name
WindTurbine.cc,"""Generator Produced AC Electricity Energy""",OutputProcessor::Unit::J,windTurbine.Energy,OutputProcessor::SOVTimeStepType::System,OutputProcessor::SOVStoreType::Summed,windTurbine.Name
WindTurbine.cc,"""Generator Turbine Local Wind Speed""",OutputProcessor::Unit::m_s,windTurbine.LocalWindSpeed,OutputProcessor::SOVTimeStepType::System,OutputProcessor::SOVStoreType::Average,windTurbine.Name
WindTurbine.cc,"""Generator Turbine Local Air Density""",OutputProcessor::Unit::kg_m3,windTurbine.LocalAirDensity,OutputProcessor::SOVTimeStepType::System,OutputProcessor::SOVStoreType::Average,windTurbine.Name
WindTurbine.cc,"""Generator Turbine Tip Speed Ratio""",OutputProcessor::Unit::None,windTurbine.TipSpeedRatio,OutputProcessor::SOVTimeStepType::System,OutputProcessor::SOVStoreType::Average,windTurbine.Name
WindTurbine.cc,"""Generator Turbine Power Coefficient""",OutputProcessor::Unit::None,windTurbine.PowerCoeff,OutputProcessor::SOVTimeStepType::System,OutputProcessor::SOVStoreType::Average,windTurbine.Name
WindTurbine.cc,"""Generator Turbine Chordal Component Velocity""",OutputProcessor::Unit::m_s,windTurbine.ChordalVel,OutputProcessor::SOVTimeStepType::System,OutputProcessor::SOVStoreType::Average,windTurbine.Name
WindTurbine.cc,"""Generator Turbine Normal Component Velocity""",OutputProcessor::Unit::m_s,windTurbine.NormalVel,OutputProcessor::SOVTimeStepType::System,OutputProcessor::SOVStoreType::Average,windTurbine.Name
WindTurbine.cc,"""Generator Turbine Relative Flow Velocity""",OutputProcessor::Unit::m_s,windTurbine.RelFlowVel,OutputProcessor::SOVTimeStepType::System,OutputProcessor::SOVStoreType::Average,windTurbine.Name
WindTurbine.cc,"""Generator Turbine Attack Angle""",OutputProcessor::Unit::deg,windTurbine.AngOfAttack,OutputProcessor::SOVTimeStepType::System,OutputProcessor::SOVStoreType::Average,windTurbine.Name
EvaporativeCoolers.cc,"""Evaporative Cooler Wet Bulb Effectiveness""",OutputProcessor::Unit::None,thisEvapCooler.SatEff,OutputProcessor::SOVTimeStepType::System,OutputProcessor::SOVStoreType::Average,thisEvapCooler.Name
EvaporativeCoolers.cc,"""Evaporative Cooler Wetbulb Effectiveness""",OutputProcessor::Unit::None,thisEvapCooler.SatEff,OutputProcessor::SOVTimeStepType::System,OutputProcessor::SOVStoreType::Average,thisEvapCooler.Name
EvaporativeCoolers.cc,"""Evaporative Cooler Total Stage Effectiveness""",OutputProcessor::Unit::None,thisEvapCooler.StageEff,OutputProcessor::SOVTimeStepType::System,OutputProcessor::SOVStoreType::Average,thisEvapCooler.Name
EvaporativeCoolers.cc,"""Evaporative Cooler Total Stage Effectiveness""",OutputProcessor::Unit::None,thisEvapCooler.StageEff,OutputProcessor::SOVTimeStepType::System,OutputProcessor::SOVStoreType::Average,thisEvapCooler.Name
EvaporativeCoolers.cc,"""Evaporative Cooler Total Stage Effectiveness""",OutputProcessor::Unit::None,thisEvapCooler.StageEff,OutputProcessor::SOVTimeStepType::System,OutputProcessor::SOVStoreType::Average,thisEvapCooler.Name
EvaporativeCoolers.cc,"""Evaporative Cooler Part Load Ratio""",OutputProcessor::Unit::None,thisEvapCooler.PartLoadFract,OutputProcessor::SOVTimeStepType::System,OutputProcessor::SOVStoreType::Average,thisEvapCooler.Name
EvaporativeCoolers.cc,"""Evaporative Cooler Dewpoint Bound Status""",OutputProcessor::Unit::None,thisEvapCooler.DewPointBoundFlag,OutputProcessor::SOVTimeStepType::System,OutputProcessor::SOVStoreType::Average,thisEvapCooler.Name
EvaporativeCoolers.cc,"""Evaporative Cooler Operating Mode Status""",OutputProcessor::Unit::None,thisEvapCooler.IECOperatingStatus,OutputProcessor::SOVTimeStepType::System,OutputProcessor::SOVStoreType::Average,thisEvapCooler.Name
EvaporativeCoolers.cc,"""Evaporative Cooler Stage Effectiveness""",OutputProcessor::Unit::None,thisEvapCooler.StageEff,OutputProcessor::SOVTimeStepType::System,OutputProcessor::SOVStoreType::Average,thisEvapCooler.Name
EvaporativeCoolers.cc,"""Evaporative Cooler Electricity Energy""",OutputProcessor::Unit::J,thisEvapCooler.EvapCoolerEnergy,OutputProcessor::SOVTimeStepType::System,OutputProcessor::SOVStoreType::Summed,thisEvapCooler.Name
EvaporativeCoolers.cc,"""Evaporative Cooler Electricity Rate""",OutputProcessor::Unit::W,thisEvapCooler.EvapCoolerPower,OutputProcessor::SOVTimeStepType::System,OutputProcessor::SOVStoreType::Average,thisEvapCooler.Name
EvaporativeCoolers.cc,"""Evaporative Cooler Water Volume""",OutputProcessor::Unit::m3,thisEvapCooler.EvapWaterConsump,OutputProcessor::SOVTimeStepType::System,OutputProcessor::SOVStoreType::Summed,thisEvapCooler.Name
EvaporativeCoolers.cc,"""Evaporative Cooler Mains Water Volume""",OutputProcessor::Unit::m3,thisEvapCooler.EvapWaterConsump,OutputProcessor::SOVTimeStepType::System,OutputProcessor::SOVStoreType::Summed,thisEvapCooler.Name
EvaporativeCoolers.cc,"""Evaporative Cooler Storage Tank Water Volume""",OutputProcessor::Unit::m3,thisEvapCooler.EvapWaterConsump,OutputProcessor::SOVTimeStepType::System,OutputProcessor::SOVStoreType::Summed,thisEvapCooler.Name
EvaporativeCoolers.cc,"""Evaporative Cooler Starved Water Volume""",OutputProcessor::Unit::m3,thisEvapCooler.EvapWaterStarvMakup,OutputProcessor::SOVTimeStepType::System,OutputProcessor::SOVStoreType::Summed,thisEvapCooler.Name
EvaporativeCoolers.cc,"""Evaporative Cooler Starved Mains Water Volume""",OutputProcessor::Unit::m3,thisEvapCooler.EvapWaterStarvMakup,OutputProcessor::SOVTimeStepType::System,OutputProcessor::SOVStoreType::Summed,thisEvapCooler.Name
EvaporativeCoolers.cc,"""Zone Evaporative Cooler Unit Total Cooling Rate""",OutputProcessor::Unit::W,thisZoneEvapUnit.UnitTotalCoolingRate,OutputProcessor::SOVTimeStepType::System,OutputProcessor::SOVStoreType::Average,thisZoneEvapUnit.Name
EvaporativeCoolers.cc,"""Zone Evaporative Cooler Unit Total Cooling Energy""",OutputProcessor::Unit::J,thisZoneEvapUnit.UnitTotalCoolingEnergy,OutputProcessor::SOVTimeStepType::System,OutputProcessor::SOVStoreType::Summed,thisZoneEvapUnit.Name
EvaporativeCoolers.cc,"""Zone Evaporative Cooler Unit Sensible Cooling Rate""",OutputProcessor::Unit::W,thisZoneEvapUnit.UnitSensibleCoolingRate,OutputProcessor::SOVTimeStepType::System,OutputProcessor::SOVStoreType::Average,thisZoneEvapUnit.Name
EvaporativeCoolers.cc,"""Zone Evaporative Cooler Unit Sensible Cooling Energy""",OutputProcessor::Unit::J,thisZoneEvapUnit.UnitSensibleCoolingEnergy,OutputProcessor::SOVTimeStepType::System,OutputProcessor::SOVStoreType::Summed,thisZoneEvapUnit.Name
EvaporativeCoolers.cc,"""Zone Evaporative Cooler Unit Latent Heating Rate""",OutputProcessor::Unit::W,thisZoneEvapUnit.UnitLatentHeatingRate,OutputProcessor::SOVTimeStepType::System,OutputProcessor::SOVStoreType::Average,thisZoneEvapUnit.Name
EvaporativeCoolers.cc,"""Zone Evaporative Cooler Unit Latent Heating Energy""",OutputProcessor::Unit::J,thisZoneEvapUnit.UnitLatentHeatingEnergy,OutputProcessor::SOVTimeStepType::System,OutputProcessor::SOVStoreType::Summed,thisZoneEvapUnit.Name
EvaporativeCoolers.cc,"""Zone Evaporative Cooler Unit Latent Cooling Rate""",OutputProcessor::Unit::W,thisZoneEvapUnit.UnitLatentCoolingRate,OutputProcessor::SOVTimeStepType::System,OutputProcessor::SOVStoreType::Average,thisZoneEvapUnit.Name
EvaporativeCoolers.cc,"""Zone Evaporative Cooler Unit Latent Cooling Energy""",OutputProcessor::Unit::J,thisZoneEvapUnit.UnitLatentCoolingEnergy,OutputProcessor::SOVTimeStepType::System,OutputProcessor::SOVStoreType::Summed,thisZoneEvapUnit.Name
EvaporativeCoolers.cc,"""Zone Evaporative Cooler Unit Fan Speed Ratio""",OutputProcessor::Unit::None,thisZoneEvapUnit.UnitFanSpeedRatio,OutputProcessor::SOVTimeStepType::System,OutputProcessor::SOVStoreType::Average,thisZoneEvapUnit.Name
EvaporativeCoolers.cc,"""Zone Evaporative Cooler Unit Fan Availability Status""",OutputProcessor::Unit::None,thisZoneEvapUnit.FanAvailStatus,OutputProcessor::SOVTimeStepType::System,OutputProcessor::SOVStoreType::Average,thisZoneEvapUnit.Name
EvaporativeCoolers.cc,"""Zone Evaporative Cooler Unit Part Load Ratio""",OutputProcessor::Unit::None,thisZoneEvapUnit.UnitPartLoadRatio,OutputProcessor::SOVTimeStepType::System,OutputProcessor::SOVStoreType::Average,thisZoneEvapUnit.Name
HVACDXHeatPumpSystem.cc,"""Coil System Part Load Ratio""",OutputProcessor::Unit::None,DXHeatPumpSystem(DXHeatSysNum).PartLoadFrac,OutputProcessor::SOVTimeStepType::System,OutputProcessor::SOVStoreType::Average,DXHeatPumpSystem(DXHeatSysNum).Name
HeatBalanceAirManager.cc,"""Zone Phase Change Material Melting Enthalpy""",OutputProcessor::Unit::J_kg,thisZnAirRpt.SumEnthalpyM,OutputProcessor::SOVTimeStepType::Zone,OutputProcessor::SOVStoreType::Average,name
HeatBalanceAirManager.cc,"""Zone Phase Change Material Freezing Enthalpy""",OutputProcessor::Unit::J_kg,thisZnAirRpt.SumEnthalpyH,OutputProcessor::SOVTimeStepType::Zone,OutputProcessor::SOVStoreType::Average,name
HeatBalanceAirManager.cc,"""Zone Exfiltration Heat Transfer Rate""",OutputProcessor::Unit::W,thisZnAirRpt.ExfilTotalLoss,OutputProcessor::SOVTimeStepType::System,OutputProcessor::SOVStoreType::Average,name
HeatBalanceAirManager.cc,"""Zone Exfiltration Sensible Heat Transfer Rate""",OutputProcessor::Unit::W,thisZnAirRpt.ExfilSensiLoss,OutputProcessor::SOVTimeStepType::System,OutputProcessor::SOVStoreType::Average,name
HeatBalanceAirManager.cc,"""Zone Exfiltration Latent Heat Transfer Rate""",OutputProcessor::Unit::W,thisZnAirRpt.ExfilLatentLoss,OutputProcessor::SOVTimeStepType::System,OutputProcessor::SOVStoreType::Average,name
HeatBalanceAirManager.cc,"""Zone Exhaust Air Heat Transfer Rate""",OutputProcessor::Unit::W,thisZnAirRpt.ExhTotalLoss,OutputProcessor::SOVTimeStepType::System,OutputProcessor::SOVStoreType::Average,name
HeatBalanceAirManager.cc,"""Zone Exhaust Air Sensible Heat Transfer Rate""",OutputProcessor::Unit::W,thisZnAirRpt.ExhSensiLoss,OutputProcessor::SOVTimeStepType::System,OutputProcessor::SOVStoreType::Average,name
HeatBalanceAirManager.cc,"""Zone Exhaust Air Latent Heat Transfer Rate""",OutputProcessor::Unit::W,thisZnAirRpt.ExhLatentLoss,OutputProcessor::SOVTimeStepType::System,OutputProcessor::SOVStoreType::Average,name
HeatBalanceAirManager.cc,"""Site Total Zone Exfiltration Heat Loss""",OutputProcessor::Unit::J,state.dataHeatBal->ZoneTotalExfiltrationHeatLoss,OutputProcessor::SOVTimeStepType::System,OutputProcessor::SOVStoreType::Summed,"""Environment"""
HeatBalanceAirManager.cc,"""Site Total Zone Exhaust Air Heat Loss""",OutputProcessor::Unit::J,state.dataHeatBal->ZoneTotalExhaustHeatLoss,OutputProcessor::SOVTimeStepType::System,OutputProcessor::SOVStoreType::Summed,"""Environment"""
HeatBalanceAirManager.cc,"""Zone Combined Outdoor Air Sensible Heat Loss Energy""",OutputProcessor::Unit::J,state.dataHeatBal->ZnAirRpt(thisZoneAirBalance.ZonePtr).OABalanceHeatLoss,OutputProcessor::SOVTimeStepType::System,OutputProcessor::SOVStoreType::Summed,state.dataHeatBal->Zone(thisZoneAirBalance.ZonePtr).Name
HeatBalanceAirManager.cc,"""Zone Combined Outdoor Air Sensible Heat Gain Energy""",OutputProcessor::Unit::J,state.dataHeatBal->ZnAirRpt(thisZoneAirBalance.ZonePtr).OABalanceHeatGain,OutputProcessor::SOVTimeStepType::System,OutputProcessor::SOVStoreType::Summed,state.dataHeatBal->Zone(thisZoneAirBalance.ZonePtr).Name
HeatBalanceAirManager.cc,"""Zone Combined Outdoor Air Latent Heat Loss Energy""",OutputProcessor::Unit::J,state.dataHeatBal->ZnAirRpt(thisZoneAirBalance.ZonePtr).OABalanceLatentLoss,OutputProcessor::SOVTimeStepType::System,OutputProcessor::SOVStoreType::Summed,state.dataHeatBal->Zone(thisZoneAirBalance.ZonePtr).Name
HeatBalanceAirManager.cc,"""Zone Combined Outdoor Air Latent Heat Gain Energy""",OutputProcessor::Unit::J,state.dataHeatBal->ZnAirRpt(thisZoneAirBalance.ZonePtr).OABalanceLatentGain,OutputProcessor::SOVTimeStepType::System,OutputProcessor::SOVStoreType::Summed,state.dataHeatBal->Zone(thisZoneAirBalance.ZonePtr).Name
HeatBalanceAirManager.cc,"""Zone Combined Outdoor Air Total Heat Loss Energy""",OutputProcessor::Unit::J,state.dataHeatBal->ZnAirRpt(thisZoneAirBalance.ZonePtr).OABalanceTotalLoss,OutputProcessor::SOVTimeStepType::System,OutputProcessor::SOVStoreType::Summed,state.dataHeatBal->Zone(thisZoneAirBalance.ZonePtr).Name
HeatBalanceAirManager.cc,"""Zone Combined Outdoor Air Total Heat Gain Energy""",OutputProcessor::Unit::J,state.dataHeatBal->ZnAirRpt(thisZoneAirBalance.ZonePtr).OABalanceTotalGain,OutputProcessor::SOVTimeStepType::System,OutputProcessor::SOVStoreType::Summed,state.dataHeatBal->Zone(thisZoneAirBalance.ZonePtr).Name
HeatBalanceAirManager.cc,"""Zone Combined Outdoor Air Current Density Volume Flow Rate""",OutputProcessor::Unit::m3_s,state.dataHeatBal->ZnAirRpt(thisZoneAirBalance.ZonePtr).OABalanceVdotCurDensity,OutputProcessor::SOVTimeStepType::System,OutputProcessor::SOVStoreType::Summed,state.dataHeatBal->Zone(thisZoneAirBalance.ZonePtr).Name
HeatBalanceAirManager.cc,"""Zone Combined Outdoor Air Standard Density Volume Flow Rate""",OutputProcessor::Unit::m3_s,state.dataHeatBal->ZnAirRpt(thisZoneAirBalance.ZonePtr).OABalanceVdotStdDensity,OutputProcessor::SOVTimeStepType::System,OutputProcessor::SOVStoreType::Summed,state.dataHeatBal->Zone(thisZoneAirBalance.ZonePtr).Name
HeatBalanceAirManager.cc,"""Zone Combined Outdoor Air Current Density Volume""",OutputProcessor::Unit::m3,state.dataHeatBal->ZnAirRpt(thisZoneAirBalance.ZonePtr).OABalanceVolumeCurDensity,OutputProcessor::SOVTimeStepType::System,OutputProcessor::SOVStoreType::Summed,state.dataHeatBal->Zone(thisZoneAirBalance.ZonePtr).Name
HeatBalanceAirManager.cc,"""Zone Combined Outdoor Air Standard Density Volume""",OutputProcessor::Unit::m3,state.dataHeatBal->ZnAirRpt(thisZoneAirBalance.ZonePtr).OABalanceVolumeStdDensity,OutputProcessor::SOVTimeStepType::System,OutputProcessor::SOVStoreType::Summed,state.dataHeatBal->Zone(thisZoneAirBalance.ZonePtr).Name
HeatBalanceAirManager.cc,"""Zone Combined Outdoor Air Mass""",OutputProcessor::Unit::kg,state.dataHeatBal->ZnAirRpt(thisZoneAirBalance.ZonePtr).OABalanceMass,OutputProcessor::SOVTimeStepType::System,OutputProcessor::SOVStoreType::Summed,state.dataHeatBal->Zone(thisZoneAirBalance.ZonePtr).Name
HeatBalanceAirManager.cc,"""Zone Combined Outdoor Air Mass Flow Rate""",OutputProcessor::Unit::kg_s,state.dataHeatBal->ZnAirRpt(thisZoneAirBalance.ZonePtr).OABalanceMdot,OutputProcessor::SOVTimeStepType::System,OutputProcessor::SOVStoreType::Average,state.dataHeatBal->Zone(thisZoneAirBalance.ZonePtr).Name
HeatBalanceAirManager.cc,"""Zone Combined Outdoor Air Changes per Hour""",OutputProcessor::Unit::ach,state.dataHeatBal->ZnAirRpt(thisZoneAirBalance.ZonePtr).OABalanceAirChangeRate,OutputProcessor::SOVTimeStepType::System,OutputProcessor::SOVStoreType::Average,state.dataHeatBal->Zone(thisZoneAirBalance.ZonePtr).Name
HeatBalanceAirManager.cc,"""Zone Combined Outdoor Air Fan Electricity Energy""",OutputProcessor::Unit::J,state.dataHeatBal->ZnAirRpt(thisZoneAirBalance.ZonePtr).OABalanceFanElec,OutputProcessor::SOVTimeStepType::System,OutputProcessor::SOVStoreType::Summed,state.dataHeatBal->Zone(thisZoneAirBalance.ZonePtr).Name
HeatBalanceAirManager.cc,"""Infiltration Sensible Heat Loss Energy""",OutputProcessor::Unit::J,state.dataHeatBal->Infiltration(Loop).InfilHeatLoss,OutputProcessor::SOVTimeStepType::System,OutputProcessor::SOVStoreType::Summed,state.dataHeatBal->Infiltration(Loop).Name
HeatBalanceAirManager.cc,"""Infiltration Sensible Heat Gain Energy""",OutputProcessor::Unit::J,state.dataHeatBal->Infiltration(Loop).InfilHeatGain,OutputProcessor::SOVTimeStepType::System,OutputProcessor::SOVStoreType::Summed,state.dataHeatBal->Infiltration(Loop).Name
HeatBalanceAirManager.cc,"""Infiltration Latent Heat Loss Energy""",OutputProcessor::Unit::J,state.dataHeatBal->Infiltration(Loop).InfilLatentLoss,OutputProcessor::SOVTimeStepType::System,OutputProcessor::SOVStoreType::Summed,state.dataHeatBal->Infiltration(Loop).Name
HeatBalanceAirManager.cc,"""Infiltration Latent Heat Gain Energy""",OutputProcessor::Unit::J,state.dataHeatBal->Infiltration(Loop).InfilLatentGain,OutputProcessor::SOVTimeStepType::System,OutputProcessor::SOVStoreType::Summed,state.dataHeatBal->Infiltration(Loop).Name
HeatBalanceAirManager.cc,"""Infiltration Total Heat Loss Energy""",OutputProcessor::Unit::J,state.dataHeatBal->Infiltration(Loop).InfilTotalLoss,OutputProcessor::SOVTimeStepType::System,OutputProcessor::SOVStoreType::Summed,state.dataHeatBal->Infiltration(Loop).Name
HeatBalanceAirManager.cc,"""Infiltration Total Heat Gain Energy""",OutputProcessor::Unit::J,state.dataHeatBal->Infiltration(Loop).InfilTotalGain,OutputProcessor::SOVTimeStepType::System,OutputProcessor::SOVStoreType::Summed,state.dataHeatBal->Infiltration(Loop).Name
HeatBalanceAirManager.cc,"""Infiltration Current Density Volume Flow Rate""",OutputProcessor::Unit::m3_s,state.dataHeatBal->Infiltration(Loop).InfilVdotCurDensity,OutputProcessor::SOVTimeStepType::System,OutputProcessor::SOVStoreType::Average,state.dataHeatBal->Infiltration(Loop).Name
HeatBalanceAirManager.cc,"""Infiltration Standard Density Volume Flow Rate""",OutputProcessor::Unit::m3_s,state.dataHeatBal->Infiltration(Loop).InfilVdotStdDensity,OutputProcessor::SOVTimeStepType::System,OutputProcessor::SOVStoreType::Average,state.dataHeatBal->Infiltration(Loop).Name
HeatBalanceAirManager.cc,"""Infiltration Current Density Volume""",OutputProcessor::Unit::m3,state.dataHeatBal->Infiltration(Loop).InfilVolumeCurDensity,OutputProcessor::SOVTimeStepType::System,OutputProcessor::SOVStoreType::Summed,state.dataHeatBal->Infiltration(Loop).Name
HeatBalanceAirManager.cc,"""Infiltration Standard Density Volume""",OutputProcessor::Unit::m3,state.dataHeatBal->Infiltration(Loop).InfilVolumeStdDensity,OutputProcessor::SOVTimeStepType::System,OutputProcessor::SOVStoreType::Summed,state.dataHeatBal->Infiltration(Loop).Name
HeatBalanceAirManager.cc,"""Infiltration Mass""",OutputProcessor::Unit::kg,state.dataHeatBal->Infiltration(Loop).InfilMass,OutputProcessor::SOVTimeStepType::System,OutputProcessor::SOVStoreType::Summed,state.dataHeatBal->Infiltration(Loop).Name
HeatBalanceAirManager.cc,"""Infiltration Mass Flow Rate""",OutputProcessor::Unit::kg_s,state.dataHeatBal->Infiltration(Loop).InfilMdot,OutputProcessor::SOVTimeStepType::System,OutputProcessor::SOVStoreType::Average,state.dataHeatBal->Infiltration(Loop).Name
HeatBalanceAirManager.cc,"""Infiltration Air Change Rate""",OutputProcessor::Unit::ach,state.dataHeatBal->Infiltration(Loop).InfilAirChangeRate,OutputProcessor::SOVTimeStepType::System,OutputProcessor::SOVStoreType::Average,state.dataHeatBal->Infiltration(Loop).Name
HeatBalanceAirManager.cc,"""Zone Infiltration Sensible Heat Loss Energy""",OutputProcessor::Unit::J,state.dataHeatBal->ZnAirRpt(state.dataHeatBal->Infiltration(Loop).ZonePtr).InfilHeatLoss,OutputProcessor::SOVTimeStepType::System,OutputProcessor::SOVStoreType::Summed,state.dataHeatBal->Zone(state.dataHeatBal->Infiltration(Loop).ZonePtr).Name
HeatBalanceAirManager.cc,"""Zone Infiltration Sensible Heat Gain Energy""",OutputProcessor::Unit::J,state.dataHeatBal->ZnAirRpt(state.dataHeatBal->Infiltration(Loop).ZonePtr).InfilHeatGain,OutputProcessor::SOVTimeStepType::System,OutputProcessor::SOVStoreType::Summed,state.dataHeatBal->Zone(state.dataHeatBal->Infiltration(Loop).ZonePtr).Name
HeatBalanceAirManager.cc,"""Zone Infiltration Latent Heat Loss Energy""",OutputProcessor::Unit::J,state.dataHeatBal->ZnAirRpt(state.dataHeatBal->Infiltration(Loop).ZonePtr).InfilLatentLoss,OutputProcessor::SOVTimeStepType::System,OutputProcessor::SOVStoreType::Summed,state.dataHeatBal->Zone(state.dataHeatBal->Infiltration(Loop).ZonePtr).Name
HeatBalanceAirManager.cc,"""Zone Infiltration Latent Heat Gain Energy""",OutputProcessor::Unit::J,state.dataHeatBal->ZnAirRpt(state.dataHeatBal->Infiltration(Loop).ZonePtr).InfilLatentGain,OutputProcessor::SOVTimeStepType::System,OutputProcessor::SOVStoreType::Summed,state.dataHeatBal->Zone(state.dataHeatBal->Infiltration(Loop).ZonePtr).Name
HeatBalanceAirManager.cc,"""Zone Infiltration Total Heat Loss Energy""",OutputProcessor::Unit::J,state.dataHeatBal->ZnAirRpt(state.dataHeatBal->Infiltration(Loop).ZonePtr).InfilTotalLoss,OutputProcessor::SOVTimeStepType::System,OutputProcessor::SOVStoreType::Summed,state.dataHeatBal->Zone(state.dataHeatBal->Infiltration(Loop).ZonePtr).Name
HeatBalanceAirManager.cc,"""Zone Infiltration Total Heat Gain Energy""",OutputProcessor::Unit::J,state.dataHeatBal->ZnAirRpt(state.dataHeatBal->Infiltration(Loop).ZonePtr).InfilTotalGain,OutputProcessor::SOVTimeStepType::System,OutputProcessor::SOVStoreType::Summed,state.dataHeatBal->Zone(state.dataHeatBal->Infiltration(Loop).ZonePtr).Name
HeatBalanceAirManager.cc,"""Zone Infiltration Current Density Volume Flow Rate""",OutputProcessor::Unit::m3_s,state.dataHeatBal->ZnAirRpt(state.dataHeatBal->Infiltration(Loop).ZonePtr).InfilVdotCurDensity,OutputProcessor::SOVTimeStepType::System,OutputProcessor::SOVStoreType::Average,state.dataHeatBal->Zone(state.dataHeatBal->Infiltration(Loop).ZonePtr).Name
HeatBalanceAirManager.cc,"""Zone Infiltration Standard Density Volume Flow Rate""",OutputProcessor::Unit::m3_s,state.dataHeatBal->ZnAirRpt(state.dataHeatBal->Infiltration(Loop).ZonePtr).InfilVdotStdDensity,OutputProcessor::SOVTimeStepType::System,OutputProcessor::SOVStoreType::Average,state.dataHeatBal->Zone(state.dataHeatBal->Infiltration(Loop).ZonePtr).Name
HeatBalanceAirManager.cc,"""Zone Infiltration Current Density Volume""",OutputProcessor::Unit::m3,state.dataHeatBal->ZnAirRpt(state.dataHeatBal->Infiltration(Loop).ZonePtr).InfilVolumeCurDensity,OutputProcessor::SOVTimeStepType::System,OutputProcessor::SOVStoreType::Summed,state.dataHeatBal->Zone(state.dataHeatBal->Infiltration(Loop).ZonePtr).Name
HeatBalanceAirManager.cc,"""Zone Infiltration Standard Density Volume""",OutputProcessor::Unit::m3,state.dataHeatBal->ZnAirRpt(state.dataHeatBal->Infiltration(Loop).ZonePtr).InfilVolumeStdDensity,OutputProcessor::SOVTimeStepType::System,OutputProcessor::SOVStoreType::Summed,state.dataHeatBal->Zone(state.dataHeatBal->Infiltration(Loop).ZonePtr).Name
HeatBalanceAirManager.cc,"""Zone Infiltration Mass""",OutputProcessor::Unit::kg,state.dataHeatBal->ZnAirRpt(state.dataHeatBal->Infiltration(Loop).ZonePtr).InfilMass,OutputProcessor::SOVTimeStepType::System,OutputProcessor::SOVStoreType::Summed,state.dataHeatBal->Zone(state.dataHeatBal->Infiltration(Loop).ZonePtr).Name
HeatBalanceAirManager.cc,"""Zone Infiltration Mass Flow Rate""",OutputProcessor::Unit::kg_s,state.dataHeatBal->ZnAirRpt(state.dataHeatBal->Infiltration(Loop).ZonePtr).InfilMdot,OutputProcessor::SOVTimeStepType::System,OutputProcessor::SOVStoreType::Average,state.dataHeatBal->Zone(state.dataHeatBal->Infiltration(Loop).ZonePtr).Name
HeatBalanceAirManager.cc,"""Zone Infiltration Air Change Rate""",OutputProcessor::Unit::ach,state.dataHeatBal->ZnAirRpt(state.dataHeatBal->Infiltration(Loop).ZonePtr).InfilAirChangeRate,OutputProcessor::SOVTimeStepType::System,OutputProcessor::SOVStoreType::Average,state.dataHeatBal->Zone(state.dataHeatBal->Infiltration(Loop).ZonePtr).Name
HeatBalanceAirManager.cc,"""Zone Ventilation Sensible Heat Loss Energy""",OutputProcessor::Unit::J,state.dataHeatBal->ZnAirRpt(thisVentilation.ZonePtr).VentilHeatLoss,OutputProcessor::SOVTimeStepType::System,OutputProcessor::SOVStoreType::Summed,thisZone.Name
HeatBalanceAirManager.cc,"""Zone Ventilation Sensible Heat Gain Energy""",OutputProcessor::Unit::J,state.dataHeatBal->ZnAirRpt(thisVentilation.ZonePtr).VentilHeatGain,OutputProcessor::SOVTimeStepType::System,OutputProcessor::SOVStoreType::Summed,thisZone.Name
HeatBalanceAirManager.cc,"""Zone Ventilation Latent Heat Loss Energy""",OutputProcessor::Unit::J,state.dataHeatBal->ZnAirRpt(thisVentilation.ZonePtr).VentilLatentLoss,OutputProcessor::SOVTimeStepType::System,OutputProcessor::SOVStoreType::Summed,thisZone.Name
HeatBalanceAirManager.cc,"""Zone Ventilation Latent Heat Gain Energy""",OutputProcessor::Unit::J,state.dataHeatBal->ZnAirRpt(thisVentilation.ZonePtr).VentilLatentGain,OutputProcessor::SOVTimeStepType::System,OutputProcessor::SOVStoreType::Summed,thisZone.Name
HeatBalanceAirManager.cc,"""Zone Ventilation Total Heat Loss Energy""",OutputProcessor::Unit::J,state.dataHeatBal->ZnAirRpt(thisVentilation.ZonePtr).VentilTotalLoss,OutputProcessor::SOVTimeStepType::System,OutputProcessor::SOVStoreType::Summed,thisZone.Name
HeatBalanceAirManager.cc,"""Zone Ventilation Total Heat Gain Energy""",OutputProcessor::Unit::J,state.dataHeatBal->ZnAirRpt(thisVentilation.ZonePtr).VentilTotalGain,OutputProcessor::SOVTimeStepType::System,OutputProcessor::SOVStoreType::Summed,thisZone.Name
HeatBalanceAirManager.cc,"""Zone Ventilation Current Density Volume Flow Rate""",OutputProcessor::Unit::m3_s,state.dataHeatBal->ZnAirRpt(thisVentilation.ZonePtr).VentilVdotCurDensity,OutputProcessor::SOVTimeStepType::System,OutputProcessor::SOVStoreType::Average,thisZone.Name
HeatBalanceAirManager.cc,"""Zone Ventilation Standard Density Volume Flow Rate""",OutputProcessor::Unit::m3_s,state.dataHeatBal->ZnAirRpt(thisVentilation.ZonePtr).VentilVdotStdDensity,OutputProcessor::SOVTimeStepType::System,OutputProcessor::SOVStoreType::Average,thisZone.Name
HeatBalanceAirManager.cc,"""Zone Ventilation Current Density Volume""",OutputProcessor::Unit::m3,state.dataHeatBal->ZnAirRpt(thisVentilation.ZonePtr).VentilVolumeCurDensity,OutputProcessor::SOVTimeStepType::System,OutputProcessor::SOVStoreType::Summed,thisZone.Name
HeatBalanceAirManager.cc,"""Zone Ventilation Standard Density Volume""",OutputProcessor::Unit::m3,state.dataHeatBal->ZnAirRpt(thisVentilation.ZonePtr).VentilVolumeStdDensity,OutputProcessor::SOVTimeStepType::System,OutputProcessor::SOVStoreType::Summed,thisZone.Name
HeatBalanceAirManager.cc,"""Zone Ventilation Mass""",OutputProcessor::Unit::kg,state.dataHeatBal->ZnAirRpt(thisVentilation.ZonePtr).VentilMass,OutputProcessor::SOVTimeStepType::System,OutputProcessor::SOVStoreType::Summed,thisZone.Name
HeatBalanceAirManager.cc,"""Zone Ventilation Mass Flow Rate""",OutputProcessor::Unit::kg_s,state.dataHeatBal->ZnAirRpt(thisVentilation.ZonePtr).VentilMdot,OutputProcessor::SOVTimeStepType::System,OutputProcessor::SOVStoreType::Average,thisZone.Name
HeatBalanceAirManager.cc,"""Zone Ventilation Air Change Rate""",OutputProcessor::Unit::ach,state.dataHeatBal->ZnAirRpt(thisVentilation.ZonePtr).VentilAirChangeRate,OutputProcessor::SOVTimeStepType::System,OutputProcessor::SOVStoreType::Average,thisZone.Name
HeatBalanceAirManager.cc,"""Zone Ventilation Fan Electricity Energy""",OutputProcessor::Unit::J,state.dataHeatBal->ZnAirRpt(thisVentilation.ZonePtr).VentilFanElec,OutputProcessor::SOVTimeStepType::System,OutputProcessor::SOVStoreType::Summed,thisZone.Name
HeatBalanceAirManager.cc,"""Zone Ventilation Air Inlet Temperature""",OutputProcessor::Unit::C,state.dataHeatBal->ZnAirRpt(thisVentilation.ZonePtr).VentilAirTemp,OutputProcessor::SOVTimeStepType::System,OutputProcessor::SOVStoreType::Average,thisZone.Name
HeatBalanceAirManager.cc,"""Zone Ventilation Sensible Heat Loss Energy""",OutputProcessor::Unit::J,state.dataHeatBal->ZnAirRpt(thisVentilation.ZonePtr).VentilHeatLoss,OutputProcessor::SOVTimeStepType::System,OutputProcessor::SOVStoreType::Summed,thisZone.Name
HeatBalanceAirManager.cc,"""Zone Ventilation Sensible Heat Gain Energy""",OutputProcessor::Unit::J,state.dataHeatBal->ZnAirRpt(thisVentilation.ZonePtr).VentilHeatGain,OutputProcessor::SOVTimeStepType::System,OutputProcessor::SOVStoreType::Summed,thisZone.Name
HeatBalanceAirManager.cc,"""Zone Ventilation Latent Heat Loss Energy""",OutputProcessor::Unit::J,state.dataHeatBal->ZnAirRpt(thisVentilation.ZonePtr).VentilLatentLoss,OutputProcessor::SOVTimeStepType::System,OutputProcessor::SOVStoreType::Summed,thisZone.Name
HeatBalanceAirManager.cc,"""Zone Ventilation Latent Heat Gain Energy""",OutputProcessor::Unit::J,state.dataHeatBal->ZnAirRpt(thisVentilation.ZonePtr).VentilLatentGain,OutputProcessor::SOVTimeStepType::System,OutputProcessor::SOVStoreType::Summed,thisZone.Name
HeatBalanceAirManager.cc,"""Zone Ventilation Total Heat Loss Energy""",OutputProcessor::Unit::J,state.dataHeatBal->ZnAirRpt(thisVentilation.ZonePtr).VentilTotalLoss,OutputProcessor::SOVTimeStepType::System,OutputProcessor::SOVStoreType::Summed,thisZone.Name
HeatBalanceAirManager.cc,"""Zone Ventilation Total Heat Gain Energy""",OutputProcessor::Unit::J,state.dataHeatBal->ZnAirRpt(thisVentilation.ZonePtr).VentilTotalGain,OutputProcessor::SOVTimeStepType::System,OutputProcessor::SOVStoreType::Summed,thisZone.Name
HeatBalanceAirManager.cc,"""Zone Ventilation Current Density Volume Flow Rate""",OutputProcessor::Unit::m3_s,state.dataHeatBal->ZnAirRpt(thisVentilation.ZonePtr).VentilVdotCurDensity,OutputProcessor::SOVTimeStepType::System,OutputProcessor::SOVStoreType::Average,thisZone.Name
HeatBalanceAirManager.cc,"""Zone Ventilation Standard Density Volume Flow Rate""",OutputProcessor::Unit::m3_s,state.dataHeatBal->ZnAirRpt(thisVentilation.ZonePtr).VentilVdotStdDensity,OutputProcessor::SOVTimeStepType::System,OutputProcessor::SOVStoreType::Average,thisZone.Name
HeatBalanceAirManager.cc,"""Zone Ventilation Current Density Volume""",OutputProcessor::Unit::m3,state.dataHeatBal->ZnAirRpt(thisVentilation.ZonePtr).VentilVolumeCurDensity,OutputProcessor::SOVTimeStepType::System,OutputProcessor::SOVStoreType::Summed,thisZone.Name
HeatBalanceAirManager.cc,"""Zone Ventilation Standard Density Volume""",OutputProcessor::Unit::m3,state.dataHeatBal->ZnAirRpt(thisVentilation.ZonePtr).VentilVolumeStdDensity,OutputProcessor::SOVTimeStepType::System,OutputProcessor::SOVStoreType::Summed,thisZone.Name
HeatBalanceAirManager.cc,"""Zone Ventilation Mass""",OutputProcessor::Unit::kg,state.dataHeatBal->ZnAirRpt(thisVentilation.ZonePtr).VentilMass,OutputProcessor::SOVTimeStepType::System,OutputProcessor::SOVStoreType::Summed,thisZone.Name
HeatBalanceAirManager.cc,"""Zone Ventilation Mass Flow Rate""",OutputProcessor::Unit::kg_s,state.dataHeatBal->ZnAirRpt(thisVentilation.ZonePtr).VentilMdot,OutputProcessor::SOVTimeStepType::System,OutputProcessor::SOVStoreType::Average,thisZone.Name
HeatBalanceAirManager.cc,"""Zone Ventilation Air Change Rate""",OutputProcessor::Unit::ach,state.dataHeatBal->ZnAirRpt(thisVentilation.ZonePtr).VentilAirChangeRate,OutputProcessor::SOVTimeStepType::System,OutputProcessor::SOVStoreType::Average,thisZone.Name
HeatBalanceAirManager.cc,"""Zone Ventilation Fan Electricity Energy""",OutputProcessor::Unit::J,state.dataHeatBal->ZnAirRpt(thisVentilation.ZonePtr).VentilFanElec,OutputProcessor::SOVTimeStepType::System,OutputProcessor::SOVStoreType::Summed,thisZone.Name
HeatBalanceAirManager.cc,"""Zone Ventilation Air Inlet Temperature""",OutputProcessor::Unit::C,state.dataHeatBal->ZnAirRpt(thisVentilation.ZonePtr).VentilAirTemp,OutputProcessor::SOVTimeStepType::System,OutputProcessor::SOVStoreType::Average,thisZone.Name
HeatBalanceAirManager.cc,"""Zone Mixing Volume""",OutputProcessor::Unit::m3,state.dataHeatBal->ZnAirRpt(thisMixing.ZonePtr).MixVolume,OutputProcessor::SOVTimeStepType::System,OutputProcessor::SOVStoreType::Summed,state.dataHeatBal->Zone(thisMixing.ZonePtr).Name
HeatBalanceAirManager.cc,"""Zone Mixing Current Density Volume Flow Rate""",OutputProcessor::Unit::m3_s,state.dataHeatBal->ZnAirRpt(thisMixing.ZonePtr).MixVdotCurDensity,OutputProcessor::SOVTimeStepType::System,OutputProcessor::SOVStoreType::Average,state.dataHeatBal->Zone(thisMixing.ZonePtr).Name
HeatBalanceAirManager.cc,"""Zone Mixing Standard Density Volume Flow Rate""",OutputProcessor::Unit::m3_s,state.dataHeatBal->ZnAirRpt(thisMixing.ZonePtr).MixVdotStdDensity,OutputProcessor::SOVTimeStepType::System,OutputProcessor::SOVStoreType::Average,state.dataHeatBal->Zone(thisMixing.ZonePtr).Name
HeatBalanceAirManager.cc,"""Zone Mixing Mass""",OutputProcessor::Unit::kg,state.dataHeatBal->ZnAirRpt(thisMixing.ZonePtr).MixMass,OutputProcessor::SOVTimeStepType::System,OutputProcessor::SOVStoreType::Summed,state.dataHeatBal->Zone(thisMixing.ZonePtr).Name
HeatBalanceAirManager.cc,"""Zone Mixing Mass Flow Rate""",OutputProcessor::Unit::kg_s,state.dataHeatBal->ZnAirRpt(thisMixing.ZonePtr).MixMdot,OutputProcessor::SOVTimeStepType::System,OutputProcessor::SOVStoreType::Average,state.dataHeatBal->Zone(thisMixing.ZonePtr).Name
HeatBalanceAirManager.cc,"""Zone Mixing Sensible Heat Loss Energy""",OutputProcessor::Unit::J,state.dataHeatBal->ZnAirRpt(thisMixing.ZonePtr).MixHeatLoss,OutputProcessor::SOVTimeStepType::System,OutputProcessor::SOVStoreType::Summed,state.dataHeatBal->Zone(thisMixing.ZonePtr).Name
HeatBalanceAirManager.cc,"""Zone Mixing Sensible Heat Gain Energy""",OutputProcessor::Unit::J,state.dataHeatBal->ZnAirRpt(thisMixing.ZonePtr).MixHeatGain,OutputProcessor::SOVTimeStepType::System,OutputProcessor::SOVStoreType::Summed,state.dataHeatBal->Zone(thisMixing.ZonePtr).Name
HeatBalanceAirManager.cc,"""Zone Mixing Latent Heat Loss Energy""",OutputProcessor::Unit::J,state.dataHeatBal->ZnAirRpt(thisMixing.ZonePtr).MixLatentLoss,OutputProcessor::SOVTimeStepType::System,OutputProcessor::SOVStoreType::Summed,state.dataHeatBal->Zone(thisMixing.ZonePtr).Name
HeatBalanceAirManager.cc,"""Zone Mixing Latent Heat Gain Energy""",OutputProcessor::Unit::J,state.dataHeatBal->ZnAirRpt(thisMixing.ZonePtr).MixLatentGain,OutputProcessor::SOVTimeStepType::System,OutputProcessor::SOVStoreType::Summed,state.dataHeatBal->Zone(thisMixing.ZonePtr).Name
HeatBalanceAirManager.cc,"""Zone Mixing Total Heat Loss Energy""",OutputProcessor::Unit::J,state.dataHeatBal->ZnAirRpt(thisMixing.ZonePtr).MixTotalLoss,OutputProcessor::SOVTimeStepType::System,OutputProcessor::SOVStoreType::Summed,state.dataHeatBal->Zone(thisMixing.ZonePtr).Name
HeatBalanceAirManager.cc,"""Zone Mixing Total Heat Gain Energy""",OutputProcessor::Unit::J,state.dataHeatBal->ZnAirRpt(thisMixing.ZonePtr).MixTotalGain,OutputProcessor::SOVTimeStepType::System,OutputProcessor::SOVStoreType::Summed,state.dataHeatBal->Zone(thisMixing.ZonePtr).Name
HeatBalanceAirManager.cc,"""Zone Mixing Volume""",OutputProcessor::Unit::m3,thisZnAirRpt.MixVolume,OutputProcessor::SOVTimeStepType::System,OutputProcessor::SOVStoreType::Summed,zoneName
HeatBalanceAirManager.cc,"""Zone Mixing Current Density Volume Flow Rate""",OutputProcessor::Unit::m3_s,thisZnAirRpt.MixVdotCurDensity,OutputProcessor::SOVTimeStepType::System,OutputProcessor::SOVStoreType::Average,zoneName
HeatBalanceAirManager.cc,"""Zone Mixing Standard Density Volume Flow Rate""",OutputProcessor::Unit::m3_s,thisZnAirRpt.MixVdotStdDensity,OutputProcessor::SOVTimeStepType::System,OutputProcessor::SOVStoreType::Average,zoneName
HeatBalanceAirManager.cc,"""Zone Mixing Mass""",OutputProcessor::Unit::kg,thisZnAirRpt.MixMass,OutputProcessor::SOVTimeStepType::System,OutputProcessor::SOVStoreType::Summed,zoneName
HeatBalanceAirManager.cc,"""Zone Mixing Mass Flow Rate""",OutputProcessor::Unit::kg_s,thisZnAirRpt.MixMdot,OutputProcessor::SOVTimeStepType::System,OutputProcessor::SOVStoreType::Average,zoneName
HeatBalanceAirManager.cc,"""Zone Mixing Sensible Heat Loss Energy""",OutputProcessor::Unit::J,thisZnAirRpt.MixHeatLoss,OutputProcessor::SOVTimeStepType::System,OutputProcessor::SOVStoreType::Summed,zoneName
HeatBalanceAirManager.cc,"""Zone Mixing Sensible Heat Gain Energy""",OutputProcessor::Unit::J,thisZnAirRpt.MixHeatGain,OutputProcessor::SOVTimeStepType::System,OutputProcessor::SOVStoreType::Summed,zoneName
HeatBalanceAirManager.cc,"""Zone Mixing Latent Heat Loss Energy""",OutputProcessor::Unit::J,thisZnAirRpt.MixLatentLoss,OutputProcessor::SOVTimeStepType::System,OutputProcessor::SOVStoreType::Summed,zoneName
HeatBalanceAirManager.cc,"""Zone Mixing Latent Heat Gain Energy""",OutputProcessor::Unit::J,thisZnAirRpt.MixLatentGain,OutputProcessor::SOVTimeStepType::System,OutputProcessor::SOVStoreType::Summed,zoneName
HeatBalanceAirManager.cc,"""Zone Mixing Total Heat Loss Energy""",OutputProcessor::Unit::J,thisZnAirRpt.MixTotalLoss,OutputProcessor::SOVTimeStepType::System,OutputProcessor::SOVStoreType::Summed,zoneName
HeatBalanceAirManager.cc,"""Zone Mixing Total Heat Gain Energy""",OutputProcessor::Unit::J,thisZnAirRpt.MixTotalGain,OutputProcessor::SOVTimeStepType::System,OutputProcessor::SOVStoreType::Summed,zoneName
HeatBalanceAirManager.cc,"""Zone Mixing Volume""",OutputProcessor::Unit::m3,thisZnAirRpt.MixVolume,OutputProcessor::SOVTimeStepType::System,OutputProcessor::SOVStoreType::Summed,fromZoneName
HeatBalanceAirManager.cc,"""Zone Mixing Current Density Volume Flow Rate""",OutputProcessor::Unit::m3_s,thisZnAirRpt.MixVdotCurDensity,OutputProcessor::SOVTimeStepType::System,OutputProcessor::SOVStoreType::Average,fromZoneName
HeatBalanceAirManager.cc,"""Zone Mixing Standard Density Volume Flow Rate""",OutputProcessor::Unit::m3_s,thisZnAirRpt.MixVdotStdDensity,OutputProcessor::SOVTimeStepType::System,OutputProcessor::SOVStoreType::Average,fromZoneName
HeatBalanceAirManager.cc,"""Zone Mixing Mass""",OutputProcessor::Unit::kg,thisZnAirRpt.MixMass,OutputProcessor::SOVTimeStepType::System,OutputProcessor::SOVStoreType::Summed,fromZoneName
HeatBalanceAirManager.cc,"""Zone Mixing Mass Flow Rate""",OutputProcessor::Unit::kg_s,thisZnAirRpt.MixMdot,OutputProcessor::SOVTimeStepType::System,OutputProcessor::SOVStoreType::Average,fromZoneName
HeatBalanceAirManager.cc,"""Zone Mixing Sensible Heat Loss Energy""",OutputProcessor::Unit::J,thisZnAirRpt.MixHeatLoss,OutputProcessor::SOVTimeStepType::System,OutputProcessor::SOVStoreType::Summed,fromZoneName
HeatBalanceAirManager.cc,"""Zone Mixing Sensible Heat Gain Energy""",OutputProcessor::Unit::J,thisZnAirRpt.MixHeatGain,OutputProcessor::SOVTimeStepType::System,OutputProcessor::SOVStoreType::Summed,fromZoneName
HeatBalanceAirManager.cc,"""Zone Mixing Latent Heat Loss Energy""",OutputProcessor::Unit::J,thisZnAirRpt.MixLatentLoss,OutputProcessor::SOVTimeStepType::System,OutputProcessor::SOVStoreType::Summed,fromZoneName
HeatBalanceAirManager.cc,"""Zone Mixing Latent Heat Gain Energy""",OutputProcessor::Unit::J,thisZnAirRpt.MixLatentGain,OutputProcessor::SOVTimeStepType::System,OutputProcessor::SOVStoreType::Summed,fromZoneName
HeatBalanceAirManager.cc,"""Zone Mixing Total Heat Loss Energy""",OutputProcessor::Unit::J,thisZnAirRpt.MixTotalLoss,OutputProcessor::SOVTimeStepType::System,OutputProcessor::SOVStoreType::Summed,fromZoneName
HeatBalanceAirManager.cc,"""Zone Mixing Total Heat Gain Energy""",OutputProcessor::Unit::J,thisZnAirRpt.MixTotalGain,OutputProcessor::SOVTimeStepType::System,OutputProcessor::SOVStoreType::Summed,fromZoneName
HeatBalanceAirManager.cc,"""Zone Mixing Volume""",OutputProcessor::Unit::m3,state.dataHeatBal->ZnAirRpt(ZoneNumA).MixVolume,OutputProcessor::SOVTimeStepType::System,OutputProcessor::SOVStoreType::Summed,state.dataHeatBal->Zone(ZoneNumA).Name
HeatBalanceAirManager.cc,"""Zone Mixing Current Density Volume Flow Rate""",OutputProcessor::Unit::m3_s,state.dataHeatBal->ZnAirRpt(ZoneNumA).MixVdotCurDensity,OutputProcessor::SOVTimeStepType::System,OutputProcessor::SOVStoreType::Average,state.dataHeatBal->Zone(ZoneNumA).Name
HeatBalanceAirManager.cc,"""Zone Mixing Standard Density Volume Flow Rate""",OutputProcessor::Unit::m3_s,state.dataHeatBal->ZnAirRpt(ZoneNumA).MixVdotStdDensity,OutputProcessor::SOVTimeStepType::System,OutputProcessor::SOVStoreType::Average,state.dataHeatBal->Zone(ZoneNumA).Name
HeatBalanceAirManager.cc,"""Zone Mixing Mass""",OutputProcessor::Unit::kg,state.dataHeatBal->ZnAirRpt(ZoneNumA).MixMass,OutputProcessor::SOVTimeStepType::System,OutputProcessor::SOVStoreType::Summed,state.dataHeatBal->Zone(ZoneNumA).Name
HeatBalanceAirManager.cc,"""Zone Mixing Mass Flow Rate""",OutputProcessor::Unit::kg_s,state.dataHeatBal->ZnAirRpt(ZoneNumA).MixMdot,OutputProcessor::SOVTimeStepType::System,OutputProcessor::SOVStoreType::Average,state.dataHeatBal->Zone(ZoneNumA).Name
HeatBalanceAirManager.cc,"""Zone Mixing Sensible Heat Loss Energy""",OutputProcessor::Unit::J,state.dataHeatBal->ZnAirRpt(ZoneNumA).MixHeatLoss,OutputProcessor::SOVTimeStepType::System,OutputProcessor::SOVStoreType::Summed,state.dataHeatBal->Zone(ZoneNumA).Name
HeatBalanceAirManager.cc,"""Zone Mixing Sensible Heat Gain Energy""",OutputProcessor::Unit::J,state.dataHeatBal->ZnAirRpt(ZoneNumA).MixHeatGain,OutputProcessor::SOVTimeStepType::System,OutputProcessor::SOVStoreType::Summed,state.dataHeatBal->Zone(ZoneNumA).Name
HeatBalanceAirManager.cc,"""Zone Mixing Latent Heat Loss Energy""",OutputProcessor::Unit::J,state.dataHeatBal->ZnAirRpt(ZoneNumA).MixLatentLoss,OutputProcessor::SOVTimeStepType::System,OutputProcessor::SOVStoreType::Summed,state.dataHeatBal->Zone(ZoneNumA).Name
HeatBalanceAirManager.cc,"""Zone Mixing Latent Heat Gain Energy""",OutputProcessor::Unit::J,state.dataHeatBal->ZnAirRpt(ZoneNumA).MixLatentGain,OutputProcessor::SOVTimeStepType::System,OutputProcessor::SOVStoreType::Summed,state.dataHeatBal->Zone(ZoneNumA).Name
HeatBalanceAirManager.cc,"""Zone Mixing Total Heat Loss Energy""",OutputProcessor::Unit::J,state.dataHeatBal->ZnAirRpt(ZoneNumA).MixTotalLoss,OutputProcessor::SOVTimeStepType::System,OutputProcessor::SOVStoreType::Summed,state.dataHeatBal->Zone(ZoneNumA).Name
HeatBalanceAirManager.cc,"""Zone Mixing Total Heat Gain Energy""",OutputProcessor::Unit::J,state.dataHeatBal->ZnAirRpt(ZoneNumA).MixTotalGain,OutputProcessor::SOVTimeStepType::System,OutputProcessor::SOVStoreType::Summed,state.dataHeatBal->Zone(ZoneNumA).Name
HeatBalanceAirManager.cc,"""Zone Mixing Volume""",OutputProcessor::Unit::m3,state.dataHeatBal->ZnAirRpt(ZoneNumB).MixVolume,OutputProcessor::SOVTimeStepType::System,OutputProcessor::SOVStoreType::Summed,state.dataHeatBal->Zone(ZoneNumB).Name
HeatBalanceAirManager.cc,"""Zone Mixing Current Density Volume Flow Rate""",OutputProcessor::Unit::m3_s,state.dataHeatBal->ZnAirRpt(ZoneNumB).MixVdotCurDensity,OutputProcessor::SOVTimeStepType::System,OutputProcessor::SOVStoreType::Average,state.dataHeatBal->Zone(ZoneNumB).Name
HeatBalanceAirManager.cc,"""Zone Mixing Standard Density Volume Flow Rate""",OutputProcessor::Unit::m3_s,state.dataHeatBal->ZnAirRpt(ZoneNumB).MixVdotStdDensity,OutputProcessor::SOVTimeStepType::System,OutputProcessor::SOVStoreType::Average,state.dataHeatBal->Zone(ZoneNumB).Name
HeatBalanceAirManager.cc,"""Zone Mixing Mass""",OutputProcessor::Unit::kg,state.dataHeatBal->ZnAirRpt(ZoneNumB).MixMass,OutputProcessor::SOVTimeStepType::System,OutputProcessor::SOVStoreType::Summed,state.dataHeatBal->Zone(ZoneNumB).Name
HeatBalanceAirManager.cc,"""Zone Mixing Mass Flow Rate""",OutputProcessor::Unit::kg_s,state.dataHeatBal->ZnAirRpt(ZoneNumB).MixMdot,OutputProcessor::SOVTimeStepType::System,OutputProcessor::SOVStoreType::Average,state.dataHeatBal->Zone(ZoneNumB).Name
HeatBalanceAirManager.cc,"""Zone Mixing Sensible Heat Loss Energy""",OutputProcessor::Unit::J,state.dataHeatBal->ZnAirRpt(ZoneNumB).MixHeatLoss,OutputProcessor::SOVTimeStepType::System,OutputProcessor::SOVStoreType::Summed,state.dataHeatBal->Zone(ZoneNumB).Name
HeatBalanceAirManager.cc,"""Zone Mixing Sensible Heat Gain Energy""",OutputProcessor::Unit::J,state.dataHeatBal->ZnAirRpt(ZoneNumB).MixHeatGain,OutputProcessor::SOVTimeStepType::System,OutputProcessor::SOVStoreType::Summed,state.dataHeatBal->Zone(ZoneNumB).Name
HeatBalanceAirManager.cc,"""Zone Mixing Latent Heat Loss Energy""",OutputProcessor::Unit::J,state.dataHeatBal->ZnAirRpt(ZoneNumB).MixLatentLoss,OutputProcessor::SOVTimeStepType::System,OutputProcessor::SOVStoreType::Summed,state.dataHeatBal->Zone(ZoneNumB).Name
HeatBalanceAirManager.cc,"""Zone Mixing Latent Heat Gain Energy""",OutputProcessor::Unit::J,state.dataHeatBal->ZnAirRpt(ZoneNumB).MixLatentGain,OutputProcessor::SOVTimeStepType::System,OutputProcessor::SOVStoreType::Summed,state.dataHeatBal->Zone(ZoneNumB).Name
HeatBalanceAirManager.cc,"""Zone Mixing Total Heat Loss Energy""",OutputProcessor::Unit::J,state.dataHeatBal->ZnAirRpt(ZoneNumB).MixTotalLoss,OutputProcessor::SOVTimeStepType::System,OutputProcessor::SOVStoreType::Summed,state.dataHeatBal->Zone(ZoneNumB).Name
HeatBalanceAirManager.cc,"""Zone Mixing Total Heat Gain Energy""",OutputProcessor::Unit::J,state.dataHeatBal->ZnAirRpt(ZoneNumB).MixTotalGain,OutputProcessor::SOVTimeStepType::System,OutputProcessor::SOVStoreType::Summed,state.dataHeatBal->Zone(ZoneNumB).Name
HeatBalanceAirManager.cc,"""Zone Air Mass Balance Supply Mass Flow Rate""",OutputProcessor::Unit::kg_s,state.dataHeatBal->MassConservation(ZoneNum).InMassFlowRate,OutputProcessor::SOVTimeStepType::System,OutputProcessor::SOVStoreType::Average,state.dataHeatBal->Zone(ZoneNum).Name
HeatBalanceAirManager.cc,"""Zone Air Mass Balance Exhaust Mass Flow Rate""",OutputProcessor::Unit::kg_s,state.dataHeatBal->MassConservation(ZoneNum).ExhMassFlowRate,OutputProcessor::SOVTimeStepType::System,OutputProcessor::SOVStoreType::Average,state.dataHeatBal->Zone(ZoneNum).Name
HeatBalanceAirManager.cc,"""Zone Air Mass Balance Return Mass Flow Rate""",OutputProcessor::Unit::kg_s,state.dataHeatBal->MassConservation(ZoneNum).RetMassFlowRate,OutputProcessor::SOVTimeStepType::System,OutputProcessor::SOVStoreType::Average,state.dataHeatBal->Zone(ZoneNum).Name
HeatBalanceAirManager.cc,"""Zone Air Mass Balance Mixing Receiving Mass Flow Rate""",OutputProcessor::Unit::kg_s,state.dataHeatBal->MassConservation(ZoneNum).MixingMassFlowRate,OutputProcessor::SOVTimeStepType::System,OutputProcessor::SOVStoreType::Average,state.dataHeatBal->Zone(ZoneNum).Name
HeatBalanceAirManager.cc,"""Zone Air Mass Balance Mixing Source Mass Flow Rate""",OutputProcessor::Unit::kg_s,state.dataHeatBal->MassConservation(ZoneNum).MixingSourceMassFlowRate,OutputProcessor::SOVTimeStepType::System,OutputProcessor::SOVStoreType::Average,state.dataHeatBal->Zone(ZoneNum).Name
HeatBalanceAirManager.cc,"""Zone Air Mass Balance Infiltration Mass Flow Rate""",OutputProcessor::Unit::kg_s,state.dataHeatBal->MassConservation(ZoneNum).InfiltrationMassFlowRate,OutputProcessor::SOVTimeStepType::System,OutputProcessor::SOVStoreType::Average,state.dataHeatBal->Zone(ZoneNum).Name
HeatBalanceAirManager.cc,"""Zone Air Mass Balance Infiltration Status""",OutputProcessor::Unit::None,state.dataHeatBal->MassConservation(ZoneNum).IncludeInfilToZoneMassBal,OutputProcessor::SOVTimeStepType::System,OutputProcessor::SOVStoreType::Average,state.dataHeatBal->Zone(ZoneNum).Name
PlantValves.cc,"""Tempering Valve Flow Fraction""",OutputProcessor::Unit::None,state.dataPlantValves->TemperValve(Item).FlowDivFract,OutputProcessor::SOVTimeStepType::System,OutputProcessor::SOVStoreType::Average,state.dataPlantValves->TemperValve(Item).Name
ChillerReformulatedEIR.cc,"""Chiller Part Load Ratio""",OutputProcessor::Unit::None,this->ChillerPartLoadRatio,OutputProcessor::SOVTimeStepType::System,OutputProcessor::SOVStoreType::Average,this->Name
ChillerReformulatedEIR.cc,"""Chiller Cycling Ratio""",OutputProcessor::Unit::None,this->ChillerCyclingRatio,OutputProcessor::SOVTimeStepType::System,OutputProcessor::SOVStoreType::Average,this->Name
ChillerReformulatedEIR.cc,"""Chiller Electricity Rate""",OutputProcessor::Unit::W,this->Power,OutputProcessor::SOVTimeStepType::System,OutputProcessor::SOVStoreType::Average,this->Name
ChillerReformulatedEIR.cc,"""Chiller Electricity Energy""",OutputProcessor::Unit::J,this->Energy,OutputProcessor::SOVTimeStepType::System,OutputProcessor::SOVStoreType::Summed,this->Name
ChillerReformulatedEIR.cc,"""Chiller Evaporator Cooling Rate""",OutputProcessor::Unit::W,this->QEvaporator,OutputProcessor::SOVTimeStepType::System,OutputProcessor::SOVStoreType::Average,this->Name
ChillerReformulatedEIR.cc,"""Chiller Evaporator Cooling Energy""",OutputProcessor::Unit::J,this->EvapEnergy,OutputProcessor::SOVTimeStepType::System,OutputProcessor::SOVStoreType::Summed,this->Name
ChillerReformulatedEIR.cc,"""Chiller False Load Heat Transfer Rate""",OutputProcessor::Unit::W,this->ChillerFalseLoadRate,OutputProcessor::SOVTimeStepType::System,OutputProcessor::SOVStoreType::Average,this->Name
ChillerReformulatedEIR.cc,"""Chiller False Load Heat Transfer Energy""",OutputProcessor::Unit::J,this->ChillerFalseLoad,OutputProcessor::SOVTimeStepType::System,OutputProcessor::SOVStoreType::Summed,this->Name
ChillerReformulatedEIR.cc,"""Chiller Evaporator Inlet Temperature""",OutputProcessor::Unit::C,this->EvapInletTemp,OutputProcessor::SOVTimeStepType::System,OutputProcessor::SOVStoreType::Average,this->Name
ChillerReformulatedEIR.cc,"""Chiller Evaporator Outlet Temperature""",OutputProcessor::Unit::C,this->EvapOutletTemp,OutputProcessor::SOVTimeStepType::System,OutputProcessor::SOVStoreType::Average,this->Name
ChillerReformulatedEIR.cc,"""Chiller Evaporator Mass Flow Rate""",OutputProcessor::Unit::kg_s,this->EvapMassFlowRate,OutputProcessor::SOVTimeStepType::System,OutputProcessor::SOVStoreType::Average,this->Name
ChillerReformulatedEIR.cc,"""Chiller Condenser Heat Transfer Rate""",OutputProcessor::Unit::W,this->QCondenser,OutputProcessor::SOVTimeStepType::System,OutputProcessor::SOVStoreType::Average,this->Name
ChillerReformulatedEIR.cc,"""Chiller Condenser Heat Transfer Energy""",OutputProcessor::Unit::J,this->CondEnergy,OutputProcessor::SOVTimeStepType::System,OutputProcessor::SOVStoreType::Summed,this->Name
ChillerReformulatedEIR.cc,"""Chiller COP""",OutputProcessor::Unit::W_W,this->ActualCOP,OutputProcessor::SOVTimeStepType::System,OutputProcessor::SOVStoreType::Average,this->Name
ChillerReformulatedEIR.cc,"""Chiller Capacity Temperature Modifier Multiplier""",OutputProcessor::Unit::None,this->ChillerCapFT,OutputProcessor::SOVTimeStepType::System,OutputProcessor::SOVStoreType::Average,this->Name
ChillerReformulatedEIR.cc,"""Chiller EIR Temperature Modifier Multiplier""",OutputProcessor::Unit::None,this->ChillerEIRFT,OutputProcessor::SOVTimeStepType::System,OutputProcessor::SOVStoreType::Average,this->Name
ChillerReformulatedEIR.cc,"""Chiller EIR Part Load Modifier Multiplier""",OutputProcessor::Unit::None,this->ChillerEIRFPLR,OutputProcessor::SOVTimeStepType::System,OutputProcessor::SOVStoreType::Average,this->Name
ChillerReformulatedEIR.cc,"""Chiller Condenser Inlet Temperature""",OutputProcessor::Unit::C,this->CondInletTemp,OutputProcessor::SOVTimeStepType::System,OutputProcessor::SOVStoreType::Average,this->Name
ChillerReformulatedEIR.cc,"""Chiller Condenser Outlet Temperature""",OutputProcessor::Unit::C,this->CondOutletTemp,OutputProcessor::SOVTimeStepType::System,OutputProcessor::SOVStoreType::Average,this->Name
ChillerReformulatedEIR.cc,"""Chiller Condenser Mass Flow Rate""",OutputProcessor::Unit::kg_s,this->CondMassFlowRate,OutputProcessor::SOVTimeStepType::System,OutputProcessor::SOVStoreType::Average,this->Name
ChillerReformulatedEIR.cc,"""Chiller Total Recovered Heat Rate""",OutputProcessor::Unit::W,this->QHeatRecovery,OutputProcessor::SOVTimeStepType::System,OutputProcessor::SOVStoreType::Average,this->Name
ChillerReformulatedEIR.cc,"""Chiller Total Recovered Heat Energy""",OutputProcessor::Unit::J,this->EnergyHeatRecovery,OutputProcessor::SOVTimeStepType::System,OutputProcessor::SOVStoreType::Summed,this->Name
ChillerReformulatedEIR.cc,"""Chiller Heat Recovery Inlet Temperature""",OutputProcessor::Unit::C,this->HeatRecInletTemp,OutputProcessor::SOVTimeStepType::System,OutputProcessor::SOVStoreType::Average,this->Name
ChillerReformulatedEIR.cc,"""Chiller Heat Recovery Outlet Temperature""",OutputProcessor::Unit::C,this->HeatRecOutletTemp,OutputProcessor::SOVTimeStepType::System,OutputProcessor::SOVStoreType::Average,this->Name
ChillerReformulatedEIR.cc,"""Chiller Heat Recovery Mass Flow Rate""",OutputProcessor::Unit::kg_s,this->HeatRecMassFlow,OutputProcessor::SOVTimeStepType::System,OutputProcessor::SOVStoreType::Average,this->Name
ChillerReformulatedEIR.cc,"""Chiller Effective Heat Rejection Temperature""",OutputProcessor::Unit::C,this->ChillerCondAvgTemp,OutputProcessor::SOVTimeStepType::System,OutputProcessor::SOVStoreType::Average,this->Name
HVACFan.cc,"""Fan Electricity Rate""",OutputProcessor::Unit::W,m_fanPower,OutputProcessor::SOVTimeStepType::System,OutputProcessor::SOVStoreType::Average,name
HVACFan.cc,"""Fan Rise in Air Temperature""",OutputProcessor::Unit::deltaC,m_deltaTemp,OutputProcessor::SOVTimeStepType::System,OutputProcessor::SOVStoreType::Average,name
HVACFan.cc,"""Fan Heat Gain to Air""",OutputProcessor::Unit::W,m_powerLossToAir,OutputProcessor::SOVTimeStepType::System,OutputProcessor::SOVStoreType::Average,name
HVACFan.cc,"""Fan Electricity Energy""",OutputProcessor::Unit::J,m_fanEnergy,OutputProcessor::SOVTimeStepType::System,OutputProcessor::SOVStoreType::Summed,name
HVACFan.cc,"""Fan Air Mass Flow Rate""",OutputProcessor::Unit::kg_s,m_outletAirMassFlowRate,OutputProcessor::SOVTimeStepType::System,OutputProcessor::SOVStoreType::Average,name
HVACFan.cc,"""Fan Runtime Fraction""",OutputProcessor::Unit::None,m_fanRunTimeFractionAtSpeed[0],OutputProcessor::SOVTimeStepType::System,OutputProcessor::SOVStoreType::Average,name
HVACFan.cc,"""Fan Runtime Fraction Speed "" + fmt::to_string(speedLoop + 1)",OutputProcessor::Unit::None,m_fanRunTimeFractionAtSpeed[speedLoop],OutputProcessor::SOVTimeStepType::System,OutputProcessor::SOVStoreType::Average,name
RoomAirModelAirflowNetwork.cc,"""RoomAirflowNetwork Node NonAirSystemResponse""",OutputProcessor::Unit::W,afnNode.NonAirSystemResponse,OutputProcessor::SOVTimeStepType::HVAC,OutputProcessor::SOVStoreType::Average,afnNode.Name
RoomAirModelAirflowNetwork.cc,"""RoomAirflowNetwork Node SysDepZoneLoadsLagged""",OutputProcessor::Unit::W,afnNode.SysDepZoneLoadsLagged,OutputProcessor::SOVTimeStepType::HVAC,OutputProcessor::SOVStoreType::Average,afnNode.Name
RoomAirModelAirflowNetwork.cc,"""RoomAirflowNetwork Node SumIntSensibleGain""",OutputProcessor::Unit::W,afnNode.SumIntSensibleGain,OutputProcessor::SOVTimeStepType::HVAC,OutputProcessor::SOVStoreType::Average,afnNode.Name
RoomAirModelAirflowNetwork.cc,"""RoomAirflowNetwork Node SumIntLatentGain""",OutputProcessor::Unit::W,afnNode.SumIntLatentGain,OutputProcessor::SOVTimeStepType::HVAC,OutputProcessor::SOVStoreType::Average,afnNode.Name
RoomAirModelAirflowNetwork.cc,"""RoomAirflowNetwork Node HVAC Supply Fraction""",OutputProcessor::Unit::None,afnHVAC.SupplyFraction,OutputProcessor::SOVTimeStepType::HVAC,OutputProcessor::SOVStoreType::Average,afnHVAC.Name
RoomAirModelAirflowNetwork.cc,"""RoomAirflowNetwork Node HVAC Return Fraction""",OutputProcessor::Unit::None,afnHVAC.ReturnFraction,OutputProcessor::SOVTimeStepType::HVAC,OutputProcessor::SOVStoreType::Average,afnHVAC.Name
UnitVentilator.cc,"""Zone Unit Ventilator Heating Rate""",OutputProcessor::Unit::W,unitVent.HeatPower,OutputProcessor::SOVTimeStepType::System,OutputProcessor::SOVStoreType::Average,unitVent.Name
UnitVentilator.cc,"""Zone Unit Ventilator Heating Energy""",OutputProcessor::Unit::J,unitVent.HeatEnergy,OutputProcessor::SOVTimeStepType::System,OutputProcessor::SOVStoreType::Summed,unitVent.Name
UnitVentilator.cc,"""Zone Unit Ventilator Total Cooling Rate""",OutputProcessor::Unit::W,unitVent.TotCoolPower,OutputProcessor::SOVTimeStepType::System,OutputProcessor::SOVStoreType::Average,unitVent.Name
UnitVentilator.cc,"""Zone Unit Ventilator Total Cooling Energy""",OutputProcessor::Unit::J,unitVent.TotCoolEnergy,OutputProcessor::SOVTimeStepType::System,OutputProcessor::SOVStoreType::Summed,unitVent.Name
UnitVentilator.cc,"""Zone Unit Ventilator Sensible Cooling Rate""",OutputProcessor::Unit::W,unitVent.SensCoolPower,OutputProcessor::SOVTimeStepType::System,OutputProcessor::SOVStoreType::Average,unitVent.Name
UnitVentilator.cc,"""Zone Unit Ventilator Sensible Cooling Energy""",OutputProcessor::Unit::J,unitVent.SensCoolEnergy,OutputProcessor::SOVTimeStepType::System,OutputProcessor::SOVStoreType::Summed,unitVent.Name
UnitVentilator.cc,"""Zone Unit Ventilator Fan Electricity Rate""",OutputProcessor::Unit::W,unitVent.ElecPower,OutputProcessor::SOVTimeStepType::System,OutputProcessor::SOVStoreType::Average,unitVent.Name
UnitVentilator.cc,"""Zone Unit Ventilator Fan Electricity Energy""",OutputProcessor::Unit::J,unitVent.ElecEnergy,OutputProcessor::SOVTimeStepType::System,OutputProcessor::SOVStoreType::Summed,unitVent.Name
UnitVentilator.cc,"""Zone Unit Ventilator Fan Availability Status""",OutputProcessor::Unit::None,unitVent.AvailStatus,OutputProcessor::SOVTimeStepType::System,OutputProcessor::SOVStoreType::Average,unitVent.Name
UnitVentilator.cc,"""Zone Unit Ventilator Fan Part Load Ratio""",OutputProcessor::Unit::None,unitVent.FanPartLoadRatio,OutputProcessor::SOVTimeStepType::System,OutputProcessor::SOVStoreType::Average,unitVent.Name
DemandManager.cc,"""Demand Manager Meter Demand Power""",OutputProcessor::Unit::W,thisDemandMgrList.MeterDemand,OutputProcessor::SOVTimeStepType::Zone,OutputProcessor::SOVStoreType::Average,thisDemandMgrList.Name
DemandManager.cc,"""Demand Manager Average Demand Power""",OutputProcessor::Unit::W,thisDemandMgrList.AverageDemand,OutputProcessor::SOVTimeStepType::Zone,OutputProcessor::SOVStoreType::Average,thisDemandMgrList.Name
DemandManager.cc,"""Demand Manager Peak Demand Power""",OutputProcessor::Unit::W,thisDemandMgrList.PeakDemand,OutputProcessor::SOVTimeStepType::Zone,OutputProcessor::SOVStoreType::Average,thisDemandMgrList.Name
DemandManager.cc,"""Demand Manager Scheduled Limit Power""",OutputProcessor::Unit::W,thisDemandMgrList.ScheduledLimit,OutputProcessor::SOVTimeStepType::Zone,OutputProcessor::SOVStoreType::Average,thisDemandMgrList.Name
DemandManager.cc,"""Demand Manager Demand Limit Power""",OutputProcessor::Unit::W,thisDemandMgrList.DemandLimit,OutputProcessor::SOVTimeStepType::Zone,OutputProcessor::SOVStoreType::Average,thisDemandMgrList.Name
DemandManager.cc,"""Demand Manager Over Limit Power""",OutputProcessor::Unit::W,thisDemandMgrList.OverLimit,OutputProcessor::SOVTimeStepType::Zone,OutputProcessor::SOVStoreType::Average,thisDemandMgrList.Name
DemandManager.cc,"""Demand Manager Over Limit Time""",OutputProcessor::Unit::hr,thisDemandMgrList.OverLimitDuration,OutputProcessor::SOVTimeStepType::Zone,OutputProcessor::SOVStoreType::Summed,thisDemandMgrList.Name
DemandManager.cc,"""Demand Manager Exterior Energy Iteration Count""",OutputProcessor::Unit::None,state.dataDemandManager->DemandManagerExtIterations,OutputProcessor::SOVTimeStepType::Zone,OutputProcessor::SOVStoreType::Summed,"""ManageDemand"""
DemandManager.cc,"""Demand Manager Heat Balance Iteration Count""",OutputProcessor::Unit::None,state.dataDemandManager->DemandManagerHBIterations,OutputProcessor::SOVTimeStepType::Zone,OutputProcessor::SOVStoreType::Summed,"""ManageDemand"""
DemandManager.cc,"""Demand Manager HVAC Iteration Count""",OutputProcessor::Unit::None,state.dataDemandManager->DemandManagerHVACIterations,OutputProcessor::SOVTimeStepType::Zone,OutputProcessor::SOVStoreType::Summed,"""ManageDemand"""
DaylightingManager.cc,"format(""Daylighting Window Reference Point {} Illuminance"", refPtNum)",OutputProcessor::Unit::lux,state.dataSurface->SurfaceWindow(SurfLoop).IllumFromWinAtRefPtRep(refPtNum),OutputProcessor::SOVTimeStepType::Zone,OutputProcessor::SOVStoreType::Average,state.dataSurface->Surface(SurfLoop).Name
DaylightingManager.cc,"format(""Daylighting Window Reference Point {} View Luminance"", refPtNum)",OutputProcessor::Unit::cd_m2,state.dataSurface->SurfaceWindow(SurfLoop).LumWinFromRefPtRep(refPtNum),OutputProcessor::SOVTimeStepType::Zone,OutputProcessor::SOVStoreType::Average,state.dataSurface->Surface(SurfLoop).Name
DaylightingManager.cc,"""Daylighting Window Reference Point Illuminance""",OutputProcessor::Unit::lux,state.dataSurface->SurfaceWindow(enclSurfNum).IllumFromWinAtRefPtRep(refPtCount),OutputProcessor::SOVTimeStepType::Zone,OutputProcessor::SOVStoreType::Average,varKey
DaylightingManager.cc,"""Daylighting Window Reference Point View Luminance""",OutputProcessor::Unit::cd_m2,state.dataSurface->SurfaceWindow(enclSurfNum).LumWinFromRefPtRep(refPtCount),OutputProcessor::SOVTimeStepType::Zone,OutputProcessor::SOVStoreType::Average,varKey
DaylightingManager.cc,"format(""Daylighting Reference Point {} Illuminance"", refPtNum)",OutputProcessor::Unit::lux,daylightControl.DaylIllumAtRefPt(refPtNum),OutputProcessor::SOVTimeStepType::Zone,OutputProcessor::SOVStoreType::Average,daylightControl.Name
DaylightingManager.cc,"format(""Daylighting Reference Point {} Daylight Illuminance Setpoint Exceeded Time"", refPtNum)",OutputProcessor::Unit::hr,daylightControl.TimeExceedingDaylightIlluminanceSPAtRefPt(refPtNum),OutputProcessor::SOVTimeStepType::Zone,OutputProcessor::SOVStoreType::Summed,daylightControl.Name
DaylightingManager.cc,"format(""Daylighting Reference Point {} Glare Index"", refPtNum)",OutputProcessor::Unit::None,daylightControl.GlareIndexAtRefPt(refPtNum),OutputProcessor::SOVTimeStepType::Zone,OutputProcessor::SOVStoreType::Average,daylightControl.Name
DaylightingManager.cc,"format(""Daylighting Reference Point {} Glare Index Setpoint Exceeded Time"", refPtNum)",OutputProcessor::Unit::hr,daylightControl.TimeExceedingGlareIndexSPAtRefPt(refPtNum),OutputProcessor::SOVTimeStepType::Zone,OutputProcessor::SOVStoreType::Summed,daylightControl.Name
DaylightingManager.cc,"""Daylighting Lighting Power Multiplier""",OutputProcessor::Unit::None,daylightControl.PowerReductionFactor,OutputProcessor::SOVTimeStepType::Zone,OutputProcessor::SOVStoreType::Average,daylightControl.Name
PlantChillers.cc,"""Chiller Electricity Rate""",OutputProcessor::Unit::W,this->Power,OutputProcessor::SOVTimeStepType::System,OutputProcessor::SOVStoreType::Average,this->Name
PlantChillers.cc,"""Chiller Electricity Energy""",OutputProcessor::Unit::J,this->Energy,OutputProcessor::SOVTimeStepType::System,OutputProcessor::SOVStoreType::Summed,this->Name
PlantChillers.cc,"""Chiller Evaporator Cooling Rate""",OutputProcessor::Unit::W,this->QEvaporator,OutputProcessor::SOVTimeStepType::System,OutputProcessor::SOVStoreType::Average,this->Name
PlantChillers.cc,"""Chiller Evaporator Cooling Energy""",OutputProcessor::Unit::J,this->EvaporatorEnergy,OutputProcessor::SOVTimeStepType::System,OutputProcessor::SOVStoreType::Summed,this->Name
PlantChillers.cc,"""Chiller Evaporator Inlet Temperature""",OutputProcessor::Unit::C,this->EvapInletTemp,OutputProcessor::SOVTimeStepType::System,OutputProcessor::SOVStoreType::Average,this->Name
PlantChillers.cc,"""Chiller Evaporator Outlet Temperature""",OutputProcessor::Unit::C,this->EvapOutletTemp,OutputProcessor::SOVTimeStepType::System,OutputProcessor::SOVStoreType::Average,this->Name
PlantChillers.cc,"""Chiller Evaporator Mass Flow Rate""",OutputProcessor::Unit::kg_s,this->EvapMassFlowRate,OutputProcessor::SOVTimeStepType::System,OutputProcessor::SOVStoreType::Average,this->Name
PlantChillers.cc,"""Chiller Condenser Heat Transfer Rate""",OutputProcessor::Unit::W,this->QCondenser,OutputProcessor::SOVTimeStepType::System,OutputProcessor::SOVStoreType::Average,this->Name
PlantChillers.cc,"""Chiller Condenser Heat Transfer Energy""",OutputProcessor::Unit::J,this->CondenserEnergy,OutputProcessor::SOVTimeStepType::System,OutputProcessor::SOVStoreType::Summed,this->Name
PlantChillers.cc,"""Chiller COP""",OutputProcessor::Unit::W_W,this->ActualCOP,OutputProcessor::SOVTimeStepType::System,OutputProcessor::SOVStoreType::Average,this->Name
PlantChillers.cc,"""Chiller Condenser Inlet Temperature""",OutputProcessor::Unit::C,this->CondInletTemp,OutputProcessor::SOVTimeStepType::System,OutputProcessor::SOVStoreType::Average,this->Name
PlantChillers.cc,"""Chiller Condenser Outlet Temperature""",OutputProcessor::Unit::C,this->CondOutletTemp,OutputProcessor::SOVTimeStepType::System,OutputProcessor::SOVStoreType::Average,this->Name
PlantChillers.cc,"""Chiller Condenser Mass Flow Rate""",OutputProcessor::Unit::kg_s,this->CondMassFlowRate,OutputProcessor::SOVTimeStepType::System,OutputProcessor::SOVStoreType::Average,this->Name
PlantChillers.cc,"""Chiller Basin Heater Electricity Rate""",OutputProcessor::Unit::W,this->BasinHeaterPower,OutputProcessor::SOVTimeStepType::System,OutputProcessor::SOVStoreType::Average,this->Name
PlantChillers.cc,"""Chiller Basin Heater Electricity Energy""",OutputProcessor::Unit::J,this->BasinHeaterConsumption,OutputProcessor::SOVTimeStepType::System,OutputProcessor::SOVStoreType::Summed,this->Name
PlantChillers.cc,"""Chiller Total Recovered Heat Rate""",OutputProcessor::Unit::W,this->QHeatRecovery,OutputProcessor::SOVTimeStepType::System,OutputProcessor::SOVStoreType::Average,this->Name
PlantChillers.cc,"""Chiller Total Recovered Heat Energy""",OutputProcessor::Unit::J,this->EnergyHeatRecovery,OutputProcessor::SOVTimeStepType::System,OutputProcessor::SOVStoreType::Summed,this->Name
PlantChillers.cc,"""Chiller Heat Recovery Inlet Temperature""",OutputProcessor::Unit::C,this->HeatRecInletTemp,OutputProcessor::SOVTimeStepType::System,OutputProcessor::SOVStoreType::Average,this->Name
PlantChillers.cc,"""Chiller Heat Recovery Outlet Temperature""",OutputProcessor::Unit::C,this->HeatRecOutletTemp,OutputProcessor::SOVTimeStepType::System,OutputProcessor::SOVStoreType::Average,this->Name
PlantChillers.cc,"""Chiller Heat Recovery Mass Flow Rate""",OutputProcessor::Unit::kg_s,this->HeatRecMdot,OutputProcessor::SOVTimeStepType::System,OutputProcessor::SOVStoreType::Average,this->Name
PlantChillers.cc,"""Chiller Effective Heat Rejection Temperature""",OutputProcessor::Unit::C,this->ChillerCondAvgTemp,OutputProcessor::SOVTimeStepType::System,OutputProcessor::SOVStoreType::Average,this->Name
PlantChillers.cc,"""Chiller Drive Shaft Power""",OutputProcessor::Unit::W,this->Power,OutputProcessor::SOVTimeStepType::System,OutputProcessor::SOVStoreType::Average,this->Name
PlantChillers.cc,"""Chiller Drive Shaft Energy""",OutputProcessor::Unit::J,this->Energy,OutputProcessor::SOVTimeStepType::System,OutputProcessor::SOVStoreType::Summed,this->Name
PlantChillers.cc,"""Chiller Evaporator Cooling Rate""",OutputProcessor::Unit::W,this->QEvaporator,OutputProcessor::SOVTimeStepType::System,OutputProcessor::SOVStoreType::Average,this->Name
PlantChillers.cc,"""Chiller Evaporator Cooling Energy""",OutputProcessor::Unit::J,this->EvaporatorEnergy,OutputProcessor::SOVTimeStepType::System,OutputProcessor::SOVStoreType::Summed,this->Name
PlantChillers.cc,"""Chiller Evaporator Inlet Temperature""",OutputProcessor::Unit::C,this->EvapInletTemp,OutputProcessor::SOVTimeStepType::System,OutputProcessor::SOVStoreType::Average,this->Name
PlantChillers.cc,"""Chiller Evaporator Outlet Temperature""",OutputProcessor::Unit::C,this->EvapOutletTemp,OutputProcessor::SOVTimeStepType::System,OutputProcessor::SOVStoreType::Average,this->Name
PlantChillers.cc,"""Chiller Evaporator Mass Flow Rate""",OutputProcessor::Unit::kg_s,this->EvapMassFlowRate,OutputProcessor::SOVTimeStepType::System,OutputProcessor::SOVStoreType::Average,this->Name
PlantChillers.cc,"""Chiller Condenser Heat Transfer Rate""",OutputProcessor::Unit::W,this->QCondenser,OutputProcessor::SOVTimeStepType::System,OutputProcessor::SOVStoreType::Average,this->Name
PlantChillers.cc,"""Chiller Condenser Heat Transfer Energy""",OutputProcessor::Unit::J,this->CondenserEnergy,OutputProcessor::SOVTimeStepType::System,OutputProcessor::SOVStoreType::Summed,this->Name
PlantChillers.cc,"""Chiller Condenser Inlet Temperature""",OutputProcessor::Unit::C,this->CondInletTemp,OutputProcessor::SOVTimeStepType::System,OutputProcessor::SOVStoreType::Average,this->Name
PlantChillers.cc,"""Chiller Condenser Outlet Temperature""",OutputProcessor::Unit::C,this->CondOutletTemp,OutputProcessor::SOVTimeStepType::System,OutputProcessor::SOVStoreType::Average,this->Name
PlantChillers.cc,"""Chiller Condenser Mass Flow Rate""",OutputProcessor::Unit::kg_s,this->CondMassFlowRate,OutputProcessor::SOVTimeStepType::System,OutputProcessor::SOVStoreType::Average,this->Name
PlantChillers.cc,"""Chiller Basin Heater Electricity Rate""",OutputProcessor::Unit::W,this->BasinHeaterPower,OutputProcessor::SOVTimeStepType::System,OutputProcessor::SOVStoreType::Average,this->Name
PlantChillers.cc,"""Chiller Basin Heater Electricity Energy""",OutputProcessor::Unit::J,this->BasinHeaterConsumption,OutputProcessor::SOVTimeStepType::System,OutputProcessor::SOVStoreType::Summed,this->Name
PlantChillers.cc,"format(""Chiller {} Rate"", sFuelType)",OutputProcessor::Unit::W,this->FuelEnergyUseRate,OutputProcessor::SOVTimeStepType::System,OutputProcessor::SOVStoreType::Average,this->Name
PlantChillers.cc,"format(""Chiller {} Energy"", sFuelType)",OutputProcessor::Unit::J,this->FuelEnergy,OutputProcessor::SOVTimeStepType::System,OutputProcessor::SOVStoreType::Summed,this->Name
PlantChillers.cc,"""Chiller COP""",OutputProcessor::Unit::W_W,this->FuelCOP,OutputProcessor::SOVTimeStepType::System,OutputProcessor::SOVStoreType::Average,this->Name
PlantChillers.cc,"format(""Chiller {} Mass Flow Rate"", sFuelType)",OutputProcessor::Unit::kg_s,this->FuelMdot,OutputProcessor::SOVTimeStepType::System,OutputProcessor::SOVStoreType::Average,this->Name
PlantChillers.cc,"""Chiller Exhaust Temperature""",OutputProcessor::Unit::C,this->ExhaustStackTemp,OutputProcessor::SOVTimeStepType::System,OutputProcessor::SOVStoreType::Average,this->Name
PlantChillers.cc,"""Chiller Heat Recovery Mass Flow Rate""",OutputProcessor::Unit::kg_s,this->HeatRecMdot,OutputProcessor::SOVTimeStepType::System,OutputProcessor::SOVStoreType::Average,this->Name
PlantChillers.cc,"""Chiller Jacket Recovered Heat Rate""",OutputProcessor::Unit::W,this->QJacketRecovered,OutputProcessor::SOVTimeStepType::System,OutputProcessor::SOVStoreType::Average,this->Name
PlantChillers.cc,"""Chiller Jacket Recovered Heat Energy""",OutputProcessor::Unit::J,this->JacketEnergyRec,OutputProcessor::SOVTimeStepType::System,OutputProcessor::SOVStoreType::Summed,this->Name
PlantChillers.cc,"""Chiller Lube Recovered Heat Rate""",OutputProcessor::Unit::W,this->QLubeOilRecovered,OutputProcessor::SOVTimeStepType::System,OutputProcessor::SOVStoreType::Average,this->Name
PlantChillers.cc,"""Chiller Lube Recovered Heat Energy""",OutputProcessor::Unit::J,this->LubeOilEnergyRec,OutputProcessor::SOVTimeStepType::System,OutputProcessor::SOVStoreType::Summed,this->Name
PlantChillers.cc,"""Chiller Exhaust Recovered Heat Rate""",OutputProcessor::Unit::W,this->QExhaustRecovered,OutputProcessor::SOVTimeStepType::System,OutputProcessor::SOVStoreType::Average,this->Name
PlantChillers.cc,"""Chiller Exhaust Recovered Heat Energy""",OutputProcessor::Unit::J,this->ExhaustEnergyRec,OutputProcessor::SOVTimeStepType::System,OutputProcessor::SOVStoreType::Summed,this->Name
PlantChillers.cc,"""Chiller Total Recovered Heat Rate""",OutputProcessor::Unit::W,this->QTotalHeatRecovered,OutputProcessor::SOVTimeStepType::System,OutputProcessor::SOVStoreType::Average,this->Name
PlantChillers.cc,"""Chiller Total Recovered Heat Energy""",OutputProcessor::Unit::J,this->TotalHeatEnergyRec,OutputProcessor::SOVTimeStepType::System,OutputProcessor::SOVStoreType::Summed,this->Name
PlantChillers.cc,"""Chiller Heat Recovery Inlet Temperature""",OutputProcessor::Unit::C,this->HeatRecInletTemp,OutputProcessor::SOVTimeStepType::System,OutputProcessor::SOVStoreType::Average,this->Name
PlantChillers.cc,"""Chiller Heat Recovery Outlet Temperature""",OutputProcessor::Unit::C,this->HeatRecOutletTemp,OutputProcessor::SOVTimeStepType::System,OutputProcessor::SOVStoreType::Average,this->Name
PlantChillers.cc,"""Chiller Drive Shaft Power""",OutputProcessor::Unit::W,this->Power,OutputProcessor::SOVTimeStepType::System,OutputProcessor::SOVStoreType::Average,this->Name
PlantChillers.cc,"""Chiller Drive Shaft Energy""",OutputProcessor::Unit::J,this->Energy,OutputProcessor::SOVTimeStepType::System,OutputProcessor::SOVStoreType::Summed,this->Name
PlantChillers.cc,"""Chiller Evaporator Cooling Rate""",OutputProcessor::Unit::W,this->QEvaporator,OutputProcessor::SOVTimeStepType::System,OutputProcessor::SOVStoreType::Average,this->Name
PlantChillers.cc,"""Chiller Evaporator Cooling Energy""",OutputProcessor::Unit::J,this->EvaporatorEnergy,OutputProcessor::SOVTimeStepType::System,OutputProcessor::SOVStoreType::Summed,this->Name
PlantChillers.cc,"""Chiller Evaporator Inlet Temperature""",OutputProcessor::Unit::C,this->EvapInletTemp,OutputProcessor::SOVTimeStepType::System,OutputProcessor::SOVStoreType::Average,this->Name
PlantChillers.cc,"""Chiller Evaporator Outlet Temperature""",OutputProcessor::Unit::C,this->EvapOutletTemp,OutputProcessor::SOVTimeStepType::System,OutputProcessor::SOVStoreType::Average,this->Name
PlantChillers.cc,"""Chiller Evaporator Mass Flow Rate""",OutputProcessor::Unit::kg_s,this->EvapMassFlowRate,OutputProcessor::SOVTimeStepType::System,OutputProcessor::SOVStoreType::Average,this->Name
PlantChillers.cc,"""Chiller Condenser Heat Transfer Rate""",OutputProcessor::Unit::W,this->QCondenser,OutputProcessor::SOVTimeStepType::System,OutputProcessor::SOVStoreType::Average,this->Name
PlantChillers.cc,"""Chiller Condenser Heat Transfer Energy""",OutputProcessor::Unit::J,this->CondenserEnergy,OutputProcessor::SOVTimeStepType::System,OutputProcessor::SOVStoreType::Summed,this->Name
PlantChillers.cc,"""Chiller Condenser Inlet Temperature""",OutputProcessor::Unit::C,this->CondInletTemp,OutputProcessor::SOVTimeStepType::System,OutputProcessor::SOVStoreType::Average,this->Name
PlantChillers.cc,"""Chiller Condenser Outlet Temperature""",OutputProcessor::Unit::C,this->CondOutletTemp,OutputProcessor::SOVTimeStepType::System,OutputProcessor::SOVStoreType::Average,this->Name
PlantChillers.cc,"""Chiller Condenser Mass Flow Rate""",OutputProcessor::Unit::kg_s,this->CondMassFlowRate,OutputProcessor::SOVTimeStepType::System,OutputProcessor::SOVStoreType::Average,this->Name
PlantChillers.cc,"""Chiller Basin Heater Electricity Rate""",OutputProcessor::Unit::W,this->BasinHeaterPower,OutputProcessor::SOVTimeStepType::System,OutputProcessor::SOVStoreType::Average,this->Name
PlantChillers.cc,"""Chiller Basin Heater Electricity Energy""",OutputProcessor::Unit::J,this->BasinHeaterConsumption,OutputProcessor::SOVTimeStepType::System,OutputProcessor::SOVStoreType::Summed,this->Name
PlantChillers.cc,"""Chiller Lube Recovered Heat Rate""",OutputProcessor::Unit::W,this->HeatRecLubeRate,OutputProcessor::SOVTimeStepType::System,OutputProcessor::SOVStoreType::Average,this->Name
PlantChillers.cc,"""Chiller Lube Recovered Heat Energy""",OutputProcessor::Unit::J,this->HeatRecLubeEnergy,OutputProcessor::SOVTimeStepType::System,OutputProcessor::SOVStoreType::Summed,this->Name
PlantChillers.cc,"format(""Chiller {} Rate"", sFuelType)",OutputProcessor::Unit::W,this->FuelEnergyUsedRate,OutputProcessor::SOVTimeStepType::System,OutputProcessor::SOVStoreType::Average,this->Name
PlantChillers.cc,"format(""Chiller {} Energy"", sFuelType)",OutputProcessor::Unit::J,this->FuelEnergyUsed,OutputProcessor::SOVTimeStepType::System,OutputProcessor::SOVStoreType::Summed,this->Name
PlantChillers.cc,"format(""Chiller {} Mass Flow Rate"", sFuelType)",OutputProcessor::Unit::kg_s,this->FuelMassUsedRate,OutputProcessor::SOVTimeStepType::System,OutputProcessor::SOVStoreType::Average,this->Name
PlantChillers.cc,"format(""Chiller {} Mass"", sFuelType)",OutputProcessor::Unit::kg,this->FuelMassUsed,OutputProcessor::SOVTimeStepType::System,OutputProcessor::SOVStoreType::Summed,this->Name
PlantChillers.cc,"""Chiller Exhaust Temperature""",OutputProcessor::Unit::C,this->ExhaustStackTemp,OutputProcessor::SOVTimeStepType::System,OutputProcessor::SOVStoreType::Average,this->Name
PlantChillers.cc,"""Chiller Heat Recovery Inlet Temperature""",OutputProcessor::Unit::C,this->HeatRecInletTemp,OutputProcessor::SOVTimeStepType::System,OutputProcessor::SOVStoreType::Average,this->Name
PlantChillers.cc,"""Chiller Heat Recovery Outlet Temperature""",OutputProcessor::Unit::C,this->HeatRecOutletTemp,OutputProcessor::SOVTimeStepType::System,OutputProcessor::SOVStoreType::Average,this->Name
PlantChillers.cc,"""Chiller Heat Recovery Mass Flow Rate""",OutputProcessor::Unit::kg_s,this->HeatRecMdot,OutputProcessor::SOVTimeStepType::System,OutputProcessor::SOVStoreType::Average,this->Name
PlantChillers.cc,"""Chiller COP""",OutputProcessor::Unit::W_W,this->FuelCOP,OutputProcessor::SOVTimeStepType::System,OutputProcessor::SOVStoreType::Average,this->Name
PlantChillers.cc,"""Chiller Electricity Rate""",OutputProcessor::Unit::W,this->Power,OutputProcessor::SOVTimeStepType::System,OutputProcessor::SOVStoreType::Average,this->Name
PlantChillers.cc,"""Chiller Electricity Energy""",OutputProcessor::Unit::J,this->Energy,OutputProcessor::SOVTimeStepType::System,OutputProcessor::SOVStoreType::Summed,this->Name
PlantChillers.cc,"""Chiller Evaporator Cooling Rate""",OutputProcessor::Unit::W,this->QEvaporator,OutputProcessor::SOVTimeStepType::System,OutputProcessor::SOVStoreType::Average,this->Name
PlantChillers.cc,"""Chiller Evaporator Cooling Energy""",OutputProcessor::Unit::J,this->EvaporatorEnergy,OutputProcessor::SOVTimeStepType::System,OutputProcessor::SOVStoreType::Summed,this->Name
PlantChillers.cc,"""Chiller Evaporator Inlet Temperature""",OutputProcessor::Unit::C,this->EvapInletTemp,OutputProcessor::SOVTimeStepType::System,OutputProcessor::SOVStoreType::Average,this->Name
PlantChillers.cc,"""Chiller Evaporator Outlet Temperature""",OutputProcessor::Unit::C,this->EvapOutletTemp,OutputProcessor::SOVTimeStepType::System,OutputProcessor::SOVStoreType::Average,this->Name
PlantChillers.cc,"""Chiller Evaporator Mass Flow Rate""",OutputProcessor::Unit::kg_s,this->EvapMassFlowRate,OutputProcessor::SOVTimeStepType::System,OutputProcessor::SOVStoreType::Average,this->Name
PlantChillers.cc,"""Chiller COP""",OutputProcessor::Unit::W_W,this->ActualCOP,OutputProcessor::SOVTimeStepType::System,OutputProcessor::SOVStoreType::Average,this->Name
PlantChillers.cc,"""Chiller Condenser Heat Transfer Rate""",OutputProcessor::Unit::W,this->QCondenser,OutputProcessor::SOVTimeStepType::System,OutputProcessor::SOVStoreType::Average,this->Name
PlantChillers.cc,"""Chiller Condenser Heat Transfer Energy""",OutputProcessor::Unit::J,this->CondenserEnergy,OutputProcessor::SOVTimeStepType::System,OutputProcessor::SOVStoreType::Summed,this->Name
PlantChillers.cc,"""Chiller Condenser Inlet Temperature""",OutputProcessor::Unit::C,this->CondInletTemp,OutputProcessor::SOVTimeStepType::System,OutputProcessor::SOVStoreType::Average,this->Name
PlantChillers.cc,"""Chiller Condenser Outlet Temperature""",OutputProcessor::Unit::C,this->CondOutletTemp,OutputProcessor::SOVTimeStepType::System,OutputProcessor::SOVStoreType::Average,this->Name
PlantChillers.cc,"""Chiller Condenser Mass Flow Rate""",OutputProcessor::Unit::kg_s,this->CondMassFlowRate,OutputProcessor::SOVTimeStepType::System,OutputProcessor::SOVStoreType::Average,this->Name
PlantChillers.cc,"""Chiller Basin Heater Electricity Rate""",OutputProcessor::Unit::W,this->BasinHeaterPower,OutputProcessor::SOVTimeStepType::System,OutputProcessor::SOVStoreType::Average,this->Name
PlantChillers.cc,"""Chiller Basin Heater Electricity Energy""",OutputProcessor::Unit::J,this->BasinHeaterConsumption,OutputProcessor::SOVTimeStepType::System,OutputProcessor::SOVStoreType::Summed,this->Name
FanCoilUnits.cc,"""Fan Coil Heating Rate""",OutputProcessor::Unit::W,fanCoil.HeatPower,OutputProcessor::SOVTimeStepType::System,OutputProcessor::SOVStoreType::Average,fanCoil.Name
FanCoilUnits.cc,"""Fan Coil Heating Energy""",OutputProcessor::Unit::J,fanCoil.HeatEnergy,OutputProcessor::SOVTimeStepType::System,OutputProcessor::SOVStoreType::Summed,fanCoil.Name
FanCoilUnits.cc,"""Fan Coil Total Cooling Rate""",OutputProcessor::Unit::W,fanCoil.TotCoolPower,OutputProcessor::SOVTimeStepType::System,OutputProcessor::SOVStoreType::Average,fanCoil.Name
FanCoilUnits.cc,"""Fan Coil Total Cooling Energy""",OutputProcessor::Unit::J,fanCoil.TotCoolEnergy,OutputProcessor::SOVTimeStepType::System,OutputProcessor::SOVStoreType::Summed,fanCoil.Name
FanCoilUnits.cc,"""Fan Coil Sensible Cooling Rate""",OutputProcessor::Unit::W,fanCoil.SensCoolPower,OutputProcessor::SOVTimeStepType::System,OutputProcessor::SOVStoreType::Average,fanCoil.Name
FanCoilUnits.cc,"""Fan Coil Sensible Cooling Energy""",OutputProcessor::Unit::J,fanCoil.SensCoolEnergy,OutputProcessor::SOVTimeStepType::System,OutputProcessor::SOVStoreType::Summed,fanCoil.Name
FanCoilUnits.cc,"""Fan Coil Fan Electricity Rate""",OutputProcessor::Unit::W,fanCoil.ElecPower,OutputProcessor::SOVTimeStepType::System,OutputProcessor::SOVStoreType::Average,fanCoil.Name
FanCoilUnits.cc,"""Fan Coil Fan Electricity Energy""",OutputProcessor::Unit::J,fanCoil.ElecEnergy,OutputProcessor::SOVTimeStepType::System,OutputProcessor::SOVStoreType::Summed,fanCoil.Name
FanCoilUnits.cc,"""Fan Coil Runtime Fraction""",OutputProcessor::Unit::None,fanCoil.PLR,OutputProcessor::SOVTimeStepType::System,OutputProcessor::SOVStoreType::Average,fanCoil.Name
FanCoilUnits.cc,"""Fan Coil Fan Speed Level""",OutputProcessor::Unit::None,fanCoil.SpeedFanSel,OutputProcessor::SOVTimeStepType::System,OutputProcessor::SOVStoreType::Average,fanCoil.Name
FanCoilUnits.cc,"""Fan Coil Speed Ratio""",OutputProcessor::Unit::None,fanCoil.SpeedRatio,OutputProcessor::SOVTimeStepType::System,OutputProcessor::SOVStoreType::Average,fanCoil.Name
FanCoilUnits.cc,"""Fan Coil Part Load Ratio""",OutputProcessor::Unit::None,fanCoil.PLR,OutputProcessor::SOVTimeStepType::System,OutputProcessor::SOVStoreType::Average,fanCoil.Name
FanCoilUnits.cc,"""Fan Coil Part Load Ratio""",OutputProcessor::Unit::None,fanCoil.PLR,OutputProcessor::SOVTimeStepType::System,OutputProcessor::SOVStoreType::Average,fanCoil.Name
FanCoilUnits.cc,"""Fan Coil Availability Status""",OutputProcessor::Unit::None,fanCoil.AvailStatus,OutputProcessor::SOVTimeStepType::System,OutputProcessor::SOVStoreType::Average,fanCoil.Name
PlantComponentTemperatureSources.cc,"""Plant Temperature Source Component Mass Flow Rate""",OutputProcessor::Unit::kg_s,this->MassFlowRate,OutputProcessor::SOVTimeStepType::System,OutputProcessor::SOVStoreType::Average,this->Name
PlantComponentTemperatureSources.cc,"""Plant Temperature Source Component Inlet Temperature""",OutputProcessor::Unit::C,this->InletTemp,OutputProcessor::SOVTimeStepType::System,OutputProcessor::SOVStoreType::Average,this->Name
PlantComponentTemperatureSources.cc,"""Plant Temperature Source Component Outlet Temperature""",OutputProcessor::Unit::C,this->OutletTemp,OutputProcessor::SOVTimeStepType::System,OutputProcessor::SOVStoreType::Average,this->Name
PlantComponentTemperatureSources.cc,"""Plant Temperature Source Component Source Temperature""",OutputProcessor::Unit::C,this->BoundaryTemp,OutputProcessor::SOVTimeStepType::System,OutputProcessor::SOVStoreType::Average,this->Name
PlantComponentTemperatureSources.cc,"""Plant Temperature Source Component Heat Transfer Rate""",OutputProcessor::Unit::W,this->HeatRate,OutputProcessor::SOVTimeStepType::System,OutputProcessor::SOVStoreType::Average,this->Name
PlantComponentTemperatureSources.cc,"""Plant Temperature Source Component Heat Transfer Energy""",OutputProcessor::Unit::J,this->HeatEnergy,OutputProcessor::SOVTimeStepType::System,OutputProcessor::SOVStoreType::Summed,this->Name
PipeHeatTransfer.cc,"""Pipe Fluid Heat Transfer Rate""",OutputProcessor::Unit::W,state.dataPipeHT->PipeHT(Item).FluidHeatLossRate,OutputProcessor::SOVTimeStepType::Plant,OutputProcessor::SOVStoreType::Average,state.dataPipeHT->PipeHT(Item).Name
PipeHeatTransfer.cc,"""Pipe Fluid Heat Transfer Energy""",OutputProcessor::Unit::J,state.dataPipeHT->PipeHT(Item).FluidHeatLossEnergy,OutputProcessor::SOVTimeStepType::Plant,OutputProcessor::SOVStoreType::Summed,state.dataPipeHT->PipeHT(Item).Name
PipeHeatTransfer.cc,"""Pipe Ambient Heat Transfer Rate""",OutputProcessor::Unit::W,state.dataPipeHT->PipeHT(Item).EnvironmentHeatLossRate,OutputProcessor::SOVTimeStepType::Plant,OutputProcessor::SOVStoreType::Average,state.dataPipeHT->PipeHT(Item).Name
PipeHeatTransfer.cc,"""Pipe Ambient Heat Transfer Energy""",OutputProcessor::Unit::J,state.dataPipeHT->PipeHT(Item).EnvHeatLossEnergy,OutputProcessor::SOVTimeStepType::Plant,OutputProcessor::SOVStoreType::Summed,state.dataPipeHT->PipeHT(Item).Name
PipeHeatTransfer.cc,"""Pipe Mass Flow Rate""",OutputProcessor::Unit::kg_s,state.dataPipeHT->PipeHT(Item).MassFlowRate,OutputProcessor::SOVTimeStepType::Plant,OutputProcessor::SOVStoreType::Average,state.dataPipeHT->PipeHT(Item).Name
PipeHeatTransfer.cc,"""Pipe Volume Flow Rate""",OutputProcessor::Unit::m3_s,state.dataPipeHT->PipeHT(Item).VolumeFlowRate,OutputProcessor::SOVTimeStepType::Plant,OutputProcessor::SOVStoreType::Average,state.dataPipeHT->PipeHT(Item).Name
PipeHeatTransfer.cc,"""Pipe Inlet Temperature""",OutputProcessor::Unit::C,state.dataPipeHT->PipeHT(Item).FluidInletTemp,OutputProcessor::SOVTimeStepType::Plant,OutputProcessor::SOVStoreType::Average,state.dataPipeHT->PipeHT(Item).Name
PipeHeatTransfer.cc,"""Pipe Outlet Temperature""",OutputProcessor::Unit::C,state.dataPipeHT->PipeHT(Item).FluidOutletTemp,OutputProcessor::SOVTimeStepType::Plant,OutputProcessor::SOVStoreType::Average,state.dataPipeHT->PipeHT(Item).Name
PhotovoltaicThermalCollectors.cc,"""Generator Produced Thermal Rate""",OutputProcessor::Unit::W,this->Report.ThermPower,OutputProcessor::SOVTimeStepType::System,OutputProcessor::SOVStoreType::Average,this->Name
PhotovoltaicThermalCollectors.cc,"""Generator Produced Thermal Energy""",OutputProcessor::Unit::J,this->Report.ThermEnergy,OutputProcessor::SOVTimeStepType::System,OutputProcessor::SOVStoreType::Summed,this->Name
PhotovoltaicThermalCollectors.cc,"""Generator Produced Thermal Energy""",OutputProcessor::Unit::J,this->Report.ThermEnergy,OutputProcessor::SOVTimeStepType::System,OutputProcessor::SOVStoreType::Summed,this->Name
PhotovoltaicThermalCollectors.cc,"""Generator PVT Fluid Bypass Status""",OutputProcessor::Unit::None,this->Report.BypassStatus,OutputProcessor::SOVTimeStepType::System,OutputProcessor::SOVStoreType::Average,this->Name
PhotovoltaicThermalCollectors.cc,"""Generator PVT Fluid Inlet Temperature""",OutputProcessor::Unit::C,this->Report.TinletWorkFluid,OutputProcessor::SOVTimeStepType::System,OutputProcessor::SOVStoreType::Average,this->Name
PhotovoltaicThermalCollectors.cc,"""Generator PVT Fluid Outlet Temperature""",OutputProcessor::Unit::C,this->Report.ToutletWorkFluid,OutputProcessor::SOVTimeStepType::System,OutputProcessor::SOVStoreType::Average,this->Name
PhotovoltaicThermalCollectors.cc,"""Generator PVT Fluid Mass Flow Rate""",OutputProcessor::Unit::kg_s,this->Report.MdotWorkFluid,OutputProcessor::SOVTimeStepType::System,OutputProcessor::SOVStoreType::Average,this->Name
SteamCoils.cc,"""Heating Coil Heating Energy""",OutputProcessor::Unit::J,state.dataSteamCoils->SteamCoil(CoilNum).TotSteamHeatingCoilEnergy,OutputProcessor::SOVTimeStepType::System,OutputProcessor::SOVStoreType::Summed,state.dataSteamCoils->SteamCoil(CoilNum).Name
SteamCoils.cc,"""Heating Coil Heating Rate""",OutputProcessor::Unit::W,state.dataSteamCoils->SteamCoil(CoilNum).TotSteamHeatingCoilRate,OutputProcessor::SOVTimeStepType::System,OutputProcessor::SOVStoreType::Average,state.dataSteamCoils->SteamCoil(CoilNum).Name
SteamCoils.cc,"""Heating Coil Steam Mass Flow Rate""",OutputProcessor::Unit::kg_s,state.dataSteamCoils->SteamCoil(CoilNum).OutletSteamMassFlowRate,OutputProcessor::SOVTimeStepType::System,OutputProcessor::SOVStoreType::Average,state.dataSteamCoils->SteamCoil(CoilNum).Name
SteamCoils.cc,"""Heating Coil Steam Inlet Temperature""",OutputProcessor::Unit::C,state.dataSteamCoils->SteamCoil(CoilNum).InletSteamTemp,OutputProcessor::SOVTimeStepType::System,OutputProcessor::SOVStoreType::Average,state.dataSteamCoils->SteamCoil(CoilNum).Name
SteamCoils.cc,"""Heating Coil Steam Outlet Temperature""",OutputProcessor::Unit::C,state.dataSteamCoils->SteamCoil(CoilNum).OutletSteamTemp,OutputProcessor::SOVTimeStepType::System,OutputProcessor::SOVStoreType::Average,state.dataSteamCoils->SteamCoil(CoilNum).Name
SteamCoils.cc,"""Heating Coil Steam Trap Loss Rate""",OutputProcessor::Unit::W,state.dataSteamCoils->SteamCoil(CoilNum).LoopLoss,OutputProcessor::SOVTimeStepType::System,OutputProcessor::SOVStoreType::Average,state.dataSteamCoils->SteamCoil(CoilNum).Name
ExteriorEnergyUse.cc,"""Exterior Lights Electricity Rate""",OutputProcessor::Unit::W,state.dataExteriorEnergyUse->ExteriorLights(Item).Power,OutputProcessor::SOVTimeStepType::Zone,OutputProcessor::SOVStoreType::Average,state.dataExteriorEnergyUse->ExteriorLights(Item).Name
ExteriorEnergyUse.cc,"""Exterior Lights Electricity Energy""",OutputProcessor::Unit::J,state.dataExteriorEnergyUse->ExteriorLights(Item).CurrentUse,OutputProcessor::SOVTimeStepType::Zone,OutputProcessor::SOVStoreType::Summed,state.dataExteriorEnergyUse->ExteriorLights(Item).Name
ExteriorEnergyUse.cc,"""Exterior Equipment Fuel Rate""",OutputProcessor::Unit::W,state.dataExteriorEnergyUse->ExteriorEquipment(state.dataExteriorEnergyUse->NumExteriorEqs).Power,OutputProcessor::SOVTimeStepType::Zone,OutputProcessor::SOVStoreType::Average,state.dataExteriorEnergyUse->ExteriorEquipment(state.dataExteriorEnergyUse->NumExteriorEqs).Name
ExteriorEnergyUse.cc,"""Exterior Equipment "" + TypeString + "" Energy""",OutputProcessor::Unit::J,state.dataExteriorEnergyUse->ExteriorEquipment(state.dataExteriorEnergyUse->NumExteriorEqs).CurrentUse,OutputProcessor::SOVTimeStepType::Zone,OutputProcessor::SOVStoreType::Summed,state.dataExteriorEnergyUse->ExteriorEquipment(state.dataExteriorEnergyUse->NumExteriorEqs).Name
ExteriorEnergyUse.cc,"""Exterior Equipment Water Volume Flow Rate""",OutputProcessor::Unit::m3_s,state.dataExteriorEnergyUse->ExteriorEquipment(state.dataExteriorEnergyUse->NumExteriorEqs).Power,OutputProcessor::SOVTimeStepType::Zone,OutputProcessor::SOVStoreType::Average,state.dataExteriorEnergyUse->ExteriorEquipment(state.dataExteriorEnergyUse->NumExteriorEqs).Name
ExteriorEnergyUse.cc,"""Exterior Equipment "" + TypeString + "" Volume""",OutputProcessor::Unit::m3,state.dataExteriorEnergyUse->ExteriorEquipment(state.dataExteriorEnergyUse->NumExteriorEqs).CurrentUse,OutputProcessor::SOVTimeStepType::Zone,OutputProcessor::SOVStoreType::Summed,state.dataExteriorEnergyUse->ExteriorEquipment(state.dataExteriorEnergyUse->NumExteriorEqs).Name
ExteriorEnergyUse.cc,"""Exterior Equipment Water Volume Flow Rate""",OutputProcessor::Unit::m3_s,state.dataExteriorEnergyUse->ExteriorEquipment(state.dataExteriorEnergyUse->NumExteriorEqs).Power,OutputProcessor::SOVTimeStepType::Zone,OutputProcessor::SOVStoreType::Average,state.dataExteriorEnergyUse->ExteriorEquipment(state.dataExteriorEnergyUse->NumExteriorEqs).Name
ExteriorEnergyUse.cc,"""Exterior Equipment Water Volume""",OutputProcessor::Unit::m3,state.dataExteriorEnergyUse->ExteriorEquipment(state.dataExteriorEnergyUse->NumExteriorEqs).CurrentUse,OutputProcessor::SOVTimeStepType::Zone,OutputProcessor::SOVStoreType::Summed,state.dataExteriorEnergyUse->ExteriorEquipment(state.dataExteriorEnergyUse->NumExteriorEqs).Name
ExteriorEnergyUse.cc,"""Exterior Equipment Mains Water Volume""",OutputProcessor::Unit::m3,state.dataExteriorEnergyUse->ExteriorEquipment(state.dataExteriorEnergyUse->NumExteriorEqs).CurrentUse,OutputProcessor::SOVTimeStepType::Zone,OutputProcessor::SOVStoreType::Summed,state.dataExteriorEnergyUse->ExteriorEquipment(state.dataExteriorEnergyUse->NumExteriorEqs).Name
SetPointManager.cc,"""Setpoint Manager Warmest Temperature Critical Zone Number""",OutputProcessor::Unit::None,state.dataSetPointManager->WarmestSetPtMgrTempFlow(SetPtMgrNum).CritZoneNum,OutputProcessor::SOVTimeStepType::System,OutputProcessor::SOVStoreType::Average,state.dataSetPointManager->WarmestSetPtMgrTempFlow(SetPtMgrNum).Name
SetPointManager.cc,"""Setpoint Manager Warmest Temperature Turndown Flow Fraction""",OutputProcessor::Unit::None,state.dataSetPointManager->WarmestSetPtMgrTempFlow(SetPtMgrNum).Turndown,OutputProcessor::SOVTimeStepType::System,OutputProcessor::SOVStoreType::Average,state.dataSetPointManager->WarmestSetPtMgrTempFlow(SetPtMgrNum).Name
ZoneTempPredictorCorrector.cc,"""Zone Thermostat Operative Temperature""",OutputProcessor::Unit::C,state.dataHeatBal->ZnAirRpt(TempControlledZone(TempControlledZoneNum).ActualZoneNum).ThermOperativeTemp,OutputProcessor::SOVTimeStepType::Zone,OutputProcessor::SOVStoreType::Average,Zone(TempControlledZone(TempControlledZoneNum).ActualZoneNum).Name
ZoneTempPredictorCorrector.cc,"""Zone Thermostat Operative Temperature""",OutputProcessor::Unit::C,state.dataHeatBal->ZnAirRpt(TempControlledZone(TempControlledZoneNum).ActualZoneNum).ThermOperativeTemp,OutputProcessor::SOVTimeStepType::Zone,OutputProcessor::SOVStoreType::Average,Zone(TempControlledZone(TempControlledZoneNum).ActualZoneNum).Name
ZoneTempPredictorCorrector.cc,"""Zone Thermostat Air Temperature""",OutputProcessor::Unit::C,state.dataHeatBalFanSys->TempTstatAir(zoneNum),OutputProcessor::SOVTimeStepType::System,OutputProcessor::SOVStoreType::Average,thisZone.Name
ZoneTempPredictorCorrector.cc,"""Zone Thermostat Control Type""",OutputProcessor::Unit::None,TempControlTypeRpt(zoneNum),OutputProcessor::SOVTimeStepType::Zone,OutputProcessor::SOVStoreType::Average,thisZone.Name
ZoneTempPredictorCorrector.cc,"""Zone Thermostat Heating Setpoint Temperature""",OutputProcessor::Unit::C,ZoneThermostatSetPointLo(zoneNum),OutputProcessor::SOVTimeStepType::System,OutputProcessor::SOVStoreType::Average,thisZone.Name
ZoneTempPredictorCorrector.cc,"""Zone Thermostat Cooling Setpoint Temperature""",OutputProcessor::Unit::C,ZoneThermostatSetPointHi(zoneNum),OutputProcessor::SOVTimeStepType::System,OutputProcessor::SOVStoreType::Average,thisZone.Name
ZoneTempPredictorCorrector.cc,"""Zone Adaptive Comfort Operative Temperature Set Point""",OutputProcessor::Unit::C,state.dataHeatBalFanSys->AdapComfortCoolingSetPoint(zoneNum),OutputProcessor::SOVTimeStepType::Zone,OutputProcessor::SOVStoreType::Average,thisZone.Name
ZoneTempPredictorCorrector.cc,"""Zone Predicted Sensible Load Room Air Correction Factor""",OutputProcessor::Unit::None,state.dataHeatBalFanSys->LoadCorrectionFactor(zoneNum),OutputProcessor::SOVTimeStepType::System,OutputProcessor::SOVStoreType::Average,thisZone.Name
ZoneTempPredictorCorrector.cc,"""Zone Thermal Comfort Control Type""",OutputProcessor::Unit::None,state.dataHeatBalFanSys->ComfortControlTypeRpt(zoneNum),OutputProcessor::SOVTimeStepType::Zone,OutputProcessor::SOVStoreType::Average,thisZone.Name
ZoneTempPredictorCorrector.cc,"""Zone Thermal Comfort Control Fanger Low Setpoint PMV""",OutputProcessor::Unit::None,state.dataHeatBalFanSys->ZoneComfortControlsFanger(zoneNum).LowPMV,OutputProcessor::SOVTimeStepType::Zone,OutputProcessor::SOVStoreType::Average,thisZone.Name
ZoneTempPredictorCorrector.cc,"""Zone Thermal Comfort Control Fanger High Setpoint PMV""",OutputProcessor::Unit::None,state.dataHeatBalFanSys->ZoneComfortControlsFanger(zoneNum).HighPMV,OutputProcessor::SOVTimeStepType::Zone,OutputProcessor::SOVStoreType::Average,thisZone.Name
ZoneTempPredictorCorrector.cc,"""Zone List Sensible Heating Energy""",OutputProcessor::Unit::J,state.dataHeatBal->ZoneListSNLoadHeatEnergy(Loop),OutputProcessor::SOVTimeStepType::System,OutputProcessor::SOVStoreType::Summed,ZoneList(Loop).Name
ZoneTempPredictorCorrector.cc,"""Zone List Sensible Cooling Energy""",OutputProcessor::Unit::J,state.dataHeatBal->ZoneListSNLoadCoolEnergy(Loop),OutputProcessor::SOVTimeStepType::System,OutputProcessor::SOVStoreType::Summed,ZoneList(Loop).Name
ZoneTempPredictorCorrector.cc,"""Zone List Sensible Heating Rate""",OutputProcessor::Unit::W,state.dataHeatBal->ZoneListSNLoadHeatRate(Loop),OutputProcessor::SOVTimeStepType::System,OutputProcessor::SOVStoreType::Average,ZoneList(Loop).Name
ZoneTempPredictorCorrector.cc,"""Zone List Sensible Cooling Rate""",OutputProcessor::Unit::W,state.dataHeatBal->ZoneListSNLoadCoolRate(Loop),OutputProcessor::SOVTimeStepType::System,OutputProcessor::SOVStoreType::Average,ZoneList(Loop).Name
ZoneTempPredictorCorrector.cc,"""Zone Group Sensible Heating Energy""",OutputProcessor::Unit::J,state.dataHeatBal->ZoneGroupSNLoadHeatEnergy(Loop),OutputProcessor::SOVTimeStepType::System,OutputProcessor::SOVStoreType::Summed,state.dataHeatBal->ZoneGroup(Loop).Name
ZoneTempPredictorCorrector.cc,"""Zone Group Sensible Cooling Energy""",OutputProcessor::Unit::J,state.dataHeatBal->ZoneGroupSNLoadCoolEnergy(Loop),OutputProcessor::SOVTimeStepType::System,OutputProcessor::SOVStoreType::Summed,state.dataHeatBal->ZoneGroup(Loop).Name
ZoneTempPredictorCorrector.cc,"""Zone Group Sensible Heating Rate""",OutputProcessor::Unit::W,state.dataHeatBal->ZoneGroupSNLoadHeatRate(Loop),OutputProcessor::SOVTimeStepType::System,OutputProcessor::SOVStoreType::Average,state.dataHeatBal->ZoneGroup(Loop).Name
ZoneTempPredictorCorrector.cc,"""Zone Group Sensible Cooling Rate""",OutputProcessor::Unit::W,state.dataHeatBal->ZoneGroupSNLoadCoolRate(Loop),OutputProcessor::SOVTimeStepType::System,OutputProcessor::SOVStoreType::Average,state.dataHeatBal->ZoneGroup(Loop).Name
ZoneTempPredictorCorrector.cc,"format(""{} Air Temperature"", prefix)",OutputProcessor::Unit::C,this->ZT,OutputProcessor::SOVTimeStepType::System,OutputProcessor::SOVStoreType::Average,name
ZoneTempPredictorCorrector.cc,"format(""{} Air Humidity Ratio"", prefix)",OutputProcessor::Unit::None,this->airHumRat,OutputProcessor::SOVTimeStepType::System,OutputProcessor::SOVStoreType::Average,name
ZoneTempPredictorCorrector.cc,"format(""{} Air Relative Humidity"", prefix)",OutputProcessor::Unit::Perc,this->airRelHum,OutputProcessor::SOVTimeStepType::System,OutputProcessor::SOVStoreType::Average,name
ZoneTempPredictorCorrector.cc,"""Zone Oscillating Temperatures Time""",OutputProcessor::Unit::hr,state.dataZoneTempPredictorCorrector->ZoneTempOscillate(iZone),OutputProcessor::SOVTimeStepType::System,OutputProcessor::SOVStoreType::Summed,zone.Name
ZoneTempPredictorCorrector.cc,"""Zone Oscillating Temperatures During Occupancy Time""",OutputProcessor::Unit::hr,state.dataZoneTempPredictorCorrector->ZoneTempOscillateDuringOccupancy(iZone),OutputProcessor::SOVTimeStepType::System,OutputProcessor::SOVStoreType::Summed,zone.Name
ZoneTempPredictorCorrector.cc,"""Zone Oscillating Temperatures in Deadband Time""",OutputProcessor::Unit::hr,state.dataZoneTempPredictorCorrector->ZoneTempOscillateInDeadband(iZone),OutputProcessor::SOVTimeStepType::System,OutputProcessor::SOVStoreType::Summed,zone.Name
ZoneTempPredictorCorrector.cc,"""Facility Any Zone Oscillating Temperatures Time""",OutputProcessor::Unit::hr,state.dataZoneTempPredictorCorrector->AnyZoneTempOscillate,OutputProcessor::SOVTimeStepType::System,OutputProcessor::SOVStoreType::Summed,"""Facility"""
ZoneTempPredictorCorrector.cc,"""Facility Any Zone Oscillating Temperatures During Occupancy Time""",OutputProcessor::Unit::hr,state.dataZoneTempPredictorCorrector->AnyZoneTempOscillateDuringOccupancy,OutputProcessor::SOVTimeStepType::System,OutputProcessor::SOVStoreType::Summed,"""Facility"""
ZoneTempPredictorCorrector.cc,"""Facility Any Zone Oscillating Temperatures in Deadband Time""",OutputProcessor::Unit::hr,state.dataZoneTempPredictorCorrector->AnyZoneTempOscillateInDeadband,OutputProcessor::SOVTimeStepType::System,OutputProcessor::SOVStoreType::Summed,"""Facility"""
ChillerGasAbsorption.cc,"""Chiller Heater Evaporator Cooling Rate""",OutputProcessor::Unit::W,this->CoolingLoad,OutputProcessor::SOVTimeStepType::System,OutputProcessor::SOVStoreType::Average,this->Name
ChillerGasAbsorption.cc,"""Chiller Heater Evaporator Cooling Energy""",OutputProcessor::Unit::J,this->CoolingEnergy,OutputProcessor::SOVTimeStepType::System,OutputProcessor::SOVStoreType::Summed,this->Name
ChillerGasAbsorption.cc,"""Chiller Heater Heating Rate""",OutputProcessor::Unit::W,this->HeatingLoad,OutputProcessor::SOVTimeStepType::System,OutputProcessor::SOVStoreType::Average,this->Name
ChillerGasAbsorption.cc,"""Chiller Heater Heating Energy""",OutputProcessor::Unit::J,this->HeatingEnergy,OutputProcessor::SOVTimeStepType::System,OutputProcessor::SOVStoreType::Summed,this->Name
ChillerGasAbsorption.cc,"""Chiller Heater Condenser Heat Transfer Rate""",OutputProcessor::Unit::W,this->TowerLoad,OutputProcessor::SOVTimeStepType::System,OutputProcessor::SOVStoreType::Average,this->Name
ChillerGasAbsorption.cc,"""Chiller Heater Condenser Heat Transfer Energy""",OutputProcessor::Unit::J,this->TowerEnergy,OutputProcessor::SOVTimeStepType::System,OutputProcessor::SOVStoreType::Summed,this->Name
ChillerGasAbsorption.cc,"format(""Chiller Heater {} Rate"", sFuelType)",OutputProcessor::Unit::W,this->FuelUseRate,OutputProcessor::SOVTimeStepType::System,OutputProcessor::SOVStoreType::Average,this->Name
ChillerGasAbsorption.cc,"format(""Chiller Heater {} Energy"", sFuelType)",OutputProcessor::Unit::J,this->FuelEnergy,OutputProcessor::SOVTimeStepType::System,OutputProcessor::SOVStoreType::Summed,this->Name
ChillerGasAbsorption.cc,"format(""Chiller Heater Cooling {} Rate"", sFuelType)",OutputProcessor::Unit::W,this->CoolFuelUseRate,OutputProcessor::SOVTimeStepType::System,OutputProcessor::SOVStoreType::Average,this->Name
ChillerGasAbsorption.cc,"format(""Chiller Heater Cooling {} Energy"", sFuelType)",OutputProcessor::Unit::J,this->CoolFuelEnergy,OutputProcessor::SOVTimeStepType::System,OutputProcessor::SOVStoreType::Summed,this->Name
ChillerGasAbsorption.cc,"""Chiller Heater Cooling COP""",OutputProcessor::Unit::W_W,this->FuelCOP,OutputProcessor::SOVTimeStepType::System,OutputProcessor::SOVStoreType::Average,this->Name
ChillerGasAbsorption.cc,"format(""Chiller Heater Heating {} Rate"", sFuelType)",OutputProcessor::Unit::W,this->HeatFuelUseRate,OutputProcessor::SOVTimeStepType::System,OutputProcessor::SOVStoreType::Average,this->Name
ChillerGasAbsorption.cc,"format(""Chiller Heater Heating {} Energy"", sFuelType)",OutputProcessor::Unit::J,this->HeatFuelEnergy,OutputProcessor::SOVTimeStepType::System,OutputProcessor::SOVStoreType::Summed,this->Name
ChillerGasAbsorption.cc,"""Chiller Heater Electricity Rate""",OutputProcessor::Unit::W,this->ElectricPower,OutputProcessor::SOVTimeStepType::System,OutputProcessor::SOVStoreType::Average,this->Name
ChillerGasAbsorption.cc,"""Chiller Heater Electricity Energy""",OutputProcessor::Unit::J,this->ElectricEnergy,OutputProcessor::SOVTimeStepType::System,OutputProcessor::SOVStoreType::Summed,this->Name
ChillerGasAbsorption.cc,"""Chiller Heater Cooling Electricity Rate""",OutputProcessor::Unit::W,this->CoolElectricPower,OutputProcessor::SOVTimeStepType::System,OutputProcessor::SOVStoreType::Average,this->Name
ChillerGasAbsorption.cc,"""Chiller Heater Cooling Electricity Energy""",OutputProcessor::Unit::J,this->CoolElectricEnergy,OutputProcessor::SOVTimeStepType::System,OutputProcessor::SOVStoreType::Summed,this->Name
ChillerGasAbsorption.cc,"""Chiller Heater Heating Electricity Rate""",OutputProcessor::Unit::W,this->HeatElectricPower,OutputProcessor::SOVTimeStepType::System,OutputProcessor::SOVStoreType::Average,this->Name
ChillerGasAbsorption.cc,"""Chiller Heater Heating Electricity Energy""",OutputProcessor::Unit::J,this->HeatElectricEnergy,OutputProcessor::SOVTimeStepType::System,OutputProcessor::SOVStoreType::Summed,this->Name
ChillerGasAbsorption.cc,"""Chiller Heater Evaporator Inlet Temperature""",OutputProcessor::Unit::C,this->ChillReturnTemp,OutputProcessor::SOVTimeStepType::System,OutputProcessor::SOVStoreType::Average,this->Name
ChillerGasAbsorption.cc,"""Chiller Heater Evaporator Outlet Temperature""",OutputProcessor::Unit::C,this->ChillSupplyTemp,OutputProcessor::SOVTimeStepType::System,OutputProcessor::SOVStoreType::Average,this->Name
ChillerGasAbsorption.cc,"""Chiller Heater Evaporator Mass Flow Rate""",OutputProcessor::Unit::kg_s,this->ChillWaterFlowRate,OutputProcessor::SOVTimeStepType::System,OutputProcessor::SOVStoreType::Average,this->Name
ChillerGasAbsorption.cc,"""Chiller Heater Condenser Inlet Temperature""",OutputProcessor::Unit::C,this->CondReturnTemp,OutputProcessor::SOVTimeStepType::System,OutputProcessor::SOVStoreType::Average,this->Name
ChillerGasAbsorption.cc,"""Chiller Heater Condenser Outlet Temperature""",OutputProcessor::Unit::C,this->CondSupplyTemp,OutputProcessor::SOVTimeStepType::System,OutputProcessor::SOVStoreType::Average,this->Name
ChillerGasAbsorption.cc,"""Chiller Heater Condenser Mass Flow Rate""",OutputProcessor::Unit::kg_s,this->CondWaterFlowRate,OutputProcessor::SOVTimeStepType::System,OutputProcessor::SOVStoreType::Average,this->Name
ChillerGasAbsorption.cc,"""Chiller Heater Condenser Inlet Temperature""",OutputProcessor::Unit::C,this->CondReturnTemp,OutputProcessor::SOVTimeStepType::System,OutputProcessor::SOVStoreType::Average,this->Name
ChillerGasAbsorption.cc,"""Chiller Heater Heating Inlet Temperature""",OutputProcessor::Unit::C,this->HotWaterReturnTemp,OutputProcessor::SOVTimeStepType::System,OutputProcessor::SOVStoreType::Average,this->Name
ChillerGasAbsorption.cc,"""Chiller Heater Heating Outlet Temperature""",OutputProcessor::Unit::C,this->HotWaterSupplyTemp,OutputProcessor::SOVTimeStepType::System,OutputProcessor::SOVStoreType::Average,this->Name
ChillerGasAbsorption.cc,"""Chiller Heater Heating Mass Flow Rate""",OutputProcessor::Unit::kg_s,this->HotWaterFlowRate,OutputProcessor::SOVTimeStepType::System,OutputProcessor::SOVStoreType::Average,this->Name
ChillerGasAbsorption.cc,"""Chiller Heater Cooling Part Load Ratio""",OutputProcessor::Unit::None,this->CoolPartLoadRatio,OutputProcessor::SOVTimeStepType::System,OutputProcessor::SOVStoreType::Average,this->Name
ChillerGasAbsorption.cc,"""Chiller Heater Maximum Cooling Rate""",OutputProcessor::Unit::W,this->CoolingCapacity,OutputProcessor::SOVTimeStepType::System,OutputProcessor::SOVStoreType::Average,this->Name
ChillerGasAbsorption.cc,"""Chiller Heater Heating Part Load Ratio""",OutputProcessor::Unit::None,this->HeatPartLoadRatio,OutputProcessor::SOVTimeStepType::System,OutputProcessor::SOVStoreType::Average,this->Name
ChillerGasAbsorption.cc,"""Chiller Heater Maximum Heating Rate""",OutputProcessor::Unit::W,this->HeatingCapacity,OutputProcessor::SOVTimeStepType::System,OutputProcessor::SOVStoreType::Average,this->Name
ChillerGasAbsorption.cc,"""Chiller Heater Runtime Fraction""",OutputProcessor::Unit::None,this->FractionOfPeriodRunning,OutputProcessor::SOVTimeStepType::System,OutputProcessor::SOVStoreType::Average,this->Name
ChilledCeilingPanelSimple.cc,"""Cooling Panel Total Cooling Rate""",OutputProcessor::Unit::W,thisCP.Power,OutputProcessor::SOVTimeStepType::System,OutputProcessor::SOVStoreType::Average,thisCP.Name
ChilledCeilingPanelSimple.cc,"""Cooling Panel Total System Cooling Rate""",OutputProcessor::Unit::W,thisCP.TotPower,OutputProcessor::SOVTimeStepType::System,OutputProcessor::SOVStoreType::Average,thisCP.Name
ChilledCeilingPanelSimple.cc,"""Cooling Panel Convective Cooling Rate""",OutputProcessor::Unit::W,thisCP.ConvPower,OutputProcessor::SOVTimeStepType::System,OutputProcessor::SOVStoreType::Average,thisCP.Name
ChilledCeilingPanelSimple.cc,"""Cooling Panel Radiant Cooling Rate""",OutputProcessor::Unit::W,thisCP.RadPower,OutputProcessor::SOVTimeStepType::System,OutputProcessor::SOVStoreType::Average,thisCP.Name
ChilledCeilingPanelSimple.cc,"""Cooling Panel Total Cooling Energy""",OutputProcessor::Unit::J,thisCP.Energy,OutputProcessor::SOVTimeStepType::System,OutputProcessor::SOVStoreType::Summed,thisCP.Name
ChilledCeilingPanelSimple.cc,"""Cooling Panel Total System Cooling Energy""",OutputProcessor::Unit::J,thisCP.TotEnergy,OutputProcessor::SOVTimeStepType::System,OutputProcessor::SOVStoreType::Summed,thisCP.Name
ChilledCeilingPanelSimple.cc,"""Cooling Panel Convective Cooling Energy""",OutputProcessor::Unit::J,thisCP.ConvEnergy,OutputProcessor::SOVTimeStepType::System,OutputProcessor::SOVStoreType::Summed,thisCP.Name
ChilledCeilingPanelSimple.cc,"""Cooling Panel Radiant Cooling Energy""",OutputProcessor::Unit::J,thisCP.RadEnergy,OutputProcessor::SOVTimeStepType::System,OutputProcessor::SOVStoreType::Summed,thisCP.Name
ChilledCeilingPanelSimple.cc,"""Cooling Panel Water Mass Flow Rate""",OutputProcessor::Unit::kg_s,thisCP.WaterMassFlowRate,OutputProcessor::SOVTimeStepType::System,OutputProcessor::SOVStoreType::Average,thisCP.Name
ChilledCeilingPanelSimple.cc,"""Cooling Panel Water Inlet Temperature""",OutputProcessor::Unit::C,thisCP.WaterInletTemp,OutputProcessor::SOVTimeStepType::System,OutputProcessor::SOVStoreType::Average,thisCP.Name
ChilledCeilingPanelSimple.cc,"""Cooling Panel Water Outlet Temperature""",OutputProcessor::Unit::C,thisCP.WaterOutletTemp,OutputProcessor::SOVTimeStepType::System,OutputProcessor::SOVStoreType::Average,thisCP.Name
PVWatts.cc,"""Generator Produced DC Electricity Rate""",OutputProcessor::Unit::W,outputDCPower_,OutputProcessor::SOVTimeStepType::System,OutputProcessor::SOVStoreType::Average,name_
PVWatts.cc,"""Generator Produced DC Electricity Energy""",OutputProcessor::Unit::J,outputDCEnergy_,OutputProcessor::SOVTimeStepType::System,OutputProcessor::SOVStoreType::Summed,name_
PVWatts.cc,"""Generator PV Cell Temperature""",OutputProcessor::Unit::C,cellTemperature_,OutputProcessor::SOVTimeStepType::System,OutputProcessor::SOVStoreType::Average,name_
PVWatts.cc,"""Plane of Array Irradiance""",OutputProcessor::Unit::W_m2,planeOfArrayIrradiance_,OutputProcessor::SOVTimeStepType::System,OutputProcessor::SOVStoreType::Average,name_
PVWatts.cc,"""Shaded Percent""",OutputProcessor::Unit::Perc,shadedPercent_,OutputProcessor::SOVTimeStepType::System,OutputProcessor::SOVStoreType::Average,name_
HybridUnitaryAirConditioners.cc,"""Zone Hybrid Unitary HVAC System Total Cooling Rate""",OutputProcessor::Unit::W,state.dataHybridUnitaryAC->ZoneHybridUnitaryAirConditioner(UnitLoop).SystemTotalCoolingRate,OutputProcessor::SOVTimeStepType::System,OutputProcessor::SOVStoreType::Average,state.dataHybridUnitaryAC->ZoneHybridUnitaryAirConditioner(UnitLoop).Name
HybridUnitaryAirConditioners.cc,"""Zone Hybrid Unitary HVAC System Total Cooling Energy""",OutputProcessor::Unit::J,state.dataHybridUnitaryAC->ZoneHybridUnitaryAirConditioner(UnitLoop).SystemTotalCoolingEnergy,OutputProcessor::SOVTimeStepType::System,OutputProcessor::SOVStoreType::Summed,state.dataHybridUnitaryAC->ZoneHybridUnitaryAirConditioner(UnitLoop).Name
HybridUnitaryAirConditioners.cc,"""Zone Hybrid Unitary HVAC System Sensible Cooling Rate""",OutputProcessor::Unit::W,state.dataHybridUnitaryAC->ZoneHybridUnitaryAirConditioner(UnitLoop).SystemSensibleCoolingRate,OutputProcessor::SOVTimeStepType::System,OutputProcessor::SOVStoreType::Average,state.dataHybridUnitaryAC->ZoneHybridUnitaryAirConditioner(UnitLoop).Name
HybridUnitaryAirConditioners.cc,"""Zone Hybrid Unitary HVAC System Sensible Cooling Energy""",OutputProcessor::Unit::J,state.dataHybridUnitaryAC->ZoneHybridUnitaryAirConditioner(UnitLoop).SystemSensibleCoolingEnergy,OutputProcessor::SOVTimeStepType::System,OutputProcessor::SOVStoreType::Summed,state.dataHybridUnitaryAC->ZoneHybridUnitaryAirConditioner(UnitLoop).Name
HybridUnitaryAirConditioners.cc,"""Zone Hybrid Unitary HVAC System Latent Cooling Rate""",OutputProcessor::Unit::W,state.dataHybridUnitaryAC->ZoneHybridUnitaryAirConditioner(UnitLoop).SystemLatentCoolingRate,OutputProcessor::SOVTimeStepType::System,OutputProcessor::SOVStoreType::Average,state.dataHybridUnitaryAC->ZoneHybridUnitaryAirConditioner(UnitLoop).Name
HybridUnitaryAirConditioners.cc,"""Zone Hybrid Unitary HVAC System Latent Cooling Energy""",OutputProcessor::Unit::J,state.dataHybridUnitaryAC->ZoneHybridUnitaryAirConditioner(UnitLoop).SystemLatentCoolingEnergy,OutputProcessor::SOVTimeStepType::System,OutputProcessor::SOVStoreType::Summed,state.dataHybridUnitaryAC->ZoneHybridUnitaryAirConditioner(UnitLoop).Name
HybridUnitaryAirConditioners.cc,"""Zone Hybrid Unitary HVAC Zone Total Cooling Rate""",OutputProcessor::Unit::W,state.dataHybridUnitaryAC->ZoneHybridUnitaryAirConditioner(UnitLoop).UnitTotalCoolingRate,OutputProcessor::SOVTimeStepType::System,OutputProcessor::SOVStoreType::Average,state.dataHybridUnitaryAC->ZoneHybridUnitaryAirConditioner(UnitLoop).Name
HybridUnitaryAirConditioners.cc,"""Zone Hybrid Unitary HVAC Zone Total Cooling Energy""",OutputProcessor::Unit::J,state.dataHybridUnitaryAC->ZoneHybridUnitaryAirConditioner(UnitLoop).UnitTotalCoolingEnergy,OutputProcessor::SOVTimeStepType::System,OutputProcessor::SOVStoreType::Summed,state.dataHybridUnitaryAC->ZoneHybridUnitaryAirConditioner(UnitLoop).Name
HybridUnitaryAirConditioners.cc,"""Zone Hybrid Unitary HVAC Zone Sensible Cooling Rate""",OutputProcessor::Unit::W,state.dataHybridUnitaryAC->ZoneHybridUnitaryAirConditioner(UnitLoop).UnitSensibleCoolingRate,OutputProcessor::SOVTimeStepType::System,OutputProcessor::SOVStoreType::Average,state.dataHybridUnitaryAC->ZoneHybridUnitaryAirConditioner(UnitLoop).Name
HybridUnitaryAirConditioners.cc,"""Zone Hybrid Unitary HVAC Zone Sensible Cooling Energy""",OutputProcessor::Unit::J,state.dataHybridUnitaryAC->ZoneHybridUnitaryAirConditioner(UnitLoop).UnitSensibleCoolingEnergy,OutputProcessor::SOVTimeStepType::System,OutputProcessor::SOVStoreType::Summed,state.dataHybridUnitaryAC->ZoneHybridUnitaryAirConditioner(UnitLoop).Name
HybridUnitaryAirConditioners.cc,"""Zone Hybrid Unitary HVAC Zone Latent Cooling Rate""",OutputProcessor::Unit::W,state.dataHybridUnitaryAC->ZoneHybridUnitaryAirConditioner(UnitLoop).UnitLatentCoolingRate,OutputProcessor::SOVTimeStepType::System,OutputProcessor::SOVStoreType::Average,state.dataHybridUnitaryAC->ZoneHybridUnitaryAirConditioner(UnitLoop).Name
HybridUnitaryAirConditioners.cc,"""Zone Hybrid Unitary HVAC Zone Latent Cooling Energy""",OutputProcessor::Unit::J,state.dataHybridUnitaryAC->ZoneHybridUnitaryAirConditioner(UnitLoop).UnitLatentCoolingEnergy,OutputProcessor::SOVTimeStepType::System,OutputProcessor::SOVStoreType::Summed,state.dataHybridUnitaryAC->ZoneHybridUnitaryAirConditioner(UnitLoop).Name
HybridUnitaryAirConditioners.cc,"""Zone Hybrid Unitary HVAC System Total Heating Rate""",OutputProcessor::Unit::W,state.dataHybridUnitaryAC->ZoneHybridUnitaryAirConditioner(UnitLoop).SystemTotalHeatingRate,OutputProcessor::SOVTimeStepType::System,OutputProcessor::SOVStoreType::Average,state.dataHybridUnitaryAC->ZoneHybridUnitaryAirConditioner(UnitLoop).Name
HybridUnitaryAirConditioners.cc,"""Zone Hybrid Unitary HVAC System Total Heating Energy""",OutputProcessor::Unit::J,state.dataHybridUnitaryAC->ZoneHybridUnitaryAirConditioner(UnitLoop).SystemTotalHeatingEnergy,OutputProcessor::SOVTimeStepType::System,OutputProcessor::SOVStoreType::Summed,state.dataHybridUnitaryAC->ZoneHybridUnitaryAirConditioner(UnitLoop).Name
HybridUnitaryAirConditioners.cc,"""Zone Hybrid Unitary HVAC System Sensible Heating Rate""",OutputProcessor::Unit::W,state.dataHybridUnitaryAC->ZoneHybridUnitaryAirConditioner(UnitLoop).SystemSensibleHeatingRate,OutputProcessor::SOVTimeStepType::System,OutputProcessor::SOVStoreType::Average,state.dataHybridUnitaryAC->ZoneHybridUnitaryAirConditioner(UnitLoop).Name
HybridUnitaryAirConditioners.cc,"""Zone Hybrid Unitary HVAC System Sensible Heating Energy""",OutputProcessor::Unit::J,state.dataHybridUnitaryAC->ZoneHybridUnitaryAirConditioner(UnitLoop).SystemSensibleHeatingEnergy,OutputProcessor::SOVTimeStepType::System,OutputProcessor::SOVStoreType::Summed,state.dataHybridUnitaryAC->ZoneHybridUnitaryAirConditioner(UnitLoop).Name
HybridUnitaryAirConditioners.cc,"""Zone Hybrid Unitary HVAC System Latent Heating Rate""",OutputProcessor::Unit::W,state.dataHybridUnitaryAC->ZoneHybridUnitaryAirConditioner(UnitLoop).SystemLatentHeatingRate,OutputProcessor::SOVTimeStepType::System,OutputProcessor::SOVStoreType::Average,state.dataHybridUnitaryAC->ZoneHybridUnitaryAirConditioner(UnitLoop).Name
HybridUnitaryAirConditioners.cc,"""Zone Hybrid Unitary HVAC System Latent Heating Energy""",OutputProcessor::Unit::J,state.dataHybridUnitaryAC->ZoneHybridUnitaryAirConditioner(UnitLoop).SystemLatentHeatingEnergy,OutputProcessor::SOVTimeStepType::System,OutputProcessor::SOVStoreType::Summed,state.dataHybridUnitaryAC->ZoneHybridUnitaryAirConditioner(UnitLoop).Name
HybridUnitaryAirConditioners.cc,"""Zone Hybrid Unitary HVAC Zone Total Heating Rate""",OutputProcessor::Unit::W,state.dataHybridUnitaryAC->ZoneHybridUnitaryAirConditioner(UnitLoop).UnitTotalHeatingRate,OutputProcessor::SOVTimeStepType::System,OutputProcessor::SOVStoreType::Average,state.dataHybridUnitaryAC->ZoneHybridUnitaryAirConditioner(UnitLoop).Name
HybridUnitaryAirConditioners.cc,"""Zone Hybrid Unitary HVAC Zone Total Heating Energy""",OutputProcessor::Unit::J,state.dataHybridUnitaryAC->ZoneHybridUnitaryAirConditioner(UnitLoop).UnitTotalHeatingEnergy,OutputProcessor::SOVTimeStepType::System,OutputProcessor::SOVStoreType::Summed,state.dataHybridUnitaryAC->ZoneHybridUnitaryAirConditioner(UnitLoop).Name
HybridUnitaryAirConditioners.cc,"""Zone Hybrid Unitary HVAC Zone Sensible Heating Rate""",OutputProcessor::Unit::W,state.dataHybridUnitaryAC->ZoneHybridUnitaryAirConditioner(UnitLoop).UnitSensibleHeatingRate,OutputProcessor::SOVTimeStepType::System,OutputProcessor::SOVStoreType::Average,state.dataHybridUnitaryAC->ZoneHybridUnitaryAirConditioner(UnitLoop).Name
HybridUnitaryAirConditioners.cc,"""Zone Hybrid Unitary HVAC Zone Sensible Heating Energy""",OutputProcessor::Unit::J,state.dataHybridUnitaryAC->ZoneHybridUnitaryAirConditioner(UnitLoop).UnitSensibleHeatingEnergy,OutputProcessor::SOVTimeStepType::System,OutputProcessor::SOVStoreType::Summed,state.dataHybridUnitaryAC->ZoneHybridUnitaryAirConditioner(UnitLoop).Name
HybridUnitaryAirConditioners.cc,"""Zone Hybrid Unitary HVAC Zone Latent Heating Rate""",OutputProcessor::Unit::W,state.dataHybridUnitaryAC->ZoneHybridUnitaryAirConditioner(UnitLoop).UnitLatentHeatingRate,OutputProcessor::SOVTimeStepType::System,OutputProcessor::SOVStoreType::Average,state.dataHybridUnitaryAC->ZoneHybridUnitaryAirConditioner(UnitLoop).Name
HybridUnitaryAirConditioners.cc,"""Zone Hybrid Unitary HVAC Zone Latent Heating Energy""",OutputProcessor::Unit::J,state.dataHybridUnitaryAC->ZoneHybridUnitaryAirConditioner(UnitLoop).UnitLatentHeatingEnergy,OutputProcessor::SOVTimeStepType::System,OutputProcessor::SOVStoreType::Summed,state.dataHybridUnitaryAC->ZoneHybridUnitaryAirConditioner(UnitLoop).Name
HybridUnitaryAirConditioners.cc,"""Zone Hybrid Unitary HVAC Predicted Sensible Load to Setpoint Heat Transfer Rate""",OutputProcessor::Unit::W,state.dataHybridUnitaryAC->ZoneHybridUnitaryAirConditioner(UnitLoop).RequestedLoadToCoolingSetpoint,OutputProcessor::SOVTimeStepType::System,OutputProcessor::SOVStoreType::Average,state.dataHybridUnitaryAC->ZoneHybridUnitaryAirConditioner(UnitLoop).Name
HybridUnitaryAirConditioners.cc,"""Zone Hybrid Unitary HVAC Error Code""",OutputProcessor::Unit::None,state.dataHybridUnitaryAC->ZoneHybridUnitaryAirConditioner(UnitLoop).ErrorCode,OutputProcessor::SOVTimeStepType::System,OutputProcessor::SOVStoreType::Average,state.dataHybridUnitaryAC->ZoneHybridUnitaryAirConditioner(UnitLoop).Name
HybridUnitaryAirConditioners.cc,"""Zone Hybrid Unitary HVAC Supply Air Temperature""",OutputProcessor::Unit::C,state.dataHybridUnitaryAC->ZoneHybridUnitaryAirConditioner(UnitLoop).OutletTemp,OutputProcessor::SOVTimeStepType::System,OutputProcessor::SOVStoreType::Average,state.dataHybridUnitaryAC->ZoneHybridUnitaryAirConditioner(UnitLoop).Name
HybridUnitaryAirConditioners.cc,"""Zone Hybrid Unitary HVAC Return Air Temperature""",OutputProcessor::Unit::C,state.dataHybridUnitaryAC->ZoneHybridUnitaryAirConditioner(UnitLoop).InletTemp,OutputProcessor::SOVTimeStepType::System,OutputProcessor::SOVStoreType::Average,state.dataHybridUnitaryAC->ZoneHybridUnitaryAirConditioner(UnitLoop).Name
HybridUnitaryAirConditioners.cc,"""Zone Hybrid Unitary HVAC Outdoor Air Temperature""",OutputProcessor::Unit::C,state.dataHybridUnitaryAC->ZoneHybridUnitaryAirConditioner(UnitLoop).SecInletTemp,OutputProcessor::SOVTimeStepType::System,OutputProcessor::SOVStoreType::Average,state.dataHybridUnitaryAC->ZoneHybridUnitaryAirConditioner(UnitLoop).Name
HybridUnitaryAirConditioners.cc,"""Zone Hybrid Unitary HVAC Relief Air Temperature""",OutputProcessor::Unit::C,state.dataHybridUnitaryAC->ZoneHybridUnitaryAirConditioner(UnitLoop).SecOutletTemp,OutputProcessor::SOVTimeStepType::System,OutputProcessor::SOVStoreType::Average,state.dataHybridUnitaryAC->ZoneHybridUnitaryAirConditioner(UnitLoop).Name
HybridUnitaryAirConditioners.cc,"""Zone Hybrid Unitary HVAC Supply Air Humidity Ratio""",OutputProcessor::Unit::kgWater_kgDryAir,state.dataHybridUnitaryAC->ZoneHybridUnitaryAirConditioner(UnitLoop).OutletHumRat,OutputProcessor::SOVTimeStepType::System,OutputProcessor::SOVStoreType::Average,state.dataHybridUnitaryAC->ZoneHybridUnitaryAirConditioner(UnitLoop).Name
HybridUnitaryAirConditioners.cc,"""Zone Hybrid Unitary HVAC Return Air Humidity Ratio""",OutputProcessor::Unit::kgWater_kgDryAir,state.dataHybridUnitaryAC->ZoneHybridUnitaryAirConditioner(UnitLoop).InletHumRat,OutputProcessor::SOVTimeStepType::System,OutputProcessor::SOVStoreType::Average,state.dataHybridUnitaryAC->ZoneHybridUnitaryAirConditioner(UnitLoop).Name
HybridUnitaryAirConditioners.cc,"""Zone Hybrid Unitary HVAC Outdoor Air Humidity Ratio""",OutputProcessor::Unit::kgWater_kgDryAir,state.dataHybridUnitaryAC->ZoneHybridUnitaryAirConditioner(UnitLoop).SecInletHumRat,OutputProcessor::SOVTimeStepType::System,OutputProcessor::SOVStoreType::Average,state.dataHybridUnitaryAC->ZoneHybridUnitaryAirConditioner(UnitLoop).Name
HybridUnitaryAirConditioners.cc,"""Zone Hybrid Unitary HVAC Relief Air Humidity Ratio""",OutputProcessor::Unit::kgWater_kgDryAir,state.dataHybridUnitaryAC->ZoneHybridUnitaryAirConditioner(UnitLoop).SecOutletHumRat,OutputProcessor::SOVTimeStepType::System,OutputProcessor::SOVStoreType::Average,state.dataHybridUnitaryAC->ZoneHybridUnitaryAirConditioner(UnitLoop).Name
HybridUnitaryAirConditioners.cc,"""Zone Hybrid Unitary HVAC Supply Air Relative Humidity""",OutputProcessor::Unit::Perc,state.dataHybridUnitaryAC->ZoneHybridUnitaryAirConditioner(UnitLoop).OutletRH,OutputProcessor::SOVTimeStepType::System,OutputProcessor::SOVStoreType::Average,state.dataHybridUnitaryAC->ZoneHybridUnitaryAirConditioner(UnitLoop).Name
HybridUnitaryAirConditioners.cc,"""Zone Hybrid Unitary HVAC Return Air Relative Humidity""",OutputProcessor::Unit::Perc,state.dataHybridUnitaryAC->ZoneHybridUnitaryAirConditioner(UnitLoop).InletRH,OutputProcessor::SOVTimeStepType::System,OutputProcessor::SOVStoreType::Average,state.dataHybridUnitaryAC->ZoneHybridUnitaryAirConditioner(UnitLoop).Name
HybridUnitaryAirConditioners.cc,"""Zone Hybrid Unitary HVAC Outdoor Air Relative Humidity""",OutputProcessor::Unit::Perc,state.dataHybridUnitaryAC->ZoneHybridUnitaryAirConditioner(UnitLoop).SecInletRH,OutputProcessor::SOVTimeStepType::System,OutputProcessor::SOVStoreType::Average,state.dataHybridUnitaryAC->ZoneHybridUnitaryAirConditioner(UnitLoop).Name
HybridUnitaryAirConditioners.cc,"""Zone Hybrid Unitary HVAC Relief Air Relative Humidity""",OutputProcessor::Unit::Perc,state.dataHybridUnitaryAC->ZoneHybridUnitaryAirConditioner(UnitLoop).SecOutletRH,OutputProcessor::SOVTimeStepType::System,OutputProcessor::SOVStoreType::Average,state.dataHybridUnitaryAC->ZoneHybridUnitaryAirConditioner(UnitLoop).Name
HybridUnitaryAirConditioners.cc,"""Zone Hybrid Unitary HVAC Supply Air Mass Flow Rate""",OutputProcessor::Unit::kg_s,state.dataHybridUnitaryAC->ZoneHybridUnitaryAirConditioner(UnitLoop).OutletMassFlowRate,OutputProcessor::SOVTimeStepType::System,OutputProcessor::SOVStoreType::Average,state.dataHybridUnitaryAC->ZoneHybridUnitaryAirConditioner(UnitLoop).Name
HybridUnitaryAirConditioners.cc,"""Zone Hybrid Unitary HVAC Supply Air Standard Density Volume Flow Rate""",OutputProcessor::Unit::m3_s,state.dataHybridUnitaryAC->ZoneHybridUnitaryAirConditioner(UnitLoop).OutletVolumetricFlowRate,OutputProcessor::SOVTimeStepType::System,OutputProcessor::SOVStoreType::Average,state.dataHybridUnitaryAC->ZoneHybridUnitaryAirConditioner(UnitLoop).Name
HybridUnitaryAirConditioners.cc,"""Zone Hybrid Unitary HVAC Return Air Mass Flow Rate""",OutputProcessor::Unit::kg_s,state.dataHybridUnitaryAC->ZoneHybridUnitaryAirConditioner(UnitLoop).InletMassFlowRate,OutputProcessor::SOVTimeStepType::System,OutputProcessor::SOVStoreType::Average,state.dataHybridUnitaryAC->ZoneHybridUnitaryAirConditioner(UnitLoop).Name
HybridUnitaryAirConditioners.cc,"""Zone Hybrid Unitary HVAC Return Air Standard Density Volume Flow Rate""",OutputProcessor::Unit::m3_s,state.dataHybridUnitaryAC->ZoneHybridUnitaryAirConditioner(UnitLoop).InletVolumetricFlowRate,OutputProcessor::SOVTimeStepType::System,OutputProcessor::SOVStoreType::Average,state.dataHybridUnitaryAC->ZoneHybridUnitaryAirConditioner(UnitLoop).Name
HybridUnitaryAirConditioners.cc,"""Zone Hybrid Unitary HVAC Relief Air Mass Flow Rate""",OutputProcessor::Unit::kg_s,state.dataHybridUnitaryAC->ZoneHybridUnitaryAirConditioner(UnitLoop).SecOutletMassFlowRate,OutputProcessor::SOVTimeStepType::System,OutputProcessor::SOVStoreType::Average,state.dataHybridUnitaryAC->ZoneHybridUnitaryAirConditioner(UnitLoop).Name
HybridUnitaryAirConditioners.cc,"""Zone Hybrid Unitary HVAC Relief Air Standard Density Volume Flow Rate""",OutputProcessor::Unit::m3_s,state.dataHybridUnitaryAC->ZoneHybridUnitaryAirConditioner(UnitLoop).SecOutletVolumetricFlowRate,OutputProcessor::SOVTimeStepType::System,OutputProcessor::SOVStoreType::Average,state.dataHybridUnitaryAC->ZoneHybridUnitaryAirConditioner(UnitLoop).Name
HybridUnitaryAirConditioners.cc,"""Zone Hybrid Unitary HVAC Ventilation Air Standard Density Volume Flow Rate""",OutputProcessor::Unit::m3_s,state.dataHybridUnitaryAC->ZoneHybridUnitaryAirConditioner(UnitLoop).SupplyVentilationVolume,OutputProcessor::SOVTimeStepType::System,OutputProcessor::SOVStoreType::Average,state.dataHybridUnitaryAC->ZoneHybridUnitaryAirConditioner(UnitLoop).Name
HybridUnitaryAirConditioners.cc,"""Zone Hybrid Unitary HVAC Electricity Rate""",OutputProcessor::Unit::W,state.dataHybridUnitaryAC->ZoneHybridUnitaryAirConditioner(UnitLoop).FinalElectricalPower,OutputProcessor::SOVTimeStepType::System,OutputProcessor::SOVStoreType::Average,state.dataHybridUnitaryAC->ZoneHybridUnitaryAirConditioner(UnitLoop).Name
HybridUnitaryAirConditioners.cc,"""Zone Hybrid Unitary HVAC Electricity Energy""",OutputProcessor::Unit::J,state.dataHybridUnitaryAC->ZoneHybridUnitaryAirConditioner(UnitLoop).FinalElectricalEnergy,OutputProcessor::SOVTimeStepType::System,OutputProcessor::SOVStoreType::Summed,state.dataHybridUnitaryAC->ZoneHybridUnitaryAirConditioner(UnitLoop).Name
HybridUnitaryAirConditioners.cc,"""Zone Hybrid Unitary HVAC Requested Outdoor Air Ventilation Mass Flow Rate""",OutputProcessor::Unit::kg_s,state.dataHybridUnitaryAC->ZoneHybridUnitaryAirConditioner(UnitLoop).MinOA_Msa,OutputProcessor::SOVTimeStepType::System,OutputProcessor::SOVStoreType::Average,state.dataHybridUnitaryAC->ZoneHybridUnitaryAirConditioner(UnitLoop).Name
HybridUnitaryAirConditioners.cc,"""Zone Hybrid Unitary HVAC Ventilation Air Mass Flow Rate""",OutputProcessor::Unit::kg_s,state.dataHybridUnitaryAC->ZoneHybridUnitaryAirConditioner(UnitLoop).SupplyVentilationAir,OutputProcessor::SOVTimeStepType::System,OutputProcessor::SOVStoreType::Average,state.dataHybridUnitaryAC->ZoneHybridUnitaryAirConditioner(UnitLoop).Name
HybridUnitaryAirConditioners.cc,"""Zone Hybrid Unitary HVAC Availability Status""",OutputProcessor::Unit::None,state.dataHybridUnitaryAC->ZoneHybridUnitaryAirConditioner(UnitLoop).UnitOn,OutputProcessor::SOVTimeStepType::System,OutputProcessor::SOVStoreType::Average,state.dataHybridUnitaryAC->ZoneHybridUnitaryAirConditioner(UnitLoop).Name
HybridUnitaryAirConditioners.cc,"""Zone Hybrid Unitary HVAC Outdoor Air Fraction""",OutputProcessor::Unit::None,state.dataHybridUnitaryAC->ZoneHybridUnitaryAirConditioner(UnitLoop).averageOSAF,OutputProcessor::SOVTimeStepType::System,OutputProcessor::SOVStoreType::Average,state.dataHybridUnitaryAC->ZoneHybridUnitaryAirConditioner(UnitLoop).Name
HybridUnitaryAirConditioners.cc,"""Zone Hybrid Unitary HVAC Dehumidification Load to Humidistat Setpoint Moisture Transfer Rate""",OutputProcessor::Unit::kg_s,state.dataHybridUnitaryAC->ZoneHybridUnitaryAirConditioner(UnitLoop).RequestedDeHumdificationMass,OutputProcessor::SOVTimeStepType::System,OutputProcessor::SOVStoreType::Average,state.dataHybridUnitaryAC->ZoneHybridUnitaryAirConditioner(UnitLoop).Name
HybridUnitaryAirConditioners.cc,"""Zone Hybrid Unitary HVAC Dehumidification Load to Humidistat Setpoint Heat Transfer Rate""",OutputProcessor::Unit::W,state.dataHybridUnitaryAC->ZoneHybridUnitaryAirConditioner(UnitLoop).RequestedDeHumdificationLoad,OutputProcessor::SOVTimeStepType::System,OutputProcessor::SOVStoreType::Average,state.dataHybridUnitaryAC->ZoneHybridUnitaryAirConditioner(UnitLoop).Name
HybridUnitaryAirConditioners.cc,"""Zone Hybrid Unitary HVAC DehumidificationLoad to Humidistat Setpoint Heat Tansfer Energy""",OutputProcessor::Unit::J,state.dataHybridUnitaryAC->ZoneHybridUnitaryAirConditioner(UnitLoop).RequestedDeHumdificationEnergy,OutputProcessor::SOVTimeStepType::System,OutputProcessor::SOVStoreType::Average,state.dataHybridUnitaryAC->ZoneHybridUnitaryAirConditioner(UnitLoop).Name
HybridUnitaryAirConditioners.cc,"""Zone Hybrid Unitary HVAC Humidification Load to Humidistat Setpoint Moisture Transfer Rate""",OutputProcessor::Unit::kg_s,state.dataHybridUnitaryAC->ZoneHybridUnitaryAirConditioner(UnitLoop).RequestedHumdificationMass,OutputProcessor::SOVTimeStepType::System,OutputProcessor::SOVStoreType::Average,state.dataHybridUnitaryAC->ZoneHybridUnitaryAirConditioner(UnitLoop).Name
HybridUnitaryAirConditioners.cc,"""Zone Hybrid Unitary HVAC Humidification Load to Humidistat Setpoint Heat Transfer Rate""",OutputProcessor::Unit::W,state.dataHybridUnitaryAC->ZoneHybridUnitaryAirConditioner(UnitLoop).RequestedHumdificationLoad,OutputProcessor::SOVTimeStepType::System,OutputProcessor::SOVStoreType::Average,state.dataHybridUnitaryAC->ZoneHybridUnitaryAirConditioner(UnitLoop).Name
HybridUnitaryAirConditioners.cc,"""Zone Hybrid Unitary HVAC Humidification Load to Humidistat Setpoint Heat Tansfer Energy""",OutputProcessor::Unit::J,state.dataHybridUnitaryAC->ZoneHybridUnitaryAirConditioner(UnitLoop).RequestedHumdificationEnergy,OutputProcessor::SOVTimeStepType::System,OutputProcessor::SOVStoreType::Average,state.dataHybridUnitaryAC->ZoneHybridUnitaryAirConditioner(UnitLoop).Name
HybridUnitaryAirConditioners.cc,"""Zone Hybrid Unitary HVAC Supply Fan Electricity Rate""",OutputProcessor::Unit::W,state.dataHybridUnitaryAC->ZoneHybridUnitaryAirConditioner(UnitLoop).SupplyFanElectricPower,OutputProcessor::SOVTimeStepType::System,OutputProcessor::SOVStoreType::Average,state.dataHybridUnitaryAC->ZoneHybridUnitaryAirConditioner(UnitLoop).Name
HybridUnitaryAirConditioners.cc,"""Zone Hybrid Unitary HVAC Supply Fan Electricity Energy""",OutputProcessor::Unit::J,state.dataHybridUnitaryAC->ZoneHybridUnitaryAirConditioner(UnitLoop).SupplyFanElectricEnergy,OutputProcessor::SOVTimeStepType::System,OutputProcessor::SOVStoreType::Summed,state.dataHybridUnitaryAC->ZoneHybridUnitaryAirConditioner(UnitLoop).Name
HybridUnitaryAirConditioners.cc,"""Zone Hybrid Unitary HVAC Secondary Fuel Consumption Rate""",OutputProcessor::Unit::W,state.dataHybridUnitaryAC->ZoneHybridUnitaryAirConditioner(UnitLoop).SecondaryFuelConsumptionRate,OutputProcessor::SOVTimeStepType::System,OutputProcessor::SOVStoreType::Average,state.dataHybridUnitaryAC->ZoneHybridUnitaryAirConditioner(UnitLoop).Name
HybridUnitaryAirConditioners.cc,"""Zone Hybrid Unitary HVAC Secondary Fuel Consumption""",OutputProcessor::Unit::J,state.dataHybridUnitaryAC->ZoneHybridUnitaryAirConditioner(UnitLoop).SecondaryFuelConsumption,OutputProcessor::SOVTimeStepType::System,OutputProcessor::SOVStoreType::Summed,state.dataHybridUnitaryAC->ZoneHybridUnitaryAirConditioner(UnitLoop).Name
HybridUnitaryAirConditioners.cc,"""Zone Hybrid Unitary HVAC Third Fuel Consumption Rate""",OutputProcessor::Unit::W,state.dataHybridUnitaryAC->ZoneHybridUnitaryAirConditioner(UnitLoop).ThirdFuelConsumptionRate,OutputProcessor::SOVTimeStepType::System,OutputProcessor::SOVStoreType::Average,state.dataHybridUnitaryAC->ZoneHybridUnitaryAirConditioner(UnitLoop).Name
HybridUnitaryAirConditioners.cc,"""Zone Hybrid Unitary HVAC Third Fuel Consumption""",OutputProcessor::Unit::J,state.dataHybridUnitaryAC->ZoneHybridUnitaryAirConditioner(UnitLoop).ThirdFuelConsumption,OutputProcessor::SOVTimeStepType::System,OutputProcessor::SOVStoreType::Summed,state.dataHybridUnitaryAC->ZoneHybridUnitaryAirConditioner(UnitLoop).Name
HybridUnitaryAirConditioners.cc,"""Zone Hybrid Unitary HVAC Water Consumption Rate""",OutputProcessor::Unit::kgWater_s,state.dataHybridUnitaryAC->ZoneHybridUnitaryAirConditioner(UnitLoop).WaterConsumptionRate,OutputProcessor::SOVTimeStepType::System,OutputProcessor::SOVStoreType::Average,state.dataHybridUnitaryAC->ZoneHybridUnitaryAirConditioner(UnitLoop).Name
HybridUnitaryAirConditioners.cc,"""Zone Hybrid Unitary HVAC Water Consumption""",OutputProcessor::Unit::m3,state.dataHybridUnitaryAC->ZoneHybridUnitaryAirConditioner(UnitLoop).WaterConsumption,OutputProcessor::SOVTimeStepType::System,OutputProcessor::SOVStoreType::Summed,state.dataHybridUnitaryAC->ZoneHybridUnitaryAirConditioner(UnitLoop).Name
HybridUnitaryAirConditioners.cc,"""Zone Hybrid Unitary HVAC External Static Pressure""",OutputProcessor::Unit::Pa,state.dataHybridUnitaryAC->ZoneHybridUnitaryAirConditioner(UnitLoop).ExternalStaticPressure,OutputProcessor::SOVTimeStepType::System,OutputProcessor::SOVStoreType::Average,state.dataHybridUnitaryAC->ZoneHybridUnitaryAirConditioner(UnitLoop).Name
HybridUnitaryAirConditioners.cc,"""Zone Hybrid Unitary HVAC Fan Rise in Air Temperature""",OutputProcessor::Unit::deltaC,state.dataHybridUnitaryAC->ZoneHybridUnitaryAirConditioner(UnitLoop).FanHeatTemp,OutputProcessor::SOVTimeStepType::System,OutputProcessor::SOVStoreType::Average,state.dataHybridUnitaryAC->ZoneHybridUnitaryAirConditioner(UnitLoop).Name
HybridUnitaryAirConditioners.cc,"""Zone Hybrid Unitary HVAC Fan Heat Gain to Air""",OutputProcessor::Unit::W,state.dataHybridUnitaryAC->ZoneHybridUnitaryAirConditioner(UnitLoop).PowerLossToAir,OutputProcessor::SOVTimeStepType::System,OutputProcessor::SOVStoreType::Average,state.dataHybridUnitaryAC->ZoneHybridUnitaryAirConditioner(UnitLoop).Name
HybridUnitaryAirConditioners.cc,"format(""Zone Hybrid Unitary HVAC Runtime Fraction in Setting {}"", index)",OutputProcessor::Unit::None,thisSetting.Runtime_Fraction,OutputProcessor::SOVTimeStepType::Zone,OutputProcessor::SOVStoreType::Average,state.dataHybridUnitaryAC->ZoneHybridUnitaryAirConditioner(UnitLoop).Name
HybridUnitaryAirConditioners.cc,"format(""Zone Hybrid Unitary HVAC Mode in Setting {}"", index)",OutputProcessor::Unit::None,thisSetting.Mode,OutputProcessor::SOVTimeStepType::Zone,OutputProcessor::SOVStoreType::Average,state.dataHybridUnitaryAC->ZoneHybridUnitaryAirConditioner(UnitLoop).Name
HybridUnitaryAirConditioners.cc,"format(""Zone Hybrid Unitary HVAC Outdoor Air Fraction in Setting {}"", index)",OutputProcessor::Unit::kg_s,thisSetting.Outdoor_Air_Fraction,OutputProcessor::SOVTimeStepType::Zone,OutputProcessor::SOVStoreType::Average,state.dataHybridUnitaryAC->ZoneHybridUnitaryAirConditioner(UnitLoop).Name
HybridUnitaryAirConditioners.cc,"format(""Zone Hybrid Unitary HVAC Supply Air Mass Flow Rate in Setting {}"", index)",OutputProcessor::Unit::kg_s,thisSetting.Unscaled_Supply_Air_Mass_Flow_Rate,OutputProcessor::SOVTimeStepType::Zone,OutputProcessor::SOVStoreType::Average,state.dataHybridUnitaryAC->ZoneHybridUnitaryAirConditioner(UnitLoop).Name
HybridUnitaryAirConditioners.cc,"format(""Zone Hybrid Unitary HVAC Supply Air Mass Flow Rate Ratio in Setting {}"", index)",OutputProcessor::Unit::None,thisSetting.Supply_Air_Mass_Flow_Rate_Ratio,OutputProcessor::SOVTimeStepType::Zone,OutputProcessor::SOVStoreType::Average,state.dataHybridUnitaryAC->ZoneHybridUnitaryAirConditioner(UnitLoop).Name
PluginManager.cc,sOutputVariable,thisUnit,state.dataPluginManager->globalVariableValues[variableHandle],sUpdateFreq,sAvgOrSum,thisObjectName
PluginManager.cc,sOutputVariable,thisUnit,state.dataPluginManager->globalVariableValues[variableHandle],sUpdateFreq,sAvgOrSum,thisObjectName
PluginManager.cc,sOutputVariable,thisUnit,state.dataPluginManager->globalVariableValues[variableHandle],sUpdateFreq,sAvgOrSum,thisObjectName
PluginManager.cc,sOutputVariable,thisUnit,state.dataPluginManager->globalVariableValues[variableHandle],sUpdateFreq,sAvgOrSum,thisObjectName
HeatPumpWaterToWaterSimple.cc,"""Heat Pump Electricity Energy""",OutputProcessor::Unit::J,thisGSHP.reportEnergy,OutputProcessor::SOVTimeStepType::System,OutputProcessor::SOVStoreType::Summed,thisGSHP.Name
HeatPumpWaterToWaterSimple.cc,"""Heat Pump Load Side Heat Transfer Energy""",OutputProcessor::Unit::J,thisGSHP.reportQLoadEnergy,OutputProcessor::SOVTimeStepType::System,OutputProcessor::SOVStoreType::Summed,thisGSHP.Name
HeatPumpWaterToWaterSimple.cc,"""Heat Pump Source Side Heat Transfer Energy""",OutputProcessor::Unit::J,thisGSHP.reportQSourceEnergy,OutputProcessor::SOVTimeStepType::System,OutputProcessor::SOVStoreType::Summed,thisGSHP.Name
HeatPumpWaterToWaterSimple.cc,"""Heat Pump Electricity Energy""",OutputProcessor::Unit::J,thisGSHP.reportEnergy,OutputProcessor::SOVTimeStepType::System,OutputProcessor::SOVStoreType::Summed,thisGSHP.Name
HeatPumpWaterToWaterSimple.cc,"""Heat Pump Load Side Heat Transfer Energy""",OutputProcessor::Unit::J,thisGSHP.reportQLoadEnergy,OutputProcessor::SOVTimeStepType::System,OutputProcessor::SOVStoreType::Summed,thisGSHP.Name
HeatPumpWaterToWaterSimple.cc,"""Heat Pump Source Side Heat Transfer Energy""",OutputProcessor::Unit::J,thisGSHP.reportQSourceEnergy,OutputProcessor::SOVTimeStepType::System,OutputProcessor::SOVStoreType::Summed,thisGSHP.Name
HeatPumpWaterToWaterSimple.cc,"""Heat Pump Electricity Rate""",OutputProcessor::Unit::W,thisGSHP.reportPower,OutputProcessor::SOVTimeStepType::System,OutputProcessor::SOVStoreType::Average,thisGSHP.Name
HeatPumpWaterToWaterSimple.cc,"""Heat Pump Load Side Heat Transfer Rate""",OutputProcessor::Unit::W,thisGSHP.reportQLoad,OutputProcessor::SOVTimeStepType::System,OutputProcessor::SOVStoreType::Average,thisGSHP.Name
HeatPumpWaterToWaterSimple.cc,"""Heat Pump Source Side Heat Transfer Rate""",OutputProcessor::Unit::W,thisGSHP.reportQSource,OutputProcessor::SOVTimeStepType::System,OutputProcessor::SOVStoreType::Average,thisGSHP.Name
HeatPumpWaterToWaterSimple.cc,"""Heat Pump Load Side Outlet Temperature""",OutputProcessor::Unit::C,thisGSHP.reportLoadSideOutletTemp,OutputProcessor::SOVTimeStepType::System,OutputProcessor::SOVStoreType::Average,thisGSHP.Name
HeatPumpWaterToWaterSimple.cc,"""Heat Pump Load Side Inlet Temperature""",OutputProcessor::Unit::C,thisGSHP.reportLoadSideInletTemp,OutputProcessor::SOVTimeStepType::System,OutputProcessor::SOVStoreType::Average,thisGSHP.Name
HeatPumpWaterToWaterSimple.cc,"""Heat Pump Source Side Outlet Temperature""",OutputProcessor::Unit::C,thisGSHP.reportSourceSideOutletTemp,OutputProcessor::SOVTimeStepType::System,OutputProcessor::SOVStoreType::Average,thisGSHP.Name
HeatPumpWaterToWaterSimple.cc,"""Heat Pump Source Side Inlet Temperature""",OutputProcessor::Unit::C,thisGSHP.reportSourceSideInletTemp,OutputProcessor::SOVTimeStepType::System,OutputProcessor::SOVStoreType::Average,thisGSHP.Name
HeatPumpWaterToWaterSimple.cc,"""Heat Pump Load Side Mass Flow Rate""",OutputProcessor::Unit::kg_s,thisGSHP.reportLoadSideMassFlowRate,OutputProcessor::SOVTimeStepType::System,OutputProcessor::SOVStoreType::Average,thisGSHP.Name
HeatPumpWaterToWaterSimple.cc,"""Heat Pump Source Side Mass Flow Rate""",OutputProcessor::Unit::kg_s,thisGSHP.reportSourceSideMassFlowRate,OutputProcessor::SOVTimeStepType::System,OutputProcessor::SOVStoreType::Average,thisGSHP.Name
PlantPressureSystem.cc,"""Plant Branch Pressure Difference""",OutputProcessor::Unit::Pa,branch.PressureDrop,OutputProcessor::SOVTimeStepType::Plant,OutputProcessor::SOVStoreType::Average,branch.Name
PlantPressureSystem.cc,"""Plant Demand Side Loop Pressure Difference""",OutputProcessor::Unit::Pa,loop_side.PressureDrop,OutputProcessor::SOVTimeStepType::Plant,OutputProcessor::SOVStoreType::Average,loop.Name
PlantPressureSystem.cc,"""Plant Supply Side Loop Pressure Difference""",OutputProcessor::Unit::Pa,loop_side.PressureDrop,OutputProcessor::SOVTimeStepType::Plant,OutputProcessor::SOVStoreType::Average,loop.Name
PlantPressureSystem.cc,"""Plant Loop Pressure Difference""",OutputProcessor::Unit::Pa,loop.PressureDrop,OutputProcessor::SOVTimeStepType::Plant,OutputProcessor::SOVStoreType::Average,loop.Name
SurfaceGroundHeatExchanger.cc,"""Ground Heat Exchanger Heat Transfer Rate""",OutputProcessor::Unit::W,state.dataSurfaceGroundHeatExchangers->SurfaceGHE(Item).HeatTransferRate,OutputProcessor::SOVTimeStepType::Plant,OutputProcessor::SOVStoreType::Average,state.dataSurfaceGroundHeatExchangers->SurfaceGHE(Item).Name
SurfaceGroundHeatExchanger.cc,"""Ground Heat Exchanger Surface Heat Transfer Rate""",OutputProcessor::Unit::W,state.dataSurfaceGroundHeatExchangers->SurfaceGHE(Item).SurfHeatTransferRate,OutputProcessor::SOVTimeStepType::Plant,OutputProcessor::SOVStoreType::Average,state.dataSurfaceGroundHeatExchangers->SurfaceGHE(Item).Name
SurfaceGroundHeatExchanger.cc,"""Ground Heat Exchanger Heat Transfer Energy""",OutputProcessor::Unit::J,state.dataSurfaceGroundHeatExchangers->SurfaceGHE(Item).Energy,OutputProcessor::SOVTimeStepType::Plant,OutputProcessor::SOVStoreType::Summed,state.dataSurfaceGroundHeatExchangers->SurfaceGHE(Item).Name
SurfaceGroundHeatExchanger.cc,"""Ground Heat Exchanger Mass Flow Rate""",OutputProcessor::Unit::kg_s,state.dataSurfaceGroundHeatExchangers->SurfaceGHE(Item).MassFlowRate,OutputProcessor::SOVTimeStepType::Plant,OutputProcessor::SOVStoreType::Average,state.dataSurfaceGroundHeatExchangers->SurfaceGHE(Item).Name
SurfaceGroundHeatExchanger.cc,"""Ground Heat Exchanger Inlet Temperature""",OutputProcessor::Unit::C,state.dataSurfaceGroundHeatExchangers->SurfaceGHE(Item).InletTemp,OutputProcessor::SOVTimeStepType::Plant,OutputProcessor::SOVStoreType::Average,state.dataSurfaceGroundHeatExchangers->SurfaceGHE(Item).Name
SurfaceGroundHeatExchanger.cc,"""Ground Heat Exchanger Outlet Temperature""",OutputProcessor::Unit::C,state.dataSurfaceGroundHeatExchangers->SurfaceGHE(Item).OutletTemp,OutputProcessor::SOVTimeStepType::Plant,OutputProcessor::SOVStoreType::Average,state.dataSurfaceGroundHeatExchangers->SurfaceGHE(Item).Name
SurfaceGroundHeatExchanger.cc,"""Ground Heat Exchanger Top Surface Temperature""",OutputProcessor::Unit::C,state.dataSurfaceGroundHeatExchangers->SurfaceGHE(Item).TopSurfaceTemp,OutputProcessor::SOVTimeStepType::Plant,OutputProcessor::SOVStoreType::Average,state.dataSurfaceGroundHeatExchangers->SurfaceGHE(Item).Name
SurfaceGroundHeatExchanger.cc,"""Ground Heat Exchanger Bottom Surface Temperature""",OutputProcessor::Unit::C,state.dataSurfaceGroundHeatExchangers->SurfaceGHE(Item).BtmSurfaceTemp,OutputProcessor::SOVTimeStepType::Plant,OutputProcessor::SOVStoreType::Average,state.dataSurfaceGroundHeatExchangers->SurfaceGHE(Item).Name
SurfaceGroundHeatExchanger.cc,"""Ground Heat Exchanger Top Surface Heat Transfer Energy per Area""",OutputProcessor::Unit::J_m2,state.dataSurfaceGroundHeatExchangers->SurfaceGHE(Item).TopSurfaceFlux,OutputProcessor::SOVTimeStepType::Plant,OutputProcessor::SOVStoreType::Average,state.dataSurfaceGroundHeatExchangers->SurfaceGHE(Item).Name
SurfaceGroundHeatExchanger.cc,"""Ground Heat Exchanger Bottom Surface Heat Transfer Energy per Area""",OutputProcessor::Unit::J_m2,state.dataSurfaceGroundHeatExchangers->SurfaceGHE(Item).BtmSurfaceFlux,OutputProcessor::SOVTimeStepType::Plant,OutputProcessor::SOVStoreType::Average,state.dataSurfaceGroundHeatExchangers->SurfaceGHE(Item).Name
SurfaceGroundHeatExchanger.cc,"""Ground Heat Exchanger Surface Heat Transfer Energy""",OutputProcessor::Unit::J,state.dataSurfaceGroundHeatExchangers->SurfaceGHE(Item).SurfEnergy,OutputProcessor::SOVTimeStepType::Plant,OutputProcessor::SOVStoreType::Summed,state.dataSurfaceGroundHeatExchangers->SurfaceGHE(Item).Name
SurfaceGroundHeatExchanger.cc,"""Ground Heat Exchanger Source Temperature""",OutputProcessor::Unit::C,state.dataSurfaceGroundHeatExchangers->SurfaceGHE(Item).SourceTemp,OutputProcessor::SOVTimeStepType::Plant,OutputProcessor::SOVStoreType::Average,state.dataSurfaceGroundHeatExchangers->SurfaceGHE(Item).Name
HeatPumpWaterToWaterCOOLING.cc,"""Heat Pump Electricity Rate""",OutputProcessor::Unit::W,thisGSHP.Power,OutputProcessor::SOVTimeStepType::System,OutputProcessor::SOVStoreType::Average,thisGSHP.Name
HeatPumpWaterToWaterCOOLING.cc,"""Heat Pump Electricity Energy""",OutputProcessor::Unit::J,thisGSHP.Energy,OutputProcessor::SOVTimeStepType::System,OutputProcessor::SOVStoreType::Summed,thisGSHP.Name
HeatPumpWaterToWaterCOOLING.cc,"""Heat Pump Load Side Heat Transfer Rate""",OutputProcessor::Unit::W,thisGSHP.QLoad,OutputProcessor::SOVTimeStepType::System,OutputProcessor::SOVStoreType::Average,thisGSHP.Name
HeatPumpWaterToWaterCOOLING.cc,"""Heat Pump Load Side Heat Transfer Energy""",OutputProcessor::Unit::J,thisGSHP.QLoadEnergy,OutputProcessor::SOVTimeStepType::System,OutputProcessor::SOVStoreType::Summed,thisGSHP.Name
HeatPumpWaterToWaterCOOLING.cc,"""Heat Pump Source Side Heat Transfer Rate""",OutputProcessor::Unit::W,thisGSHP.QSource,OutputProcessor::SOVTimeStepType::System,OutputProcessor::SOVStoreType::Average,thisGSHP.Name
HeatPumpWaterToWaterCOOLING.cc,"""Heat Pump Source Side Heat Transfer Energy""",OutputProcessor::Unit::J,thisGSHP.QSourceEnergy,OutputProcessor::SOVTimeStepType::System,OutputProcessor::SOVStoreType::Summed,thisGSHP.Name
HeatPumpWaterToWaterCOOLING.cc,"""Heat Pump Load Side Outlet Temperature""",OutputProcessor::Unit::C,thisGSHP.LoadSideWaterOutletTemp,OutputProcessor::SOVTimeStepType::System,OutputProcessor::SOVStoreType::Average,thisGSHP.Name
HeatPumpWaterToWaterCOOLING.cc,"""Heat Pump Load Side Inlet Temperature""",OutputProcessor::Unit::C,thisGSHP.LoadSideWaterInletTemp,OutputProcessor::SOVTimeStepType::System,OutputProcessor::SOVStoreType::Average,thisGSHP.Name
HeatPumpWaterToWaterCOOLING.cc,"""Heat Pump Source Side Outlet Temperature""",OutputProcessor::Unit::C,thisGSHP.SourceSideWaterOutletTemp,OutputProcessor::SOVTimeStepType::System,OutputProcessor::SOVStoreType::Average,thisGSHP.Name
HeatPumpWaterToWaterCOOLING.cc,"""Heat Pump Source Side Inlet Temperature""",OutputProcessor::Unit::C,thisGSHP.SourceSideWaterInletTemp,OutputProcessor::SOVTimeStepType::System,OutputProcessor::SOVStoreType::Average,thisGSHP.Name
HeatPumpWaterToWaterCOOLING.cc,"""Heat Pump Load Side Mass Flow Rate""",OutputProcessor::Unit::kg_s,thisGSHP.LoadSideWaterMassFlowRate,OutputProcessor::SOVTimeStepType::System,OutputProcessor::SOVStoreType::Average,thisGSHP.Name
HeatPumpWaterToWaterCOOLING.cc,"""Heat Pump Source Side Mass Flow Rate""",OutputProcessor::Unit::kg_s,thisGSHP.SourceSideWaterMassFlowRate,OutputProcessor::SOVTimeStepType::System,OutputProcessor::SOVStoreType::Average,thisGSHP.Name
DaylightingDevices.cc,"""Tubular Daylighting Device Transmitted Solar Radiation Rate""",OutputProcessor::Unit::W,state.dataDaylightingDevicesData->TDDPipe(PipeNum).TransmittedSolar,OutputProcessor::SOVTimeStepType::Zone,OutputProcessor::SOVStoreType::Average,state.dataDaylightingDevicesData->TDDPipe(PipeNum).Name
DaylightingDevices.cc,"""Tubular Daylighting Device Pipe Absorbed Solar Radiation Rate""",OutputProcessor::Unit::W,state.dataDaylightingDevicesData->TDDPipe(PipeNum).PipeAbsorbedSolar,OutputProcessor::SOVTimeStepType::Zone,OutputProcessor::SOVStoreType::Average,state.dataDaylightingDevicesData->TDDPipe(PipeNum).Name
DaylightingDevices.cc,"""Tubular Daylighting Device Heat Gain Rate""",OutputProcessor::Unit::W,state.dataDaylightingDevicesData->TDDPipe(PipeNum).HeatGain,OutputProcessor::SOVTimeStepType::Zone,OutputProcessor::SOVStoreType::Average,state.dataDaylightingDevicesData->TDDPipe(PipeNum).Name
DaylightingDevices.cc,"""Tubular Daylighting Device Heat Loss Rate""",OutputProcessor::Unit::W,state.dataDaylightingDevicesData->TDDPipe(PipeNum).HeatLoss,OutputProcessor::SOVTimeStepType::Zone,OutputProcessor::SOVStoreType::Average,state.dataDaylightingDevicesData->TDDPipe(PipeNum).Name
DaylightingDevices.cc,"""Tubular Daylighting Device Beam Solar Transmittance""",OutputProcessor::Unit::None,state.dataDaylightingDevicesData->TDDPipe(PipeNum).TransSolBeam,OutputProcessor::SOVTimeStepType::Zone,OutputProcessor::SOVStoreType::Average,state.dataDaylightingDevicesData->TDDPipe(PipeNum).Name
DaylightingDevices.cc,"""Tubular Daylighting Device Beam Visible Transmittance""",OutputProcessor::Unit::None,state.dataDaylightingDevicesData->TDDPipe(PipeNum).TransVisBeam,OutputProcessor::SOVTimeStepType::Zone,OutputProcessor::SOVStoreType::Average,state.dataDaylightingDevicesData->TDDPipe(PipeNum).Name
DaylightingDevices.cc,"""Tubular Daylighting Device Diffuse Solar Transmittance""",OutputProcessor::Unit::None,state.dataDaylightingDevicesData->TDDPipe(PipeNum).TransSolDiff,OutputProcessor::SOVTimeStepType::Zone,OutputProcessor::SOVStoreType::Average,state.dataDaylightingDevicesData->TDDPipe(PipeNum).Name
DaylightingDevices.cc,"""Tubular Daylighting Device Diffuse Visible Transmittance""",OutputProcessor::Unit::None,state.dataDaylightingDevicesData->TDDPipe(PipeNum).TransVisDiff,OutputProcessor::SOVTimeStepType::Zone,OutputProcessor::SOVStoreType::Average,state.dataDaylightingDevicesData->TDDPipe(PipeNum).Name
DaylightingDevices.cc,'View Factor To Outside Shelf []',&                //        Shelf(ShelfNum)%ViewFactor,'Zone','Average',"Shelf(ShelfNum)%Name)            }        }        // Warning that if Calculate Solar Reflection From Exterior Surfaces = Yes in Building input, then        // solar reflection calculated from obstructions will not be used in daylighting shelf or tubular device        // calculation        if (state.dataSurface->CalcSolRefl &&            ((int)state.dataDaylightingDevicesData->TDDPipe.size() > 0 || (int)state.dataDaylightingDevicesData->Shelf.size() > 0)) {            ShowWarningError(state","""InitDaylightingDevices: Solar Distribution Model includes Solar Reflection calculation"
FuelCellElectricGenerator.cc,"""Generator Produced AC Electricity Rate""",OutputProcessor::Unit::W,this->Report.ACPowerGen,OutputProcessor::SOVTimeStepType::System,OutputProcessor::SOVStoreType::Average,this->Name
FuelCellElectricGenerator.cc,"""Generator Produced AC Electricity Energy""",OutputProcessor::Unit::J,this->Report.ACEnergyGen,OutputProcessor::SOVTimeStepType::System,OutputProcessor::SOVStoreType::Summed,this->Name
FuelCellElectricGenerator.cc,"""Generator Produced Thermal Rate""",OutputProcessor::Unit::W,this->Report.qHX,OutputProcessor::SOVTimeStepType::System,OutputProcessor::SOVStoreType::Average,this->Name
FuelCellElectricGenerator.cc,"""Generator Produced Thermal Energy""",OutputProcessor::Unit::J,this->Report.HXenergy,OutputProcessor::SOVTimeStepType::System,OutputProcessor::SOVStoreType::Summed,this->Name
FuelCellElectricGenerator.cc,"""Generator Fuel HHV Basis Energy""",OutputProcessor::Unit::J,this->Report.FuelEnergyHHV,OutputProcessor::SOVTimeStepType::System,OutputProcessor::SOVStoreType::Summed,this->Name
FuelCellElectricGenerator.cc,"""Generator Fuel HHV Basis Rate""",OutputProcessor::Unit::W,this->Report.FuelEnergyUseRateHHV,OutputProcessor::SOVTimeStepType::System,OutputProcessor::SOVStoreType::Average,this->Name
FuelCellElectricGenerator.cc,"""Generator Zone Sensible Heat Transfer Rate""",OutputProcessor::Unit::W,this->Report.SkinLossPower,OutputProcessor::SOVTimeStepType::System,OutputProcessor::SOVStoreType::Average,this->Name
FuelCellElectricGenerator.cc,"""Generator Zone Sensible Heat Transfer Energy""",OutputProcessor::Unit::J,this->Report.SkinLossEnergy,OutputProcessor::SOVTimeStepType::System,OutputProcessor::SOVStoreType::Summed,this->Name
FuelCellElectricGenerator.cc,"""Generator Zone Convection Heat Transfer Rate""",OutputProcessor::Unit::W,this->Report.SkinLossConvect,OutputProcessor::SOVTimeStepType::System,OutputProcessor::SOVStoreType::Average,this->Name
FuelCellElectricGenerator.cc,"""Generator Zone Radiation Heat Transfer Rate""",OutputProcessor::Unit::W,this->Report.SkinLossRadiat,OutputProcessor::SOVTimeStepType::System,OutputProcessor::SOVStoreType::Average,this->Name
FuelCellElectricGenerator.cc,"""Generator Air Inlet Temperature""",OutputProcessor::Unit::C,this->Report.TairInlet,OutputProcessor::SOVTimeStepType::System,OutputProcessor::SOVStoreType::Average,this->Name
FuelCellElectricGenerator.cc,"""Generator Power Module Entering Air Temperature""",OutputProcessor::Unit::C,this->Report.TairIntoFCPM,OutputProcessor::SOVTimeStepType::System,OutputProcessor::SOVStoreType::Average,this->Name
FuelCellElectricGenerator.cc,"""Generator Air Molar Flow Rate""",OutputProcessor::Unit::kmol_s,this->Report.NdotAir,OutputProcessor::SOVTimeStepType::System,OutputProcessor::SOVStoreType::Average,this->Name
FuelCellElectricGenerator.cc,"""Generator Power Module Entering Air Enthalpy""",OutputProcessor::Unit::W,this->Report.TotAirInEnthalphy,OutputProcessor::SOVTimeStepType::System,OutputProcessor::SOVStoreType::Average,this->Name
FuelCellElectricGenerator.cc,"""Generator Blower Electricity Rate""",OutputProcessor::Unit::W,this->Report.BlowerPower,OutputProcessor::SOVTimeStepType::System,OutputProcessor::SOVStoreType::Average,this->Name
FuelCellElectricGenerator.cc,"""Generator Blower Electricity Energy""",OutputProcessor::Unit::J,this->Report.BlowerEnergy,OutputProcessor::SOVTimeStepType::System,OutputProcessor::SOVStoreType::Summed,this->Name
FuelCellElectricGenerator.cc,"""Generator Blower Skin Heat Loss Rate""",OutputProcessor::Unit::W,this->Report.BlowerSkinLoss,OutputProcessor::SOVTimeStepType::System,OutputProcessor::SOVStoreType::Average,this->Name
FuelCellElectricGenerator.cc,"""Generator Fuel Inlet Temperature""",OutputProcessor::Unit::C,this->Report.TfuelInlet,OutputProcessor::SOVTimeStepType::System,OutputProcessor::SOVStoreType::Average,this->Name
FuelCellElectricGenerator.cc,"""Generator Power Module Entering Fuel Temperature""",OutputProcessor::Unit::C,this->Report.TfuelIntoFCPM,OutputProcessor::SOVTimeStepType::System,OutputProcessor::SOVStoreType::Average,this->Name
FuelCellElectricGenerator.cc,"""Generator Fuel Molar Flow Rate""",OutputProcessor::Unit::kmol_s,this->Report.NdotFuel,OutputProcessor::SOVTimeStepType::System,OutputProcessor::SOVStoreType::Average,this->Name
FuelCellElectricGenerator.cc,"""Generator Fuel Consumption LHV Basis Energy""",OutputProcessor::Unit::J,this->Report.FuelEnergyLHV,OutputProcessor::SOVTimeStepType::System,OutputProcessor::SOVStoreType::Summed,this->Name
FuelCellElectricGenerator.cc,"""Generator Fuel Consumption Rate LHV Basis""",OutputProcessor::Unit::W,this->Report.FuelEnergyUseRateLHV,OutputProcessor::SOVTimeStepType::System,OutputProcessor::SOVStoreType::Average,this->Name
FuelCellElectricGenerator.cc,"""Generator Power Module Entering Fuel Enthalpy""",OutputProcessor::Unit::W,this->Report.TotFuelInEnthalpy,OutputProcessor::SOVTimeStepType::System,OutputProcessor::SOVStoreType::Average,this->Name
FuelCellElectricGenerator.cc,"""Generator Fuel Compressor Electricity Rate""",OutputProcessor::Unit::W,this->Report.FuelCompressPower,OutputProcessor::SOVTimeStepType::System,OutputProcessor::SOVStoreType::Average,this->Name
FuelCellElectricGenerator.cc,"""Generator Fuel Compressor Electricity Energy""",OutputProcessor::Unit::J,this->Report.FuelCompressEnergy,OutputProcessor::SOVTimeStepType::System,OutputProcessor::SOVStoreType::Summed,this->Name
FuelCellElectricGenerator.cc,"""Generator Fuel Compressor Skin Heat Loss Rate""",OutputProcessor::Unit::W,this->Report.FuelCompressSkinLoss,OutputProcessor::SOVTimeStepType::System,OutputProcessor::SOVStoreType::Average,this->Name
FuelCellElectricGenerator.cc,"""Generator Fuel Reformer Water Inlet Temperature""",OutputProcessor::Unit::C,this->Report.TwaterInlet,OutputProcessor::SOVTimeStepType::System,OutputProcessor::SOVStoreType::Average,this->Name
FuelCellElectricGenerator.cc,"""Generator Power Module Entering Reforming Water Temperature""",OutputProcessor::Unit::C,this->Report.TwaterIntoFCPM,OutputProcessor::SOVTimeStepType::System,OutputProcessor::SOVStoreType::Average,this->Name
FuelCellElectricGenerator.cc,"""Generator Fuel Reformer Water Molar Flow Rate""",OutputProcessor::Unit::kmol_s,this->Report.NdotWater,OutputProcessor::SOVTimeStepType::System,OutputProcessor::SOVStoreType::Average,this->Name
FuelCellElectricGenerator.cc,"""Generator Fuel Reformer Water Pump Electricity Rate""",OutputProcessor::Unit::W,this->Report.WaterPumpPower,OutputProcessor::SOVTimeStepType::System,OutputProcessor::SOVStoreType::Average,this->Name
FuelCellElectricGenerator.cc,"""Generator Fuel Reformer Water Pump Electricity Energy""",OutputProcessor::Unit::J,this->Report.WaterPumpEnergy,OutputProcessor::SOVTimeStepType::System,OutputProcessor::SOVStoreType::Summed,this->Name
FuelCellElectricGenerator.cc,"""Generator Power Module Entering Reforming Water Enthalpy""",OutputProcessor::Unit::W,this->Report.WaterIntoFCPMEnthalpy,OutputProcessor::SOVTimeStepType::System,OutputProcessor::SOVStoreType::Average,this->Name
FuelCellElectricGenerator.cc,"""Generator Product Gas Temperature""",OutputProcessor::Unit::C,this->Report.TprodGas,OutputProcessor::SOVTimeStepType::System,OutputProcessor::SOVStoreType::Average,this->Name
FuelCellElectricGenerator.cc,"""Generator Product Gas Enthalpy""",OutputProcessor::Unit::W,this->Report.EnthalProdGas,OutputProcessor::SOVTimeStepType::System,OutputProcessor::SOVStoreType::Average,this->Name
FuelCellElectricGenerator.cc,"""Generator Product Gas Molar Flow Rate""",OutputProcessor::Unit::kmol_s,this->Report.NdotProdGas,OutputProcessor::SOVTimeStepType::System,OutputProcessor::SOVStoreType::Average,this->Name
FuelCellElectricGenerator.cc,"""Generator Product Gas Ar Molar Flow Rate""",OutputProcessor::Unit::kmol_s,this->Report.NdotProdAr,OutputProcessor::SOVTimeStepType::System,OutputProcessor::SOVStoreType::Average,this->Name
FuelCellElectricGenerator.cc,"""Generator Product Gas CO2 Molar Flow Rate""",OutputProcessor::Unit::kmol_s,this->Report.NdotProdCO2,OutputProcessor::SOVTimeStepType::System,OutputProcessor::SOVStoreType::Average,this->Name
FuelCellElectricGenerator.cc,"""Generator Product Gas H2O Vapor Molar Flow Rate""",OutputProcessor::Unit::kmol_s,this->Report.NdotProdH2O,OutputProcessor::SOVTimeStepType::System,OutputProcessor::SOVStoreType::Average,this->Name
FuelCellElectricGenerator.cc,"""Generator Product Gas N2 Molar Flow Rate""",OutputProcessor::Unit::kmol_s,this->Report.NdotProdN2,OutputProcessor::SOVTimeStepType::System,OutputProcessor::SOVStoreType::Average,this->Name
FuelCellElectricGenerator.cc,"""Generator Product Gas O2 Molar Flow Rate""",OutputProcessor::Unit::kmol_s,this->Report.NdotProdO2,OutputProcessor::SOVTimeStepType::System,OutputProcessor::SOVStoreType::Average,this->Name
FuelCellElectricGenerator.cc,"""Generator Heat Recovery Exit Gas Temperature""",OutputProcessor::Unit::C,this->Report.THXexh,OutputProcessor::SOVTimeStepType::System,OutputProcessor::SOVStoreType::Average,this->Name
FuelCellElectricGenerator.cc,"""Generator Heat Recovery Exit Gas H2O Vapor Fraction""",OutputProcessor::Unit::None,this->Report.WaterVaporFractExh,OutputProcessor::SOVTimeStepType::System,OutputProcessor::SOVStoreType::Average,this->Name
FuelCellElectricGenerator.cc,"""Generator Heat Recovery Water Condensate Molar Flow Rate""",OutputProcessor::Unit::kmol_s,this->Report.CondensateRate,OutputProcessor::SOVTimeStepType::System,OutputProcessor::SOVStoreType::Average,this->Name
FuelCellElectricGenerator.cc,"""Generator Inverter Loss Power""",OutputProcessor::Unit::W,this->Report.PCUlosses,OutputProcessor::SOVTimeStepType::System,OutputProcessor::SOVStoreType::Average,this->Name
FuelCellElectricGenerator.cc,"""Generator Produced DC Electricity Rate""",OutputProcessor::Unit::W,this->Report.DCPowerGen,OutputProcessor::SOVTimeStepType::System,OutputProcessor::SOVStoreType::Average,this->Name
FuelCellElectricGenerator.cc,"""Generator DC Power Efficiency""",OutputProcessor::Unit::None,this->Report.DCPowerEff,OutputProcessor::SOVTimeStepType::System,OutputProcessor::SOVStoreType::Average,this->Name
FuelCellElectricGenerator.cc,"""Generator Electric Storage Charge State""",OutputProcessor::Unit::J,this->Report.ElectEnergyinStorage,OutputProcessor::SOVTimeStepType::System,OutputProcessor::SOVStoreType::Average,this->Name
FuelCellElectricGenerator.cc,"""Generator DC Storage Charging Power""",OutputProcessor::Unit::W,this->Report.StoredPower,OutputProcessor::SOVTimeStepType::System,OutputProcessor::SOVStoreType::Average,this->Name
FuelCellElectricGenerator.cc,"""Generator DC Storage Charging Energy""",OutputProcessor::Unit::J,this->Report.StoredEnergy,OutputProcessor::SOVTimeStepType::System,OutputProcessor::SOVStoreType::Summed,this->Name
FuelCellElectricGenerator.cc,"""Generator DC Storage Discharging Power""",OutputProcessor::Unit::W,this->Report.DrawnPower,OutputProcessor::SOVTimeStepType::System,OutputProcessor::SOVStoreType::Average,this->Name
FuelCellElectricGenerator.cc,"""Generator DC Storage Discharging Energy""",OutputProcessor::Unit::J,this->Report.DrawnEnergy,OutputProcessor::SOVTimeStepType::System,OutputProcessor::SOVStoreType::Summed,this->Name
FuelCellElectricGenerator.cc,"""Generator Ancillary AC Electricity Rate""",OutputProcessor::Unit::W,this->Report.ACancillariesPower,OutputProcessor::SOVTimeStepType::System,OutputProcessor::SOVStoreType::Average,this->Name
FuelCellElectricGenerator.cc,"""Generator Ancillary AC Electricity Energy""",OutputProcessor::Unit::J,this->Report.ACancillariesEnergy,OutputProcessor::SOVTimeStepType::System,OutputProcessor::SOVStoreType::Summed,this->Name
FuelCellElectricGenerator.cc,"""Generator Fuel Cell Model Iteration Count""",OutputProcessor::Unit::None,this->Report.SeqSubstIterations,OutputProcessor::SOVTimeStepType::System,OutputProcessor::SOVStoreType::Summed,this->Name
FuelCellElectricGenerator.cc,"""Generator Root Solver Iteration Count""",OutputProcessor::Unit::None,this->Report.RegulaFalsiIterations,OutputProcessor::SOVTimeStepType::System,OutputProcessor::SOVStoreType::Summed,this->Name
FuelCellElectricGenerator.cc,"""Generator Number of Cycles""",OutputProcessor::Unit::None,this->Report.NumCycles,OutputProcessor::SOVTimeStepType::System,OutputProcessor::SOVStoreType::Average,this->Name
FuelCellElectricGenerator.cc,"""Generator Power Module Skin Heat Loss Rate""",OutputProcessor::Unit::W,this->Report.FCPMSkinLoss,OutputProcessor::SOVTimeStepType::System,OutputProcessor::SOVStoreType::Average,this->Name
RefrigeratedCase.cc,"""Refrigeration Case Evaporator Total Cooling Rate""",OutputProcessor::Unit::W,thisCase.TotalCoolingLoad,OutputProcessor::SOVTimeStepType::Zone,OutputProcessor::SOVStoreType::Average,thisCase.Name
RefrigeratedCase.cc,"""Refrigeration Case Evaporator Total Cooling Energy""",OutputProcessor::Unit::J,thisCase.TotalCoolingEnergy,OutputProcessor::SOVTimeStepType::Zone,OutputProcessor::SOVStoreType::Summed,thisCase.Name
RefrigeratedCase.cc,"""Refrigeration Case Evaporator Sensible Cooling Rate""",OutputProcessor::Unit::W,thisCase.SensCoolingEnergyRate,OutputProcessor::SOVTimeStepType::Zone,OutputProcessor::SOVStoreType::Average,thisCase.Name
RefrigeratedCase.cc,"""Refrigeration Case Evaporator Sensible Cooling Energy""",OutputProcessor::Unit::J,thisCase.SensCoolingEnergy,OutputProcessor::SOVTimeStepType::Zone,OutputProcessor::SOVStoreType::Summed,thisCase.Name
RefrigeratedCase.cc,"""Refrigeration Case Evaporator Latent Cooling Rate""",OutputProcessor::Unit::W,thisCase.LatCoolingEnergyRate,OutputProcessor::SOVTimeStepType::Zone,OutputProcessor::SOVStoreType::Average,thisCase.Name
RefrigeratedCase.cc,"""Refrigeration Case Evaporator Latent Cooling Energy""",OutputProcessor::Unit::J,thisCase.LatCoolingEnergy,OutputProcessor::SOVTimeStepType::Zone,OutputProcessor::SOVStoreType::Summed,thisCase.Name
RefrigeratedCase.cc,"""Refrigeration Case Zone Sensible Cooling Rate""",OutputProcessor::Unit::W,thisCase.SensZoneCreditCoolRate,OutputProcessor::SOVTimeStepType::Zone,OutputProcessor::SOVStoreType::Average,thisCase.Name
RefrigeratedCase.cc,"""Refrigeration Case Zone Sensible Cooling Energy""",OutputProcessor::Unit::J,thisCase.SensZoneCreditCool,OutputProcessor::SOVTimeStepType::Zone,OutputProcessor::SOVStoreType::Summed,thisCase.Name
RefrigeratedCase.cc,"""Refrigeration Case Zone Sensible Heating Rate""",OutputProcessor::Unit::W,thisCase.SensZoneCreditHeatRate,OutputProcessor::SOVTimeStepType::Zone,OutputProcessor::SOVStoreType::Average,thisCase.Name
RefrigeratedCase.cc,"""Refrigeration Case Zone Sensible Heating Energy""",OutputProcessor::Unit::J,thisCase.SensZoneCreditHeat,OutputProcessor::SOVTimeStepType::Zone,OutputProcessor::SOVStoreType::Summed,thisCase.Name
RefrigeratedCase.cc,"""Refrigeration Case Zone Latent Rate""",OutputProcessor::Unit::W,thisCase.LatZoneCreditRate,OutputProcessor::SOVTimeStepType::Zone,OutputProcessor::SOVStoreType::Average,thisCase.Name
RefrigeratedCase.cc,"""Refrigeration Case Zone Latent Energy""",OutputProcessor::Unit::J,thisCase.LatZoneCredit,OutputProcessor::SOVTimeStepType::Zone,OutputProcessor::SOVStoreType::Summed,thisCase.Name
RefrigeratedCase.cc,"""Refrigeration Case Return Air Sensible Cooling Rate""",OutputProcessor::Unit::W,thisCase.SensHVACCreditCoolRate,OutputProcessor::SOVTimeStepType::Zone,OutputProcessor::SOVStoreType::Average,thisCase.Name
RefrigeratedCase.cc,"""Refrigeration Case Return Air Sensible Cooling Energy""",OutputProcessor::Unit::J,thisCase.SensHVACCreditCool,OutputProcessor::SOVTimeStepType::Zone,OutputProcessor::SOVStoreType::Summed,thisCase.Name
RefrigeratedCase.cc,"""Refrigeration Case Return Air Sensible Heating Rate""",OutputProcessor::Unit::W,thisCase.SensHVACCreditHeatRate,OutputProcessor::SOVTimeStepType::Zone,OutputProcessor::SOVStoreType::Average,thisCase.Name
RefrigeratedCase.cc,"""Refrigeration Case Return Air Sensible Heating Energy""",OutputProcessor::Unit::J,thisCase.SensHVACCreditHeat,OutputProcessor::SOVTimeStepType::Zone,OutputProcessor::SOVStoreType::Summed,thisCase.Name
RefrigeratedCase.cc,"""Refrigeration Case Return Air Latent Rate""",OutputProcessor::Unit::W,thisCase.LatHVACCreditRate,OutputProcessor::SOVTimeStepType::Zone,OutputProcessor::SOVStoreType::Average,thisCase.Name
RefrigeratedCase.cc,"""Refrigeration Case Return Air Latent Energy""",OutputProcessor::Unit::J,thisCase.LatHVACCredit,OutputProcessor::SOVTimeStepType::Zone,OutputProcessor::SOVStoreType::Summed,thisCase.Name
RefrigeratedCase.cc,"""Refrigeration Case Evaporator Fan Electricity Rate""",OutputProcessor::Unit::W,thisCase.ElecFanPower,OutputProcessor::SOVTimeStepType::Zone,OutputProcessor::SOVStoreType::Average,thisCase.Name
RefrigeratedCase.cc,"""Refrigeration Case Evaporator Fan Electricity Energy""",OutputProcessor::Unit::J,thisCase.ElecFanConsumption,OutputProcessor::SOVTimeStepType::Zone,OutputProcessor::SOVStoreType::Summed,thisCase.Name
RefrigeratedCase.cc,"""Refrigeration Case Lighting Electricity Rate""",OutputProcessor::Unit::W,thisCase.ElecLightingPower,OutputProcessor::SOVTimeStepType::Zone,OutputProcessor::SOVStoreType::Average,thisCase.Name
RefrigeratedCase.cc,"""Refrigeration Case Lighting Electricity Energy""",OutputProcessor::Unit::J,thisCase.ElecLightingConsumption,OutputProcessor::SOVTimeStepType::Zone,OutputProcessor::SOVStoreType::Summed,thisCase.Name
RefrigeratedCase.cc,"""Refrigeration Case Defrost Energy Correction Curve Value""",OutputProcessor::Unit::None,thisCase.DefEnergyCurveValue,OutputProcessor::SOVTimeStepType::Zone,OutputProcessor::SOVStoreType::Average,thisCase.Name
RefrigeratedCase.cc,"""Refrigeration Case Latent Credit Curve Value""",OutputProcessor::Unit::None,thisCase.LatEnergyCurveValue,OutputProcessor::SOVTimeStepType::Zone,OutputProcessor::SOVStoreType::Average,thisCase.Name
RefrigeratedCase.cc,"""Refrigeration Case Anti Sweat Electricity Rate""",OutputProcessor::Unit::W,thisCase.ElecAntiSweatPower,OutputProcessor::SOVTimeStepType::Zone,OutputProcessor::SOVStoreType::Average,thisCase.Name
RefrigeratedCase.cc,"""Refrigeration Case Anti Sweat Electricity Energy""",OutputProcessor::Unit::J,thisCase.ElecAntiSweatConsumption,OutputProcessor::SOVTimeStepType::Zone,OutputProcessor::SOVStoreType::Summed,thisCase.Name
RefrigeratedCase.cc,"""Refrigeration Case Defrost Electricity Rate""",OutputProcessor::Unit::W,thisCase.ElecDefrostPower,OutputProcessor::SOVTimeStepType::Zone,OutputProcessor::SOVStoreType::Average,thisCase.Name
RefrigeratedCase.cc,"""Refrigeration Case Defrost Electricity Energy""",OutputProcessor::Unit::J,thisCase.ElecDefrostConsumption,OutputProcessor::SOVTimeStepType::Zone,OutputProcessor::SOVStoreType::Summed,thisCase.Name
RefrigeratedCase.cc,"""Refrigeration Walk In Evaporator Total Cooling Rate""",OutputProcessor::Unit::W,walkin.TotalCoolingLoad,OutputProcessor::SOVTimeStepType::Zone,OutputProcessor::SOVStoreType::Average,walkin.Name
RefrigeratedCase.cc,"""Refrigeration Walk In Evaporator Total Cooling Energy""",OutputProcessor::Unit::J,walkin.TotalCoolingEnergy,OutputProcessor::SOVTimeStepType::Zone,OutputProcessor::SOVStoreType::Summed,walkin.Name
RefrigeratedCase.cc,"""Refrigeration Walk In Evaporator Sensible Cooling Rate""",OutputProcessor::Unit::W,walkin.TotSensCoolingEnergyRate,OutputProcessor::SOVTimeStepType::Zone,OutputProcessor::SOVStoreType::Average,walkin.Name
RefrigeratedCase.cc,"""Refrigeration Walk In Evaporator Sensible Cooling Energy""",OutputProcessor::Unit::J,walkin.TotSensCoolingEnergy,OutputProcessor::SOVTimeStepType::Zone,OutputProcessor::SOVStoreType::Summed,walkin.Name
RefrigeratedCase.cc,"""Refrigeration Walk In Evaporator Latent Cooling Rate""",OutputProcessor::Unit::W,walkin.TotLatCoolingEnergyRate,OutputProcessor::SOVTimeStepType::Zone,OutputProcessor::SOVStoreType::Average,walkin.Name
RefrigeratedCase.cc,"""Refrigeration Walk In Evaporator Latent Cooling Energy""",OutputProcessor::Unit::J,walkin.TotLatCoolingEnergy,OutputProcessor::SOVTimeStepType::Zone,OutputProcessor::SOVStoreType::Summed,walkin.Name
RefrigeratedCase.cc,"""Refrigeration Walk In Ancillary Electricity Rate""",OutputProcessor::Unit::W,walkin.TotalElecPower,OutputProcessor::SOVTimeStepType::Zone,OutputProcessor::SOVStoreType::Average,walkin.Name
RefrigeratedCase.cc,"""Refrigeration Walk In Ancillary Electricity Energy""",OutputProcessor::Unit::J,walkin.TotalElecConsumption,OutputProcessor::SOVTimeStepType::Zone,OutputProcessor::SOVStoreType::Summed,walkin.Name
RefrigeratedCase.cc,"""Refrigeration Walk In Fan Electricity Rate""",OutputProcessor::Unit::W,walkin.ElecFanPower,OutputProcessor::SOVTimeStepType::Zone,OutputProcessor::SOVStoreType::Average,walkin.Name
RefrigeratedCase.cc,"""Refrigeration Walk In Fan Electricity Energy""",OutputProcessor::Unit::J,walkin.ElecFanConsumption,OutputProcessor::SOVTimeStepType::Zone,OutputProcessor::SOVStoreType::Summed,walkin.Name
RefrigeratedCase.cc,"""Refrigeration Walk In Lighting Electricity Rate""",OutputProcessor::Unit::W,walkin.ElecLightingPower,OutputProcessor::SOVTimeStepType::Zone,OutputProcessor::SOVStoreType::Average,walkin.Name
RefrigeratedCase.cc,"""Refrigeration Walk In Lighting Electricity Energy""",OutputProcessor::Unit::J,walkin.ElecLightingConsumption,OutputProcessor::SOVTimeStepType::Zone,OutputProcessor::SOVStoreType::Summed,walkin.Name
RefrigeratedCase.cc,"""Refrigeration Walk In Heater Electricity Rate""",OutputProcessor::Unit::W,walkin.ElecHeaterPower,OutputProcessor::SOVTimeStepType::Zone,OutputProcessor::SOVStoreType::Average,walkin.Name
RefrigeratedCase.cc,"""Refrigeration Walk In Heater Electricity Energy""",OutputProcessor::Unit::J,walkin.ElecHeaterConsumption,OutputProcessor::SOVTimeStepType::Zone,OutputProcessor::SOVStoreType::Summed,walkin.Name
RefrigeratedCase.cc,"""Refrigeration Walk In Defrost Electricity Rate""",OutputProcessor::Unit::W,walkin.ElecDefrostPower,OutputProcessor::SOVTimeStepType::Zone,OutputProcessor::SOVStoreType::Average,walkin.Name
RefrigeratedCase.cc,"""Refrigeration Walk In Defrost Electricity Energy""",OutputProcessor::Unit::J,walkin.ElecDefrostConsumption,OutputProcessor::SOVTimeStepType::Zone,OutputProcessor::SOVStoreType::Summed,walkin.Name
RefrigeratedCase.cc,"""Refrigeration Walk In Zone Sensible Cooling Rate""",OutputProcessor::Unit::W,walkin.SensZoneCreditCoolRate(zoneId),OutputProcessor::SOVTimeStepType::Zone,OutputProcessor::SOVStoreType::Average,Walkin_and_zone_name
RefrigeratedCase.cc,"""Refrigeration Walk In Zone Sensible Cooling Energy""",OutputProcessor::Unit::J,walkin.SensZoneCreditCool(zoneId),OutputProcessor::SOVTimeStepType::Zone,OutputProcessor::SOVStoreType::Summed,Walkin_and_zone_name
RefrigeratedCase.cc,"""Refrigeration Walk In Zone Sensible Heating Rate""",OutputProcessor::Unit::W,walkin.SensZoneCreditHeatRate(zoneId),OutputProcessor::SOVTimeStepType::Zone,OutputProcessor::SOVStoreType::Average,Walkin_and_zone_name
RefrigeratedCase.cc,"""Refrigeration Walk In Zone Sensible Heating Energy""",OutputProcessor::Unit::J,walkin.SensZoneCreditHeat(zoneId),OutputProcessor::SOVTimeStepType::Zone,OutputProcessor::SOVStoreType::Summed,Walkin_and_zone_name
RefrigeratedCase.cc,"""Refrigeration Walk In Zone Latent Rate""",OutputProcessor::Unit::W,walkin.LatZoneCreditRate(zoneId),OutputProcessor::SOVTimeStepType::Zone,OutputProcessor::SOVStoreType::Average,Walkin_and_zone_name
RefrigeratedCase.cc,"""Refrigeration Walk In Zone Latent Energy""",OutputProcessor::Unit::J,walkin.LatZoneCredit(zoneId),OutputProcessor::SOVTimeStepType::Zone,OutputProcessor::SOVStoreType::Summed,Walkin_and_zone_name
RefrigeratedCase.cc,"""Refrigeration Zone Air Chiller Total Cooling Rate""",OutputProcessor::Unit::W,coil.TotalCoolingLoad,OutputProcessor::SOVTimeStepType::HVAC,OutputProcessor::SOVStoreType::Average,coil.Name
RefrigeratedCase.cc,"""Refrigeration Zone Air Chiller Total Cooling Energy""",OutputProcessor::Unit::J,coil.TotalCoolingEnergy,OutputProcessor::SOVTimeStepType::HVAC,OutputProcessor::SOVStoreType::Summed,coil.Name
RefrigeratedCase.cc,"""Refrigeration Zone Air Chiller Sensible Cooling Rate""",OutputProcessor::Unit::W,coil.SensCoolingEnergyRate,OutputProcessor::SOVTimeStepType::HVAC,OutputProcessor::SOVStoreType::Average,coil.Name
RefrigeratedCase.cc,"""Refrigeration Zone Air Chiller Sensible Cooling Energy""",OutputProcessor::Unit::J,coil.SensCoolingEnergy,OutputProcessor::SOVTimeStepType::HVAC,OutputProcessor::SOVStoreType::Summed,coil.Name
RefrigeratedCase.cc,"""Refrigeration Zone Air Chiller Latent Cooling Rate""",OutputProcessor::Unit::W,coil.LatCreditRate,OutputProcessor::SOVTimeStepType::HVAC,OutputProcessor::SOVStoreType::Average,coil.Name
RefrigeratedCase.cc,"""Refrigeration Zone Air Chiller Latent Cooling Energy""",OutputProcessor::Unit::J,coil.LatCreditEnergy,OutputProcessor::SOVTimeStepType::HVAC,OutputProcessor::SOVStoreType::Summed,coil.Name
RefrigeratedCase.cc,"""Refrigeration Zone Air Chiller Water Removed Mass Flow Rate""",OutputProcessor::Unit::kg_s,coil.LatKgPerS_ToZone,OutputProcessor::SOVTimeStepType::HVAC,OutputProcessor::SOVStoreType::Average,coil.Name
RefrigeratedCase.cc,"""Refrigeration Zone Air Chiller Total Electricity Rate""",OutputProcessor::Unit::W,coil.TotalElecPower,OutputProcessor::SOVTimeStepType::HVAC,OutputProcessor::SOVStoreType::Average,coil.Name
RefrigeratedCase.cc,"""Refrigeration Zone Air Chiller Total Electricity Energy""",OutputProcessor::Unit::J,coil.TotalElecConsumption,OutputProcessor::SOVTimeStepType::HVAC,OutputProcessor::SOVStoreType::Summed,coil.Name
RefrigeratedCase.cc,"""Refrigeration Zone Air Chiller Fan Electricity Rate""",OutputProcessor::Unit::W,coil.ElecFanPower,OutputProcessor::SOVTimeStepType::HVAC,OutputProcessor::SOVStoreType::Average,coil.Name
RefrigeratedCase.cc,"""Refrigeration Zone Air Chiller Fan Electric Energy""",OutputProcessor::Unit::J,coil.ElecFanConsumption,OutputProcessor::SOVTimeStepType::HVAC,OutputProcessor::SOVStoreType::Summed,coil.Name
RefrigeratedCase.cc,"""Refrigeration Zone Air Chiller Heater Electricity Rate""",OutputProcessor::Unit::W,coil.ElecHeaterPower,OutputProcessor::SOVTimeStepType::HVAC,OutputProcessor::SOVStoreType::Average,coil.Name
RefrigeratedCase.cc,"""Refrigeration Zone Air Chiller Heater Electricity Energy""",OutputProcessor::Unit::J,coil.ElecHeaterConsumption,OutputProcessor::SOVTimeStepType::HVAC,OutputProcessor::SOVStoreType::Summed,coil.Name
RefrigeratedCase.cc,"""Refrigeration Zone Air Chiller Sensible Heat Ratio""",OutputProcessor::Unit::None,coil.SensHeatRatio,OutputProcessor::SOVTimeStepType::HVAC,OutputProcessor::SOVStoreType::Average,coil.Name
RefrigeratedCase.cc,"""Refrigeration Zone Air Chiller Frost Accumulation Mass""",OutputProcessor::Unit::kg,coil.KgFrost,OutputProcessor::SOVTimeStepType::HVAC,OutputProcessor::SOVStoreType::Average,coil.Name
RefrigeratedCase.cc,"""Refrigeration Zone Air Chiller Zone Total Cooling Rate""",OutputProcessor::Unit::W,coil.ReportTotalCoolCreditRate,OutputProcessor::SOVTimeStepType::HVAC,OutputProcessor::SOVStoreType::Average,coil.Name
RefrigeratedCase.cc,"""Refrigeration Zone Air Chiller Zone Total Cooling Energy""",OutputProcessor::Unit::J,coil.ReportTotalCoolCreditEnergy,OutputProcessor::SOVTimeStepType::HVAC,OutputProcessor::SOVStoreType::Summed,coil.Name
RefrigeratedCase.cc,"""Refrigeration Zone Air Chiller Zone Sensible Cooling Rate""",OutputProcessor::Unit::W,coil.ReportSensCoolCreditRate,OutputProcessor::SOVTimeStepType::HVAC,OutputProcessor::SOVStoreType::Average,coil.Name
RefrigeratedCase.cc,"""Refrigeration Zone Air Chiller Zone Sensible Cooling Energy""",OutputProcessor::Unit::J,coil.ReportSensCoolCreditEnergy,OutputProcessor::SOVTimeStepType::HVAC,OutputProcessor::SOVStoreType::Summed,coil.Name
RefrigeratedCase.cc,"""Refrigeration Zone Air Chiller Zone Heating Rate""",OutputProcessor::Unit::W,coil.ReportHeatingCreditRate,OutputProcessor::SOVTimeStepType::HVAC,OutputProcessor::SOVStoreType::Average,coil.Name
RefrigeratedCase.cc,"""Refrigeration Zone Air Chiller Zone Heating Energy""",OutputProcessor::Unit::J,coil.ReportHeatingCreditEnergy,OutputProcessor::SOVTimeStepType::HVAC,OutputProcessor::SOVStoreType::Summed,coil.Name
RefrigeratedCase.cc,"""Refrigeration Zone Air Chiller Defrost Electricity Rate""",OutputProcessor::Unit::W,coil.ElecDefrostPower,OutputProcessor::SOVTimeStepType::HVAC,OutputProcessor::SOVStoreType::Average,coil.Name
RefrigeratedCase.cc,"""Refrigeration Zone Air Chiller Defrost Electricity Energy""",OutputProcessor::Unit::J,coil.ElecDefrostConsumption,OutputProcessor::SOVTimeStepType::HVAC,OutputProcessor::SOVStoreType::Summed,coil.Name
RefrigeratedCase.cc,"""Refrigeration Zone Case and Walk In Total Sensible Cooling Rate""",OutputProcessor::Unit::W,state.dataHeatBal->RefrigCaseCredit(zoneID).SenCaseCreditToZone,OutputProcessor::SOVTimeStepType::Zone,OutputProcessor::SOVStoreType::Average,state.dataHeatBal->Zone(zoneID).Name
RefrigeratedCase.cc,"""Refrigeration Zone Case and Walk In Total Sensible Cooling Energy""",OutputProcessor::Unit::J,CaseWIZoneReport(zoneID).SenCaseCreditToZoneEnergy,OutputProcessor::SOVTimeStepType::Zone,OutputProcessor::SOVStoreType::Summed,state.dataHeatBal->Zone(zoneID).Name
RefrigeratedCase.cc,"""Refrigeration Zone Case and Walk In Heating Rate""",OutputProcessor::Unit::W,CaseWIZoneReport(zoneID).HeatingToZoneRate,OutputProcessor::SOVTimeStepType::Zone,OutputProcessor::SOVStoreType::Average,state.dataHeatBal->Zone(zoneID).Name
RefrigeratedCase.cc,"""Refrigeration Zone Case and Walk In Heating Energy""",OutputProcessor::Unit::J,CaseWIZoneReport(zoneID).HeatingToZoneEnergy,OutputProcessor::SOVTimeStepType::Zone,OutputProcessor::SOVStoreType::Summed,state.dataHeatBal->Zone(zoneID).Name
RefrigeratedCase.cc,"""Refrigeration Zone Case and Walk In Sensible Cooling Rate""",OutputProcessor::Unit::W,CaseWIZoneReport(zoneID).SenCoolingToZoneRate,OutputProcessor::SOVTimeStepType::Zone,OutputProcessor::SOVStoreType::Average,state.dataHeatBal->Zone(zoneID).Name
RefrigeratedCase.cc,"""Refrigeration Zone Case and Walk In Sensible Cooling Energy""",OutputProcessor::Unit::J,CaseWIZoneReport(zoneID).SenCoolingToZoneEnergy,OutputProcessor::SOVTimeStepType::Zone,OutputProcessor::SOVStoreType::Summed,state.dataHeatBal->Zone(zoneID).Name
RefrigeratedCase.cc,"""Refrigeration Zone Case and Walk In Total Latent Cooling Rate""",OutputProcessor::Unit::W,CaseWIZoneReport(zoneID).LatCoolingToZoneRate,OutputProcessor::SOVTimeStepType::Zone,OutputProcessor::SOVStoreType::Average,state.dataHeatBal->Zone(zoneID).Name
RefrigeratedCase.cc,"""Refrigeration Zone Case and Walk In Total Latent Cooling Energy""",OutputProcessor::Unit::J,CaseWIZoneReport(zoneID).LatCoolingToZoneEnergy,OutputProcessor::SOVTimeStepType::Zone,OutputProcessor::SOVStoreType::Summed,state.dataHeatBal->Zone(zoneID).Name
RefrigeratedCase.cc,"""Refrigeration Zone Case and Walk In Total Cooling Rate""",OutputProcessor::Unit::W,CaseWIZoneReport(zoneID).TotCoolingToZoneRate,OutputProcessor::SOVTimeStepType::Zone,OutputProcessor::SOVStoreType::Average,state.dataHeatBal->Zone(zoneID).Name
RefrigeratedCase.cc,"""Refrigeration Zone Case and Walk In Total Cooling Energy""",OutputProcessor::Unit::J,CaseWIZoneReport(zoneID).TotCoolingToZoneEnergy,OutputProcessor::SOVTimeStepType::Zone,OutputProcessor::SOVStoreType::Summed,state.dataHeatBal->Zone(zoneID).Name
RefrigeratedCase.cc,"""Refrigeration Zone Case and Walk In Total Heat Transfer Rate""",OutputProcessor::Unit::W,CaseWIZoneReport(zoneID).TotHtXferToZoneRate,OutputProcessor::SOVTimeStepType::Zone,OutputProcessor::SOVStoreType::Average,state.dataHeatBal->Zone(zoneID).Name
RefrigeratedCase.cc,"""Refrigeration Zone Case and Walk In Total Heat Transfer Energy""",OutputProcessor::Unit::J,CaseWIZoneReport(zoneID).TotHtXferToZoneEnergy,OutputProcessor::SOVTimeStepType::Zone,OutputProcessor::SOVStoreType::Summed,state.dataHeatBal->Zone(zoneID).Name
RefrigeratedCase.cc,"""Refrigeration Zone Air Chiller Sensible Heat Transfer Rate""",OutputProcessor::Unit::W,CoilSysCredit(zoneID).SenCreditToZoneRate,OutputProcessor::SOVTimeStepType::HVAC,OutputProcessor::SOVStoreType::Average,state.dataHeatBal->Zone(zoneID).Name
RefrigeratedCase.cc,"""Refrigeration Zone Air Chiller Sensible Heat Transfer Energy""",OutputProcessor::Unit::J,CoilSysCredit(zoneID).SenCreditToZoneEnergy,OutputProcessor::SOVTimeStepType::HVAC,OutputProcessor::SOVStoreType::Summed,state.dataHeatBal->Zone(zoneID).Name
RefrigeratedCase.cc,"""Refrigeration Zone Air Chiller Sensible Cooling Rate""",OutputProcessor::Unit::W,CoilSysCredit(zoneID).ReportSenCoolingToZoneRate,OutputProcessor::SOVTimeStepType::HVAC,OutputProcessor::SOVStoreType::Average,state.dataHeatBal->Zone(zoneID).Name
RefrigeratedCase.cc,"""Refrigeration Zone Air Chiller Sensible Cooling Energy""",OutputProcessor::Unit::J,CoilSysCredit(zoneID).ReportSenCoolingToZoneEnergy,OutputProcessor::SOVTimeStepType::HVAC,OutputProcessor::SOVStoreType::Summed,state.dataHeatBal->Zone(zoneID).Name
RefrigeratedCase.cc,"""Refrigeration Zone Air Chiller Latent Cooling Rate""",OutputProcessor::Unit::W,CoilSysCredit(zoneID).ReportLatCreditToZoneRate,OutputProcessor::SOVTimeStepType::HVAC,OutputProcessor::SOVStoreType::Average,state.dataHeatBal->Zone(zoneID).Name
RefrigeratedCase.cc,"""Refrigeration Zone Air Chiller Latent Cooling Energy""",OutputProcessor::Unit::J,CoilSysCredit(zoneID).ReportLatCreditToZoneEnergy,OutputProcessor::SOVTimeStepType::HVAC,OutputProcessor::SOVStoreType::Summed,state.dataHeatBal->Zone(zoneID).Name
RefrigeratedCase.cc,"""Refrigeration Zone Air Chiller Water Removed Mass Flow Rate""",OutputProcessor::Unit::kg_s,CoilSysCredit(zoneID).ReportH2ORemovedKgPerS_FromZoneRate,OutputProcessor::SOVTimeStepType::HVAC,OutputProcessor::SOVStoreType::Average,state.dataHeatBal->Zone(zoneID).Name
RefrigeratedCase.cc,"""Refrigeration Zone Air Chiller Total Cooling Rate""",OutputProcessor::Unit::W,CoilSysCredit(zoneID).ReportTotCoolingToZoneRate,OutputProcessor::SOVTimeStepType::HVAC,OutputProcessor::SOVStoreType::Average,state.dataHeatBal->Zone(zoneID).Name
RefrigeratedCase.cc,"""Refrigeration Zone Air Chiller Total Cooling Energy""",OutputProcessor::Unit::J,CoilSysCredit(zoneID).ReportTotCoolingToZoneEnergy,OutputProcessor::SOVTimeStepType::HVAC,OutputProcessor::SOVStoreType::Summed,state.dataHeatBal->Zone(zoneID).Name
RefrigeratedCase.cc,"""Refrigeration Zone Air Chiller Heating Rate""",OutputProcessor::Unit::W,CoilSysCredit(zoneID).ReportHeatingToZoneRate,OutputProcessor::SOVTimeStepType::HVAC,OutputProcessor::SOVStoreType::Average,state.dataHeatBal->Zone(zoneID).Name
RefrigeratedCase.cc,"""Refrigeration Zone Air Chiller Heating Energy""",OutputProcessor::Unit::J,CoilSysCredit(zoneID).ReportHeatingToZoneEnergy,OutputProcessor::SOVTimeStepType::HVAC,OutputProcessor::SOVStoreType::Summed,state.dataHeatBal->Zone(zoneID).Name
RefrigeratedCase.cc,"""Refrigeration Air Chiller Secondary Loop Pump Electricity Rate""",OutputProcessor::Unit::W,secondary.PumpPowerTotal,OutputProcessor::SOVTimeStepType::HVAC,OutputProcessor::SOVStoreType::Average,secondary.Name
RefrigeratedCase.cc,"""Refrigeration Air Chiller Secondary Loop Pump Electricity Energy""",OutputProcessor::Unit::J,secondary.PumpElecEnergyTotal,OutputProcessor::SOVTimeStepType::HVAC,OutputProcessor::SOVStoreType::Summed,secondary.Name
RefrigeratedCase.cc,"""Refrigeration Air Chiller Secondary Loop Load Heat Transfer Rate""",OutputProcessor::Unit::W,secondary.TotalRefrigLoad,OutputProcessor::SOVTimeStepType::HVAC,OutputProcessor::SOVStoreType::Average,secondary.Name
RefrigeratedCase.cc,"""Refrigeration Air Chiller Secondary Loop Load Heat Transfer Energy""",OutputProcessor::Unit::J,secondary.TotalRefrigEnergy,OutputProcessor::SOVTimeStepType::HVAC,OutputProcessor::SOVStoreType::Summed,secondary.Name
RefrigeratedCase.cc,"""Refrigeration Air Chiller Secondary Loop Total Heat Transfer Rate""",OutputProcessor::Unit::W,secondary.TotalCoolingLoad,OutputProcessor::SOVTimeStepType::HVAC,OutputProcessor::SOVStoreType::Average,secondary.Name
RefrigeratedCase.cc,"""Refrigeration Air Chiller Secondary Loop Total Heat Transfer Energy""",OutputProcessor::Unit::J,secondary.TotalCoolingEnergy,OutputProcessor::SOVTimeStepType::HVAC,OutputProcessor::SOVStoreType::Summed,secondary.Name
RefrigeratedCase.cc,"""Refrigeration Air Chiller Secondary Loop Estimated Refrigerant Inventory Mass""",OutputProcessor::Unit::kg,secondary.RefInventory,OutputProcessor::SOVTimeStepType::HVAC,OutputProcessor::SOVStoreType::Average,secondary.Name
RefrigeratedCase.cc,"""Refrigeration Air Chiller Secondary Loop Volume Flow Rate""",OutputProcessor::Unit::m3_s,secondary.FlowVolActual,OutputProcessor::SOVTimeStepType::HVAC,OutputProcessor::SOVStoreType::Average,secondary.Name
RefrigeratedCase.cc,"""Refrigeration Air Chiller Secondary Loop Pipe Heat Gain Rate""",OutputProcessor::Unit::W,secondary.DistPipeHeatGain,OutputProcessor::SOVTimeStepType::HVAC,OutputProcessor::SOVStoreType::Average,secondary.Name
RefrigeratedCase.cc,"""Refrigeration Air Chiller Secondary Loop Pipe Heat Gain Energy""",OutputProcessor::Unit::J,secondary.DistPipeHeatGainEnergy,OutputProcessor::SOVTimeStepType::HVAC,OutputProcessor::SOVStoreType::Summed,secondary.Name
RefrigeratedCase.cc,"""Refrigeration Air Chiller Secondary Loop Receiver Heat Gain Rate""",OutputProcessor::Unit::W,secondary.ReceiverHeatGain,OutputProcessor::SOVTimeStepType::HVAC,OutputProcessor::SOVStoreType::Average,secondary.Name
RefrigeratedCase.cc,"""Refrigeration Air Chiller Secondary Loop Receiver Heat Gain Energy""",OutputProcessor::Unit::J,secondary.ReceiverHeatGainEnergy,OutputProcessor::SOVTimeStepType::HVAC,OutputProcessor::SOVStoreType::Summed,secondary.Name
RefrigeratedCase.cc,"""Refrigeration Secondary Loop Pump Electricity Rate""",OutputProcessor::Unit::W,secondary.PumpPowerTotal,OutputProcessor::SOVTimeStepType::Zone,OutputProcessor::SOVStoreType::Average,secondary.Name
RefrigeratedCase.cc,"""Refrigeration Secondary Loop Pump Electricity Energy""",OutputProcessor::Unit::J,secondary.PumpElecEnergyTotal,OutputProcessor::SOVTimeStepType::Zone,OutputProcessor::SOVStoreType::Summed,secondary.Name
RefrigeratedCase.cc,"""Refrigeration Secondary Loop Load Heat Transfer Rate""",OutputProcessor::Unit::W,secondary.TotalRefrigLoad,OutputProcessor::SOVTimeStepType::Zone,OutputProcessor::SOVStoreType::Average,secondary.Name
RefrigeratedCase.cc,"""Refrigeration Secondary Loop Load Heat Transfer Energy""",OutputProcessor::Unit::J,secondary.TotalRefrigEnergy,OutputProcessor::SOVTimeStepType::Zone,OutputProcessor::SOVStoreType::Summed,secondary.Name
RefrigeratedCase.cc,"""Refrigeration Secondary Loop Total Heat Transfer Rate""",OutputProcessor::Unit::W,secondary.TotalCoolingLoad,OutputProcessor::SOVTimeStepType::Zone,OutputProcessor::SOVStoreType::Average,secondary.Name
RefrigeratedCase.cc,"""Refrigeration Secondary Loop Total Heat Transfer Energy""",OutputProcessor::Unit::J,secondary.TotalCoolingEnergy,OutputProcessor::SOVTimeStepType::Zone,OutputProcessor::SOVStoreType::Summed,secondary.Name
RefrigeratedCase.cc,"""Refrigeration Secondary Loop Estimated Refrigerant Inventory Mass""",OutputProcessor::Unit::kg,secondary.RefInventory,OutputProcessor::SOVTimeStepType::Zone,OutputProcessor::SOVStoreType::Average,secondary.Name
RefrigeratedCase.cc,"""Refrigeration Secondary Loop Volume Flow Rate""",OutputProcessor::Unit::m3_s,secondary.FlowVolActual,OutputProcessor::SOVTimeStepType::Zone,OutputProcessor::SOVStoreType::Average,secondary.Name
RefrigeratedCase.cc,"""Refrigeration Secondary Loop Pipe Heat Gain Rate""",OutputProcessor::Unit::W,secondary.DistPipeHeatGain,OutputProcessor::SOVTimeStepType::Zone,OutputProcessor::SOVStoreType::Average,secondary.Name
RefrigeratedCase.cc,"""Refrigeration Secondary Loop Pipe Heat Gain Energy""",OutputProcessor::Unit::J,secondary.DistPipeHeatGainEnergy,OutputProcessor::SOVTimeStepType::Zone,OutputProcessor::SOVStoreType::Summed,secondary.Name
RefrigeratedCase.cc,"""Refrigeration Secondary Loop Receiver Heat Gain Rate""",OutputProcessor::Unit::W,secondary.ReceiverHeatGain,OutputProcessor::SOVTimeStepType::Zone,OutputProcessor::SOVStoreType::Average,secondary.Name
RefrigeratedCase.cc,"""Refrigeration Secondary Loop Receiver Heat Gain Energy""",OutputProcessor::Unit::J,secondary.ReceiverHeatGainEnergy,OutputProcessor::SOVTimeStepType::Zone,OutputProcessor::SOVStoreType::Summed,secondary.Name
RefrigeratedCase.cc,"""Refrigeration Air Chiller Compressor Rack Electricity Rate""",OutputProcessor::Unit::W,rack.RackCompressorPower,OutputProcessor::SOVTimeStepType::HVAC,OutputProcessor::SOVStoreType::Average,rack.Name
RefrigeratedCase.cc,"""Refrigeration Air Chiller Compressor Rack Electricity Energy""",OutputProcessor::Unit::J,rack.RackElecConsumption,OutputProcessor::SOVTimeStepType::HVAC,OutputProcessor::SOVStoreType::Summed,rack.Name
RefrigeratedCase.cc,"""Refrigeration Air Chiller Compressor Rack Condenser Fan Electricity Rate""",OutputProcessor::Unit::W,rack.ActualCondenserFanPower,OutputProcessor::SOVTimeStepType::HVAC,OutputProcessor::SOVStoreType::Average,rack.Name
RefrigeratedCase.cc,"""Refrigeration Air Chiller Compressor Rack Condenser Fan Electricity Energy""",OutputProcessor::Unit::J,rack.CondenserFanConsumption,OutputProcessor::SOVTimeStepType::HVAC,OutputProcessor::SOVStoreType::Summed,rack.Name
RefrigeratedCase.cc,"""Refrigeration Air Chiller Compressor Rack Total Heat Transfer Rate""",OutputProcessor::Unit::W,rack.RackCapacity,OutputProcessor::SOVTimeStepType::HVAC,OutputProcessor::SOVStoreType::Average,rack.Name
RefrigeratedCase.cc,"""Refrigeration Air Chiller Compressor Rack Total Heat Transfer Energy""",OutputProcessor::Unit::J,rack.RackCoolingEnergy,OutputProcessor::SOVTimeStepType::HVAC,OutputProcessor::SOVStoreType::Summed,rack.Name
RefrigeratedCase.cc,"""Refrigeration Air Chiller Compressor Rack COP""",OutputProcessor::Unit::W_W,rack.RackCompressorCOP,OutputProcessor::SOVTimeStepType::HVAC,OutputProcessor::SOVStoreType::Average,rack.Name
RefrigeratedCase.cc,"""Refrigeration Air Chiller Compressor Rack Evaporative Condenser Pump Electricity Rate""",OutputProcessor::Unit::W,rack.ActualEvapPumpPower,OutputProcessor::SOVTimeStepType::HVAC,OutputProcessor::SOVStoreType::Average,rack.Name
RefrigeratedCase.cc,"""Refrigeration Air Chiller Compressor Rack Evaporative Condenser Pump Electricity Energy""",OutputProcessor::Unit::J,rack.EvapPumpConsumption,OutputProcessor::SOVTimeStepType::HVAC,OutputProcessor::SOVStoreType::Summed,rack.Name
RefrigeratedCase.cc,"""Refrigeration Air Chiller Compressor Rack Evaporative Condenser Basin Heater Electricity Rate""",OutputProcessor::Unit::W,rack.BasinHeaterPower,OutputProcessor::SOVTimeStepType::HVAC,OutputProcessor::SOVStoreType::Average,rack.Name
RefrigeratedCase.cc,"""Refrigeration Air Chiller Compressor Rack Evaporative Condenser Basin Heater Electricity Energy""",OutputProcessor::Unit::J,rack.BasinHeaterConsumption,OutputProcessor::SOVTimeStepType::HVAC,OutputProcessor::SOVStoreType::Summed,rack.Name
RefrigeratedCase.cc,"""Refrigeration Air Chiller Compressor Rack Evaporative Condenser Water Volume Flow Rate""",OutputProcessor::Unit::m3_s,rack.EvapWaterConsumpRate,OutputProcessor::SOVTimeStepType::HVAC,OutputProcessor::SOVStoreType::Average,rack.Name
RefrigeratedCase.cc,"""Refrigeration Air Chiller Compressor Rack Evaporative Condenser Water Volume""",OutputProcessor::Unit::m3,rack.EvapWaterConsumption,OutputProcessor::SOVTimeStepType::HVAC,OutputProcessor::SOVStoreType::Summed,rack.Name
RefrigeratedCase.cc,"""Refrigeration Air Chiller Compressor Rack Zone Sensible Heating Rate""",OutputProcessor::Unit::W,rack.SensZoneCreditHeatRate,OutputProcessor::SOVTimeStepType::HVAC,OutputProcessor::SOVStoreType::Average,rack.Name
RefrigeratedCase.cc,"""Refrigeration Air Chiller Compressor Rack Zone Sensible Heating Energy""",OutputProcessor::Unit::J,rack.SensZoneCreditHeat,OutputProcessor::SOVTimeStepType::HVAC,OutputProcessor::SOVStoreType::Summed,rack.Name
RefrigeratedCase.cc,"""Refrigeration Air Chiller Compressor Rack Return Air Sensible Heating Rate""",OutputProcessor::Unit::W,rack.SensHVACCreditHeatRate,OutputProcessor::SOVTimeStepType::HVAC,OutputProcessor::SOVStoreType::Average,rack.Name
RefrigeratedCase.cc,"""Refrigeration Air Chiller Compressor Rack Return Air Sensible Heating Energy""",OutputProcessor::Unit::J,rack.SensHVACCreditHeat,OutputProcessor::SOVTimeStepType::HVAC,OutputProcessor::SOVStoreType::Summed,rack.Name
RefrigeratedCase.cc,"""Refrigeration Compressor Rack Electricity Rate""",OutputProcessor::Unit::W,rack.RackCompressorPower,OutputProcessor::SOVTimeStepType::Zone,OutputProcessor::SOVStoreType::Average,rack.Name
RefrigeratedCase.cc,"""Refrigeration Compressor Rack Electricity Energy""",OutputProcessor::Unit::J,rack.RackElecConsumption,OutputProcessor::SOVTimeStepType::Zone,OutputProcessor::SOVStoreType::Summed,rack.Name
RefrigeratedCase.cc,"""Refrigeration Compressor Rack Condenser Fan Electricity Rate""",OutputProcessor::Unit::W,rack.ActualCondenserFanPower,OutputProcessor::SOVTimeStepType::Zone,OutputProcessor::SOVStoreType::Average,rack.Name
RefrigeratedCase.cc,"""Refrigeration Compressor Rack Condenser Fan Electricity Energy""",OutputProcessor::Unit::J,rack.CondenserFanConsumption,OutputProcessor::SOVTimeStepType::Zone,OutputProcessor::SOVStoreType::Summed,rack.Name
RefrigeratedCase.cc,"""Refrigeration Compressor Rack Total Heat Transfer Rate""",OutputProcessor::Unit::W,rack.RackCapacity,OutputProcessor::SOVTimeStepType::Zone,OutputProcessor::SOVStoreType::Average,rack.Name
RefrigeratedCase.cc,"""Refrigeration Compressor Rack Total Heat Transfer Energy""",OutputProcessor::Unit::J,rack.RackCoolingEnergy,OutputProcessor::SOVTimeStepType::Zone,OutputProcessor::SOVStoreType::Summed,rack.Name
RefrigeratedCase.cc,"""Refrigeration Compressor Rack COP""",OutputProcessor::Unit::W_W,rack.RackCompressorCOP,OutputProcessor::SOVTimeStepType::Zone,OutputProcessor::SOVStoreType::Average,rack.Name
RefrigeratedCase.cc,"""Refrigeration Compressor Rack Evaporative Condenser Pump Electricity Rate""",OutputProcessor::Unit::W,rack.ActualEvapPumpPower,OutputProcessor::SOVTimeStepType::Zone,OutputProcessor::SOVStoreType::Average,rack.Name
RefrigeratedCase.cc,"""Refrigeration Compressor Rack Evaporative Condenser Pump Electricity Energy""",OutputProcessor::Unit::J,rack.EvapPumpConsumption,OutputProcessor::SOVTimeStepType::Zone,OutputProcessor::SOVStoreType::Summed,rack.Name
RefrigeratedCase.cc,"""Refrigeration Compressor Rack Evaporative Condenser Basin Heater Electricity Rate""",OutputProcessor::Unit::W,rack.BasinHeaterPower,OutputProcessor::SOVTimeStepType::Zone,OutputProcessor::SOVStoreType::Average,rack.Name
RefrigeratedCase.cc,"""Refrigeration Compressor Rack Evaporative Condenser Basin Heater Electricity Energy""",OutputProcessor::Unit::J,rack.BasinHeaterConsumption,OutputProcessor::SOVTimeStepType::Zone,OutputProcessor::SOVStoreType::Summed,rack.Name
RefrigeratedCase.cc,"""Refrigeration Compressor Rack Evaporative Condenser Water Volume Flow Rate""",OutputProcessor::Unit::m3_s,rack.EvapWaterConsumpRate,OutputProcessor::SOVTimeStepType::Zone,OutputProcessor::SOVStoreType::Average,rack.Name
RefrigeratedCase.cc,"""Refrigeration Compressor Rack Evaporative Condenser Water Volume""",OutputProcessor::Unit::m3,rack.EvapWaterConsumption,OutputProcessor::SOVTimeStepType::Zone,OutputProcessor::SOVStoreType::Summed,rack.Name
RefrigeratedCase.cc,"""Refrigeration Compressor Rack Zone Sensible Heating Rate""",OutputProcessor::Unit::W,rack.SensZoneCreditHeatRate,OutputProcessor::SOVTimeStepType::Zone,OutputProcessor::SOVStoreType::Average,rack.Name
RefrigeratedCase.cc,"""Refrigeration Compressor Rack Zone Sensible Heating Energy""",OutputProcessor::Unit::J,rack.SensZoneCreditHeat,OutputProcessor::SOVTimeStepType::Zone,OutputProcessor::SOVStoreType::Summed,rack.Name
RefrigeratedCase.cc,"""Refrigeration Compressor Rack Return Air Sensible Heating Rate""",OutputProcessor::Unit::W,rack.SensHVACCreditHeatRate,OutputProcessor::SOVTimeStepType::Zone,OutputProcessor::SOVStoreType::Average,rack.Name
RefrigeratedCase.cc,"""Refrigeration Compressor Rack Return Air Sensible Heating Energy""",OutputProcessor::Unit::J,rack.SensHVACCreditHeat,OutputProcessor::SOVTimeStepType::Zone,OutputProcessor::SOVStoreType::Summed,rack.Name
RefrigeratedCase.cc,"""Refrigeration Compressor Rack Condenser Mass Flow Rate""",OutputProcessor::Unit::kg_s,rack.MassFlowRate,OutputProcessor::SOVTimeStepType::HVAC,OutputProcessor::SOVStoreType::Average,rack.Name
RefrigeratedCase.cc,"""Refrigeration Compressor Rack Condenser Heat Transfer Rate""",OutputProcessor::Unit::W,rack.CondLoad,OutputProcessor::SOVTimeStepType::HVAC,OutputProcessor::SOVStoreType::Average,rack.Name
RefrigeratedCase.cc,"""Refrigeration Compressor Rack Condenser Heat Transfer Energy""",OutputProcessor::Unit::J,rack.CondEnergy,OutputProcessor::SOVTimeStepType::HVAC,OutputProcessor::SOVStoreType::Summed,rack.Name
RefrigeratedCase.cc,"""Refrigeration Air Chiller System Total Compressor Electricity Rate""",OutputProcessor::Unit::W,sys.TotCompPower,OutputProcessor::SOVTimeStepType::HVAC,OutputProcessor::SOVStoreType::Average,sys.Name
RefrigeratedCase.cc,"""Refrigeration Air Chiller System Total Compressor Electricity Energy""",OutputProcessor::Unit::J,sys.TotCompElecConsump,OutputProcessor::SOVTimeStepType::HVAC,OutputProcessor::SOVStoreType::Summed,sys.Name
RefrigeratedCase.cc,"""Refrigeration Air Chiller System Total Low Stage Compressor Electricity Rate""",OutputProcessor::Unit::W,sys.TotCompPower,OutputProcessor::SOVTimeStepType::HVAC,OutputProcessor::SOVStoreType::Average,sys.Name
RefrigeratedCase.cc,"""Refrigeration Air Chiller System Total Low Stage Compressor Electricity Energy""",OutputProcessor::Unit::J,sys.TotCompElecConsump,OutputProcessor::SOVTimeStepType::HVAC,OutputProcessor::SOVStoreType::Summed,sys.Name
RefrigeratedCase.cc,"""Refrigeration Air Chiller System Total High Stage Compressor Electricity Rate""",OutputProcessor::Unit::W,sys.TotHiStageCompPower,OutputProcessor::SOVTimeStepType::HVAC,OutputProcessor::SOVStoreType::Average,sys.Name
RefrigeratedCase.cc,"""Refrigeration Air Chiller System Total High Stage Compressor Electricity Energy""",OutputProcessor::Unit::J,sys.TotHiStageCompElecConsump,OutputProcessor::SOVTimeStepType::HVAC,OutputProcessor::SOVStoreType::Summed,sys.Name
RefrigeratedCase.cc,"""Refrigeration Air Chiller System Total Low and High Stage Compressor Electricity Energy""",OutputProcessor::Unit::J,sys.TotCompElecConsumpTwoStage,OutputProcessor::SOVTimeStepType::HVAC,OutputProcessor::SOVStoreType::Summed,sys.Name
RefrigeratedCase.cc,"""Refrigeration Air Chiller System Average Compressor COP""",OutputProcessor::Unit::W_W,sys.AverageCompressorCOP,OutputProcessor::SOVTimeStepType::HVAC,OutputProcessor::SOVStoreType::Average,sys.Name
RefrigeratedCase.cc,"""Refrigeration Air Chiller System Total Air Chiller Heat Transfer Rate""",OutputProcessor::Unit::W,sys.TotalCoolingLoad,OutputProcessor::SOVTimeStepType::HVAC,OutputProcessor::SOVStoreType::Average,sys.Name
RefrigeratedCase.cc,"""Refrigeration Air Chiller System Total Case and Walk In Heat Transfer Energy""",OutputProcessor::Unit::J,sys.TotalCoolingEnergy,OutputProcessor::SOVTimeStepType::HVAC,OutputProcessor::SOVStoreType::Summed,sys.Name
RefrigeratedCase.cc,"""Refrigeration Air Chiller System Total Transferred Load Heat Transfer Rate""",OutputProcessor::Unit::W,sys.TotTransferLoad,OutputProcessor::SOVTimeStepType::HVAC,OutputProcessor::SOVStoreType::Average,sys.Name
RefrigeratedCase.cc,"""Refrigeration Air Chiller System Total Transferred Load Heat Transfer Energy""",OutputProcessor::Unit::J,sys.TotTransferEnergy,OutputProcessor::SOVTimeStepType::HVAC,OutputProcessor::SOVStoreType::Summed,sys.Name
RefrigeratedCase.cc,"""Refrigeration Air Chiller System Total Suction Pipe Heat Gain Rate""",OutputProcessor::Unit::W,sys.PipeHeatLoad,OutputProcessor::SOVTimeStepType::HVAC,OutputProcessor::SOVStoreType::Average,sys.Name
RefrigeratedCase.cc,"""Refrigeration Air Chiller System Total Suction Pipe Heat Gain Energy""",OutputProcessor::Unit::J,sys.PipeHeatEnergy,OutputProcessor::SOVTimeStepType::HVAC,OutputProcessor::SOVStoreType::Summed,sys.Name
RefrigeratedCase.cc,"""Refrigeration Air Chiller System Total Compressor Heat Transfer Rate""",OutputProcessor::Unit::W,sys.TotCompCapacity,OutputProcessor::SOVTimeStepType::HVAC,OutputProcessor::SOVStoreType::Average,sys.Name
RefrigeratedCase.cc,"""Refrigeration Air Chiller System Total Compressor Heat Transfer Energy""",OutputProcessor::Unit::J,sys.TotCompCoolingEnergy,OutputProcessor::SOVTimeStepType::HVAC,OutputProcessor::SOVStoreType::Summed,sys.Name
RefrigeratedCase.cc,"""Refrigeration Air Chiller System Total Low Stage Compressor Heat Transfer Rate""",OutputProcessor::Unit::W,sys.TotCompCapacity,OutputProcessor::SOVTimeStepType::HVAC,OutputProcessor::SOVStoreType::Average,sys.Name
RefrigeratedCase.cc,"""Refrigeration Air Chiller System Total Low Stage Compressor Heat Transfer Energy""",OutputProcessor::Unit::J,sys.TotCompCoolingEnergy,OutputProcessor::SOVTimeStepType::HVAC,OutputProcessor::SOVStoreType::Summed,sys.Name
RefrigeratedCase.cc,"""Refrigeration Air Chiller System Total High Stage Compressor Heat Transfer Rate""",OutputProcessor::Unit::W,sys.TotHiStageCompCapacity,OutputProcessor::SOVTimeStepType::HVAC,OutputProcessor::SOVStoreType::Average,sys.Name
RefrigeratedCase.cc,"""Refrigeration Air Chiller System Total High Stage Compressor Heat Transfer Energy""",OutputProcessor::Unit::J,sys.TotHiStageCompCoolingEnergy,OutputProcessor::SOVTimeStepType::HVAC,OutputProcessor::SOVStoreType::Summed,sys.Name
RefrigeratedCase.cc,"""Refrigeration Air Chiller System Net Rejected Heat Transfer Rate""",OutputProcessor::Unit::W,sys.NetHeatRejectLoad,OutputProcessor::SOVTimeStepType::HVAC,OutputProcessor::SOVStoreType::Average,sys.Name
RefrigeratedCase.cc,"""Refrigeration Air Chiller System Net Rejected Heat Transfer Energy""",OutputProcessor::Unit::J,sys.NetHeatRejectEnergy,OutputProcessor::SOVTimeStepType::HVAC,OutputProcessor::SOVStoreType::Summed,sys.Name
RefrigeratedCase.cc,"""Refrigeration Air Chiller System Estimated Refrigerant Inventory Mass""",OutputProcessor::Unit::kg,sys.RefInventory,OutputProcessor::SOVTimeStepType::HVAC,OutputProcessor::SOVStoreType::Average,sys.Name
RefrigeratedCase.cc,"""Refrigeration Air Chiller System Estimated Refrigerant Mass Flow Rate""",OutputProcessor::Unit::kg_s,sys.RefMassFlowComps,OutputProcessor::SOVTimeStepType::HVAC,OutputProcessor::SOVStoreType::Average,sys.Name
RefrigeratedCase.cc,"""Refrigeration Air Chiller System Estimated Low Stage Refrigerant Mass Flow Rate""",OutputProcessor::Unit::kg_s,sys.RefMassFlowComps,OutputProcessor::SOVTimeStepType::HVAC,OutputProcessor::SOVStoreType::Average,sys.Name
RefrigeratedCase.cc,"""Refrigeration Air Chiller System Estimated High Stage Refrigerant Mass Flow Rate""",OutputProcessor::Unit::kg_s,sys.RefMassFlowHiStageComps,OutputProcessor::SOVTimeStepType::HVAC,OutputProcessor::SOVStoreType::Average,sys.Name
RefrigeratedCase.cc,"""Refrigeration Air Chiller System Intercooler Temperature""",OutputProcessor::Unit::C,sys.TIntercooler,OutputProcessor::SOVTimeStepType::HVAC,OutputProcessor::SOVStoreType::Average,sys.Name
RefrigeratedCase.cc,"""Refrigeration Air Chiller System Intercooler Pressure""",OutputProcessor::Unit::Pa,sys.PIntercooler,OutputProcessor::SOVTimeStepType::HVAC,OutputProcessor::SOVStoreType::Average,sys.Name
RefrigeratedCase.cc,"""Refrigeration Air Chiller System Condensing Temperature""",OutputProcessor::Unit::C,sys.TCondense,OutputProcessor::SOVTimeStepType::HVAC,OutputProcessor::SOVStoreType::Average,sys.Name
RefrigeratedCase.cc,"""Refrigeration Air Chiller System Evaporating Temperature""",OutputProcessor::Unit::C,sys.TEvapNeeded,OutputProcessor::SOVTimeStepType::HVAC,OutputProcessor::SOVStoreType::Average,sys.Name
RefrigeratedCase.cc,"""Refrigeration Air Chiller System Suction Temperature""",OutputProcessor::Unit::C,sys.TCompIn,OutputProcessor::SOVTimeStepType::HVAC,OutputProcessor::SOVStoreType::Average,sys.Name
RefrigeratedCase.cc,"""Refrigeration Air Chiller System TXV Liquid Temperature""",OutputProcessor::Unit::C,sys.TLiqInActual,OutputProcessor::SOVTimeStepType::HVAC,OutputProcessor::SOVStoreType::Average,sys.Name
RefrigeratedCase.cc,"""Refrigeration Air Chiller System Liquid Suction Subcooler Heat Transfer Rate""",OutputProcessor::Unit::W,sys.LSHXTrans,OutputProcessor::SOVTimeStepType::HVAC,OutputProcessor::SOVStoreType::Average,sys.Name
RefrigeratedCase.cc,"""Refrigeration Air Chiller System Liquid Suction Subcooler Heat Transfer Energy""",OutputProcessor::Unit::J,sys.LSHXTransEnergy,OutputProcessor::SOVTimeStepType::HVAC,OutputProcessor::SOVStoreType::Summed,sys.Name
RefrigeratedCase.cc,"""Refrigeration System Total Compressor Electricity Rate""",OutputProcessor::Unit::W,sys.TotCompPower,OutputProcessor::SOVTimeStepType::Zone,OutputProcessor::SOVStoreType::Average,sys.Name
RefrigeratedCase.cc,"""Refrigeration System Total Compressor Electricity Energy""",OutputProcessor::Unit::J,sys.TotCompElecConsump,OutputProcessor::SOVTimeStepType::Zone,OutputProcessor::SOVStoreType::Summed,sys.Name
RefrigeratedCase.cc,"""Refrigeration System Total Low Stage Compressor Electricity Rate""",OutputProcessor::Unit::W,sys.TotCompPower,OutputProcessor::SOVTimeStepType::Zone,OutputProcessor::SOVStoreType::Average,sys.Name
RefrigeratedCase.cc,"""Refrigeration System Total Low Stage Compressor Electricity Energy""",OutputProcessor::Unit::J,sys.TotCompElecConsump,OutputProcessor::SOVTimeStepType::Zone,OutputProcessor::SOVStoreType::Summed,sys.Name
RefrigeratedCase.cc,"""Refrigeration System Total High Stage Compressor Electricity Rate""",OutputProcessor::Unit::W,sys.TotHiStageCompPower,OutputProcessor::SOVTimeStepType::Zone,OutputProcessor::SOVStoreType::Average,sys.Name
RefrigeratedCase.cc,"""Refrigeration System Total High Stage Compressor Electricity Energy""",OutputProcessor::Unit::J,sys.TotHiStageCompElecConsump,OutputProcessor::SOVTimeStepType::Zone,OutputProcessor::SOVStoreType::Summed,sys.Name
RefrigeratedCase.cc,"""Refrigeration System Total Low and High Stage Compressor Electricity Energy""",OutputProcessor::Unit::J,sys.TotCompElecConsumpTwoStage,OutputProcessor::SOVTimeStepType::Zone,OutputProcessor::SOVStoreType::Summed,sys.Name
RefrigeratedCase.cc,"""Refrigeration System Average Compressor COP""",OutputProcessor::Unit::W_W,sys.AverageCompressorCOP,OutputProcessor::SOVTimeStepType::Zone,OutputProcessor::SOVStoreType::Average,sys.Name
RefrigeratedCase.cc,"""Refrigeration System Total Cases and Walk Ins Heat Transfer Rate""",OutputProcessor::Unit::W,sys.TotalCoolingLoad,OutputProcessor::SOVTimeStepType::Zone,OutputProcessor::SOVStoreType::Average,sys.Name
RefrigeratedCase.cc,"""Refrigeration System Total Cases and Walk Ins Heat Transfer Energy""",OutputProcessor::Unit::J,sys.TotalCoolingEnergy,OutputProcessor::SOVTimeStepType::Zone,OutputProcessor::SOVStoreType::Summed,sys.Name
RefrigeratedCase.cc,"""Refrigeration System Total Transferred Load Heat Transfer Rate""",OutputProcessor::Unit::W,sys.TotTransferLoad,OutputProcessor::SOVTimeStepType::Zone,OutputProcessor::SOVStoreType::Average,sys.Name
RefrigeratedCase.cc,"""Refrigeration System Total Transferred Load Heat Transfer Energy""",OutputProcessor::Unit::J,sys.TotTransferEnergy,OutputProcessor::SOVTimeStepType::Zone,OutputProcessor::SOVStoreType::Summed,sys.Name
RefrigeratedCase.cc,"""Refrigeration System Total Suction Pipe Heat Gain Rate""",OutputProcessor::Unit::W,sys.PipeHeatLoad,OutputProcessor::SOVTimeStepType::Zone,OutputProcessor::SOVStoreType::Average,sys.Name
RefrigeratedCase.cc,"""Refrigeration System Total Suction Pipe Heat Gain Energy""",OutputProcessor::Unit::J,sys.PipeHeatEnergy,OutputProcessor::SOVTimeStepType::Zone,OutputProcessor::SOVStoreType::Summed,sys.Name
RefrigeratedCase.cc,"""Refrigeration System Total Compressor Heat Transfer Rate""",OutputProcessor::Unit::W,sys.TotCompCapacity,OutputProcessor::SOVTimeStepType::Zone,OutputProcessor::SOVStoreType::Average,sys.Name
RefrigeratedCase.cc,"""Refrigeration System Total Compressor Heat Transfer Energy""",OutputProcessor::Unit::J,sys.TotCompCoolingEnergy,OutputProcessor::SOVTimeStepType::Zone,OutputProcessor::SOVStoreType::Summed,sys.Name
RefrigeratedCase.cc,"""Refrigeration System Total Low Stage Compressor Heat Transfer Rate""",OutputProcessor::Unit::W,sys.TotCompCapacity,OutputProcessor::SOVTimeStepType::Zone,OutputProcessor::SOVStoreType::Average,sys.Name
RefrigeratedCase.cc,"""Refrigeration System Total Low Stage Compressor Heat Transfer Energy""",OutputProcessor::Unit::J,sys.TotCompCoolingEnergy,OutputProcessor::SOVTimeStepType::Zone,OutputProcessor::SOVStoreType::Summed,sys.Name
RefrigeratedCase.cc,"""Refrigeration System Total High Stage Compressor Heat Transfer Rate""",OutputProcessor::Unit::W,sys.TotHiStageCompCapacity,OutputProcessor::SOVTimeStepType::Zone,OutputProcessor::SOVStoreType::Average,sys.Name
RefrigeratedCase.cc,"""Refrigeration System Total High Stage Compressor Heat Transfer Energy""",OutputProcessor::Unit::J,sys.TotHiStageCompCoolingEnergy,OutputProcessor::SOVTimeStepType::Zone,OutputProcessor::SOVStoreType::Summed,sys.Name
RefrigeratedCase.cc,"""Refrigeration System Net Rejected Heat Transfer Rate""",OutputProcessor::Unit::W,sys.NetHeatRejectLoad,OutputProcessor::SOVTimeStepType::Zone,OutputProcessor::SOVStoreType::Average,sys.Name
RefrigeratedCase.cc,"""Refrigeration System Net Rejected Heat Transfer Energy""",OutputProcessor::Unit::J,sys.NetHeatRejectEnergy,OutputProcessor::SOVTimeStepType::Zone,OutputProcessor::SOVStoreType::Summed,sys.Name
RefrigeratedCase.cc,"""Refrigeration System Estimated Refrigerant Inventory Mass""",OutputProcessor::Unit::kg,sys.RefInventory,OutputProcessor::SOVTimeStepType::Zone,OutputProcessor::SOVStoreType::Average,sys.Name
RefrigeratedCase.cc,"""Refrigeration System Estimated Refrigerant Mass Flow Rate""",OutputProcessor::Unit::kg_s,sys.RefMassFlowComps,OutputProcessor::SOVTimeStepType::Zone,OutputProcessor::SOVStoreType::Average,sys.Name
RefrigeratedCase.cc,"""Refrigeration System Estimated Low Stage Refrigerant Mass Flow Rate""",OutputProcessor::Unit::kg_s,sys.RefMassFlowComps,OutputProcessor::SOVTimeStepType::Zone,OutputProcessor::SOVStoreType::Average,sys.Name
RefrigeratedCase.cc,"""Refrigeration System Estimated High Stage Refrigerant Mass Flow Rate""",OutputProcessor::Unit::kg_s,sys.RefMassFlowHiStageComps,OutputProcessor::SOVTimeStepType::Zone,OutputProcessor::SOVStoreType::Average,sys.Name
RefrigeratedCase.cc,"""Refrigeration System Intercooler Temperature""",OutputProcessor::Unit::C,sys.TIntercooler,OutputProcessor::SOVTimeStepType::Zone,OutputProcessor::SOVStoreType::Average,sys.Name
RefrigeratedCase.cc,"""Refrigeration System Intercooler Pressure""",OutputProcessor::Unit::Pa,sys.PIntercooler,OutputProcessor::SOVTimeStepType::Zone,OutputProcessor::SOVStoreType::Average,sys.Name
RefrigeratedCase.cc,"""Refrigeration System Condensing Temperature""",OutputProcessor::Unit::C,sys.TCondense,OutputProcessor::SOVTimeStepType::Zone,OutputProcessor::SOVStoreType::Average,sys.Name
RefrigeratedCase.cc,"""Refrigeration System Evaporating Temperature""",OutputProcessor::Unit::C,sys.TEvapNeeded,OutputProcessor::SOVTimeStepType::Zone,OutputProcessor::SOVStoreType::Average,sys.Name
RefrigeratedCase.cc,"""Refrigeration System Suction Pipe Suction Temperature""",OutputProcessor::Unit::C,sys.TCompIn,OutputProcessor::SOVTimeStepType::Zone,OutputProcessor::SOVStoreType::Average,sys.Name
RefrigeratedCase.cc,"""Refrigeration System Thermostatic Expansion Valve Liquid Temperature""",OutputProcessor::Unit::C,sys.TLiqInActual,OutputProcessor::SOVTimeStepType::Zone,OutputProcessor::SOVStoreType::Average,sys.Name
RefrigeratedCase.cc,"""Refrigeration System Liquid Suction Subcooler Heat Transfer Rate""",OutputProcessor::Unit::W,sys.LSHXTrans,OutputProcessor::SOVTimeStepType::Zone,OutputProcessor::SOVStoreType::Average,sys.Name
RefrigeratedCase.cc,"""Refrigeration System Liquid Suction Subcooler Heat Transfer Energy""",OutputProcessor::Unit::J,sys.LSHXTransEnergy,OutputProcessor::SOVTimeStepType::Zone,OutputProcessor::SOVStoreType::Summed,sys.Name
RefrigeratedCase.cc,"""Refrigeration Air Chiller System Compressor Electricity Rate""",OutputProcessor::Unit::W,comp.Power,OutputProcessor::SOVTimeStepType::HVAC,OutputProcessor::SOVStoreType::Average,comp.Name
RefrigeratedCase.cc,"""Refrigeration Air Chiller System Compressor Electricity Energy""",OutputProcessor::Unit::J,comp.ElecConsumption,OutputProcessor::SOVTimeStepType::HVAC,OutputProcessor::SOVStoreType::Summed,comp.Name
RefrigeratedCase.cc,"""Refrigeration Air Chiller System Compressor Heat Transfer Rate""",OutputProcessor::Unit::W,comp.Capacity,OutputProcessor::SOVTimeStepType::HVAC,OutputProcessor::SOVStoreType::Average,comp.Name
RefrigeratedCase.cc,"""Refrigeration Air Chiller System Compressor Heat Transfer Energy""",OutputProcessor::Unit::J,comp.CoolingEnergy,OutputProcessor::SOVTimeStepType::HVAC,OutputProcessor::SOVStoreType::Summed,comp.Name
RefrigeratedCase.cc,"""Refrigeration Air Chiller System Compressor Runtime Fraction""",OutputProcessor::Unit::None,comp.LoadFactor,OutputProcessor::SOVTimeStepType::HVAC,OutputProcessor::SOVStoreType::Average,comp.Name
RefrigeratedCase.cc,"""Refrigeration Compressor Electricity Rate""",OutputProcessor::Unit::W,comp.Power,OutputProcessor::SOVTimeStepType::Zone,OutputProcessor::SOVStoreType::Average,comp.Name
RefrigeratedCase.cc,"""Refrigeration Compressor Electricity Energy""",OutputProcessor::Unit::J,comp.ElecConsumption,OutputProcessor::SOVTimeStepType::Zone,OutputProcessor::SOVStoreType::Summed,comp.Name
RefrigeratedCase.cc,"""Refrigeration Compressor Heat Transfer Rate""",OutputProcessor::Unit::W,comp.Capacity,OutputProcessor::SOVTimeStepType::Zone,OutputProcessor::SOVStoreType::Average,comp.Name
RefrigeratedCase.cc,"""Refrigeration Compressor Heat Transfer Energy""",OutputProcessor::Unit::J,comp.CoolingEnergy,OutputProcessor::SOVTimeStepType::Zone,OutputProcessor::SOVStoreType::Summed,comp.Name
RefrigeratedCase.cc,"""Refrigeration Compressor Runtime Fraction""",OutputProcessor::Unit::None,comp.LoadFactor,OutputProcessor::SOVTimeStepType::Zone,OutputProcessor::SOVStoreType::Average,comp.Name
RefrigeratedCase.cc,"""Refrigeration Air Chiller System Condenser Heat Transfer Rate""",OutputProcessor::Unit::W,cond.CondLoad,OutputProcessor::SOVTimeStepType::HVAC,OutputProcessor::SOVStoreType::Average,cond.Name
RefrigeratedCase.cc,"""Refrigeration Air Chiller System Condenser Heat Transfer Energy""",OutputProcessor::Unit::J,cond.CondEnergy,OutputProcessor::SOVTimeStepType::HVAC,OutputProcessor::SOVStoreType::Summed,cond.Name
RefrigeratedCase.cc,"""Refrigeration Air Chiller System Condenser Total Recovered Heat Transfer Rate""",OutputProcessor::Unit::W,cond.TotalHeatRecoveredLoad,OutputProcessor::SOVTimeStepType::HVAC,OutputProcessor::SOVStoreType::Average,cond.Name
RefrigeratedCase.cc,"""Refrigeration Air Chiller System Condenser Total Recovered Heat Transfer Energy""",OutputProcessor::Unit::J,cond.TotalHeatRecoveredEnergy,OutputProcessor::SOVTimeStepType::HVAC,OutputProcessor::SOVStoreType::Summed,cond.Name
RefrigeratedCase.cc,"""Refrigeration Air Chiller System Condenser Non Refrigeration Recovered Heat Transfer Rate""",OutputProcessor::Unit::W,cond.ExternalHeatRecoveredLoad,OutputProcessor::SOVTimeStepType::HVAC,OutputProcessor::SOVStoreType::Average,cond.Name
RefrigeratedCase.cc,"""Refrigeration Air Chiller System Condenser Non Refrigeration Recovered Heat Transfer Energy""",OutputProcessor::Unit::J,cond.ExternalEnergyRecovered,OutputProcessor::SOVTimeStepType::HVAC,OutputProcessor::SOVStoreType::Summed,cond.Name
RefrigeratedCase.cc,"""Refrigeration Air Chiller System Condenser Defrost Recovered Heat Transfer Rate""",OutputProcessor::Unit::W,cond.InternalHeatRecoveredLoad,OutputProcessor::SOVTimeStepType::HVAC,OutputProcessor::SOVStoreType::Average,cond.Name
RefrigeratedCase.cc,"""Refrigeration Air Chiller System Condenser Defrost Recovered Heat Transfer Energy""",OutputProcessor::Unit::J,cond.InternalEnergyRecovered,OutputProcessor::SOVTimeStepType::HVAC,OutputProcessor::SOVStoreType::Summed,cond.Name
RefrigeratedCase.cc,"""Refrigeration Air Chiller System Condenser Fan Electricity Rate""",OutputProcessor::Unit::W,cond.ActualFanPower,OutputProcessor::SOVTimeStepType::HVAC,OutputProcessor::SOVStoreType::Average,cond.Name
RefrigeratedCase.cc,"""Refrigeration Air Chiller System Condenser Fan Electricity Energy""",OutputProcessor::Unit::J,cond.FanElecEnergy,OutputProcessor::SOVTimeStepType::HVAC,OutputProcessor::SOVStoreType::Summed,cond.Name
RefrigeratedCase.cc,"""Refrigeration Air Chiller System Condenser Fan Electricity Rate""",OutputProcessor::Unit::W,cond.ActualFanPower,OutputProcessor::SOVTimeStepType::HVAC,OutputProcessor::SOVStoreType::Average,cond.Name
RefrigeratedCase.cc,"""Refrigeration Air Chiller System Condenser Fan Electricity Energy""",OutputProcessor::Unit::J,cond.FanElecEnergy,OutputProcessor::SOVTimeStepType::HVAC,OutputProcessor::SOVStoreType::Summed,cond.Name
RefrigeratedCase.cc,"""Refrigeration Air Chiller System Condenser Pump Electricity Rate""",OutputProcessor::Unit::W,cond.ActualEvapPumpPower,OutputProcessor::SOVTimeStepType::HVAC,OutputProcessor::SOVStoreType::Average,cond.Name
RefrigeratedCase.cc,"""Refrigeration Air Chiller System Condenser Pump Electricity Energy""",OutputProcessor::Unit::J,cond.EvapPumpConsumption,OutputProcessor::SOVTimeStepType::HVAC,OutputProcessor::SOVStoreType::Summed,cond.Name
RefrigeratedCase.cc,"""Refrigeration Air Chiller System Condenser Basin Heater Electricity Rate""",OutputProcessor::Unit::W,cond.BasinHeaterPower,OutputProcessor::SOVTimeStepType::HVAC,OutputProcessor::SOVStoreType::Average,cond.Name
RefrigeratedCase.cc,"""Refrigeration Air Chiller System Condenser Basin Heater Electricity Energy""",OutputProcessor::Unit::J,cond.BasinHeaterConsumption,OutputProcessor::SOVTimeStepType::HVAC,OutputProcessor::SOVStoreType::Summed,cond.Name
RefrigeratedCase.cc,"""Refrigeration Air Chiller System Condenser Evaporated Water Volume Flow Rate""",OutputProcessor::Unit::m3_s,cond.EvapWaterConsumpRate,OutputProcessor::SOVTimeStepType::HVAC,OutputProcessor::SOVStoreType::Average,cond.Name
RefrigeratedCase.cc,"""Refrigeration Air Chiller System Condenser Evaporated Water Volume""",OutputProcessor::Unit::m3,cond.EvapWaterConsumption,OutputProcessor::SOVTimeStepType::HVAC,OutputProcessor::SOVStoreType::Summed,cond.Name
RefrigeratedCase.cc,"""Refrigeration Air Chiller System Condenser Fluid Mass Flow Rate""",OutputProcessor::Unit::kg_s,cond.MassFlowRate,OutputProcessor::SOVTimeStepType::HVAC,OutputProcessor::SOVStoreType::Average,cond.Name
RefrigeratedCase.cc,"""Refrigeration System Condenser Heat Transfer Rate""",OutputProcessor::Unit::W,cond.CondLoad,OutputProcessor::SOVTimeStepType::Zone,OutputProcessor::SOVStoreType::Average,cond.Name
RefrigeratedCase.cc,"""Refrigeration System Condenser Heat Transfer Energy""",OutputProcessor::Unit::J,cond.CondEnergy,OutputProcessor::SOVTimeStepType::Zone,OutputProcessor::SOVStoreType::Summed,cond.Name
RefrigeratedCase.cc,"""Refrigeration System Condenser Total Recovered Heat Transfer Rate""",OutputProcessor::Unit::W,cond.TotalHeatRecoveredLoad,OutputProcessor::SOVTimeStepType::Zone,OutputProcessor::SOVStoreType::Average,cond.Name
RefrigeratedCase.cc,"""Refrigeration System Condenser Total Recovered Heat Transfer Energy""",OutputProcessor::Unit::J,cond.TotalHeatRecoveredEnergy,OutputProcessor::SOVTimeStepType::Zone,OutputProcessor::SOVStoreType::Summed,cond.Name
RefrigeratedCase.cc,"""Refrigeration System Condenser Non Refrigeration Recovered Heat Transfer Rate""",OutputProcessor::Unit::W,cond.ExternalHeatRecoveredLoad,OutputProcessor::SOVTimeStepType::Zone,OutputProcessor::SOVStoreType::Average,cond.Name
RefrigeratedCase.cc,"""Refrigeration System Condenser Non Refrigeration Recovered Heat Transfer Energy""",OutputProcessor::Unit::J,cond.ExternalEnergyRecovered,OutputProcessor::SOVTimeStepType::Zone,OutputProcessor::SOVStoreType::Summed,cond.Name
RefrigeratedCase.cc,"""Refrigeration System Condenser Defrost Recovered Heat Transfer Rate""",OutputProcessor::Unit::W,cond.InternalHeatRecoveredLoad,OutputProcessor::SOVTimeStepType::Zone,OutputProcessor::SOVStoreType::Average,cond.Name
RefrigeratedCase.cc,"""Refrigeration System Condenser Defrost Recovered Heat Transfer Energy""",OutputProcessor::Unit::J,cond.InternalEnergyRecovered,OutputProcessor::SOVTimeStepType::Zone,OutputProcessor::SOVStoreType::Summed,cond.Name
RefrigeratedCase.cc,"""Refrigeration System Condenser Fan Electricity Rate""",OutputProcessor::Unit::W,cond.ActualFanPower,OutputProcessor::SOVTimeStepType::Zone,OutputProcessor::SOVStoreType::Average,cond.Name
RefrigeratedCase.cc,"""Refrigeration System Condenser Fan Electricity Energy""",OutputProcessor::Unit::J,cond.FanElecEnergy,OutputProcessor::SOVTimeStepType::Zone,OutputProcessor::SOVStoreType::Summed,cond.Name
RefrigeratedCase.cc,"""Refrigeration System Condenser Fan Electricity Rate""",OutputProcessor::Unit::W,cond.ActualFanPower,OutputProcessor::SOVTimeStepType::Zone,OutputProcessor::SOVStoreType::Average,cond.Name
RefrigeratedCase.cc,"""Refrigeration System Condenser Fan Electricity Energy""",OutputProcessor::Unit::J,cond.FanElecEnergy,OutputProcessor::SOVTimeStepType::Zone,OutputProcessor::SOVStoreType::Summed,cond.Name
RefrigeratedCase.cc,"""Refrigeration System Condenser Pump Electricity Rate""",OutputProcessor::Unit::W,cond.ActualEvapPumpPower,OutputProcessor::SOVTimeStepType::Zone,OutputProcessor::SOVStoreType::Average,cond.Name
RefrigeratedCase.cc,"""Refrigeration System Condenser Pump Electricity Energy""",OutputProcessor::Unit::J,cond.EvapPumpConsumption,OutputProcessor::SOVTimeStepType::Zone,OutputProcessor::SOVStoreType::Summed,cond.Name
RefrigeratedCase.cc,"""Refrigeration System Condenser Basin Heater Electricity Rate""",OutputProcessor::Unit::W,cond.BasinHeaterPower,OutputProcessor::SOVTimeStepType::Zone,OutputProcessor::SOVStoreType::Average,cond.Name
RefrigeratedCase.cc,"""Refrigeration System Condenser Basin Heater Electricity Energy""",OutputProcessor::Unit::J,cond.BasinHeaterConsumption,OutputProcessor::SOVTimeStepType::Zone,OutputProcessor::SOVStoreType::Summed,cond.Name
RefrigeratedCase.cc,"""Refrigeration System Condenser Evaporated Water Volume Flow Rate""",OutputProcessor::Unit::m3_s,cond.EvapWaterConsumpRate,OutputProcessor::SOVTimeStepType::Zone,OutputProcessor::SOVStoreType::Average,cond.Name
RefrigeratedCase.cc,"""Refrigeration System Condenser Evaporated Water Volume""",OutputProcessor::Unit::m3,cond.EvapWaterConsumption,OutputProcessor::SOVTimeStepType::Zone,OutputProcessor::SOVStoreType::Summed,cond.Name
RefrigeratedCase.cc,"""Refrigeration System Condenser Water Mass Flow Rate""",OutputProcessor::Unit::kg_s,cond.MassFlowRate,OutputProcessor::SOVTimeStepType::HVAC,OutputProcessor::SOVStoreType::Average,cond.Name
RefrigeratedCase.cc,"""Refrigeration Air Chiller System Mechanical Subcooler Heat Transfer Rate""",OutputProcessor::Unit::W,cooler.MechSCTransLoad,OutputProcessor::SOVTimeStepType::Zone,OutputProcessor::SOVStoreType::Average,cooler.Name
RefrigeratedCase.cc,"""Refrigeration Air Chiller System Mechanical Subcooler Heat Transfer Energy""",OutputProcessor::Unit::J,cooler.MechSCTransEnergy,OutputProcessor::SOVTimeStepType::Zone,OutputProcessor::SOVStoreType::Summed,cooler.Name
RefrigeratedCase.cc,"""Refrigeration System Mechanical Subcooler Heat Transfer Rate""",OutputProcessor::Unit::W,cooler.MechSCTransLoad,OutputProcessor::SOVTimeStepType::HVAC,OutputProcessor::SOVStoreType::Average,cooler.Name
RefrigeratedCase.cc,"""Refrigeration System Mechanical Subcooler Heat Transfer Energy""",OutputProcessor::Unit::J,cooler.MechSCTransEnergy,OutputProcessor::SOVTimeStepType::HVAC,OutputProcessor::SOVStoreType::Summed,cooler.Name
RefrigeratedCase.cc,"""Refrigeration Transcritical System Total High Pressure Compressor Electricity Rate""",OutputProcessor::Unit::W,sys.TotCompPowerHP,OutputProcessor::SOVTimeStepType::Zone,OutputProcessor::SOVStoreType::Average,sys.Name
RefrigeratedCase.cc,"""Refrigeration Transcritical System Total High Pressure Compressor Electricity Energy""",OutputProcessor::Unit::J,sys.TotCompElecConsumpHP,OutputProcessor::SOVTimeStepType::Zone,OutputProcessor::SOVStoreType::Summed,sys.Name
RefrigeratedCase.cc,"""Refrigeration Transcritical System Total Compressor Electricity Energy""",OutputProcessor::Unit::J,sys.TotCompElecConsump,OutputProcessor::SOVTimeStepType::Zone,OutputProcessor::SOVStoreType::Summed,sys.Name
RefrigeratedCase.cc,"""Refrigeration Transcritical System Average COP""",OutputProcessor::Unit::W_W,sys.AverageCompressorCOP,OutputProcessor::SOVTimeStepType::Zone,OutputProcessor::SOVStoreType::Average,sys.Name
RefrigeratedCase.cc,"""Refrigeration Transcritical System Medium Temperature Cases and Walk Ins Heat Transfer Rate""",OutputProcessor::Unit::W,sys.TotalCoolingLoadMT,OutputProcessor::SOVTimeStepType::Zone,OutputProcessor::SOVStoreType::Average,sys.Name
RefrigeratedCase.cc,"""Refrigeration Transcritical System Medium Temperature Cases and Walk Ins Heat Transfer Energy""",OutputProcessor::Unit::J,sys.TotalCoolingEnergyMT,OutputProcessor::SOVTimeStepType::Zone,OutputProcessor::SOVStoreType::Summed,sys.Name
RefrigeratedCase.cc,"""Refrigeration Transcritical System Total Cases and Walk Ins Heat Transfer Energy""",OutputProcessor::Unit::J,sys.TotalCoolingEnergy,OutputProcessor::SOVTimeStepType::Zone,OutputProcessor::SOVStoreType::Summed,sys.Name
RefrigeratedCase.cc,"""Refrigeration Transcritical System Medium Temperature Suction Pipe Heat Transfer Rate""",OutputProcessor::Unit::W,sys.PipeHeatLoadMT,OutputProcessor::SOVTimeStepType::Zone,OutputProcessor::SOVStoreType::Average,sys.Name
RefrigeratedCase.cc,"""Refrigeration Transcritical System Medium Temperature Suction Pipe Heat Transfer Energy""",OutputProcessor::Unit::J,sys.PipeHeatEnergyMT,OutputProcessor::SOVTimeStepType::Zone,OutputProcessor::SOVStoreType::Summed,sys.Name
RefrigeratedCase.cc,"""Refrigeration Transcritical System High Pressure Compressor Heat Transfer Rate""",OutputProcessor::Unit::W,sys.TotCompCapacityHP,OutputProcessor::SOVTimeStepType::Zone,OutputProcessor::SOVStoreType::Average,sys.Name
RefrigeratedCase.cc,"""Refrigeration Transcritical System High Pressure Compressor Heat Transfer Energy""",OutputProcessor::Unit::J,sys.TotCompCoolingEnergyHP,OutputProcessor::SOVTimeStepType::Zone,OutputProcessor::SOVStoreType::Summed,sys.Name
RefrigeratedCase.cc,"""Refrigeration Transcritical System Net Rejected Heat Transfer Rate""",OutputProcessor::Unit::W,sys.NetHeatRejectLoad,OutputProcessor::SOVTimeStepType::Zone,OutputProcessor::SOVStoreType::Average,sys.Name
RefrigeratedCase.cc,"""Refrigeration Transcritical System Net Rejected Heat Transfer Energy""",OutputProcessor::Unit::J,sys.NetHeatRejectEnergy,OutputProcessor::SOVTimeStepType::Zone,OutputProcessor::SOVStoreType::Summed,sys.Name
RefrigeratedCase.cc,"""Refrigeration Transcritical System Estimated Refrigerant Inventory Mass""",OutputProcessor::Unit::kg,sys.RefInventory,OutputProcessor::SOVTimeStepType::Zone,OutputProcessor::SOVStoreType::Average,sys.Name
RefrigeratedCase.cc,"""Refrigeration Transcritical System Refrigerant Mass Flow Rate""",OutputProcessor::Unit::kg_s,sys.RefMassFlowComps,OutputProcessor::SOVTimeStepType::Zone,OutputProcessor::SOVStoreType::Average,sys.Name
RefrigeratedCase.cc,"""Refrigeration Transcritical System Medium Temperature Evaporating Temperature""",OutputProcessor::Unit::C,sys.TEvapNeededMT,OutputProcessor::SOVTimeStepType::Zone,OutputProcessor::SOVStoreType::Average,sys.Name
RefrigeratedCase.cc,"""Refrigeration Transcritical System Medium Temperature Suction Temperature""",OutputProcessor::Unit::C,sys.TCompInHP,OutputProcessor::SOVTimeStepType::Zone,OutputProcessor::SOVStoreType::Average,sys.Name
RefrigeratedCase.cc,"""Refrigeration Transcritical System Low Pressure Compressor Electricity Rate""",OutputProcessor::Unit::W,sys.TotCompPowerLP,OutputProcessor::SOVTimeStepType::Zone,OutputProcessor::SOVStoreType::Average,sys.Name
RefrigeratedCase.cc,"""Refrigeration Transcritical System Low Pressure Compressor Electricity Energy""",OutputProcessor::Unit::J,sys.TotCompElecConsumpLP,OutputProcessor::SOVTimeStepType::Zone,OutputProcessor::SOVStoreType::Summed,sys.Name
RefrigeratedCase.cc,"""Refrigeration Transcritical System Low Temperature Cases and Walk Ins Heat Transfer Rate""",OutputProcessor::Unit::W,sys.TotalCoolingLoadLT,OutputProcessor::SOVTimeStepType::Zone,OutputProcessor::SOVStoreType::Average,sys.Name
RefrigeratedCase.cc,"""Refrigeration Transcritical System Low Temperature Cases and Walk Ins Heat Transfer Energy""",OutputProcessor::Unit::J,sys.TotalCoolingEnergyLT,OutputProcessor::SOVTimeStepType::Zone,OutputProcessor::SOVStoreType::Summed,sys.Name
RefrigeratedCase.cc,"""Refrigeration Transcritical System Low Temperature Suction Pipe Heat Transfer Rate""",OutputProcessor::Unit::W,sys.PipeHeatLoadLT,OutputProcessor::SOVTimeStepType::Zone,OutputProcessor::SOVStoreType::Average,sys.Name
RefrigeratedCase.cc,"""Refrigeration Transcritical System Low Temperature Suction Pipe Heat Transfer Energy""",OutputProcessor::Unit::J,sys.PipeHeatEnergyLT,OutputProcessor::SOVTimeStepType::Zone,OutputProcessor::SOVStoreType::Summed,sys.Name
RefrigeratedCase.cc,"""Refrigeration Transcritical System Low Pressure Compressor Heat Transfer Rate""",OutputProcessor::Unit::W,sys.TotCompCapacityLP,OutputProcessor::SOVTimeStepType::Zone,OutputProcessor::SOVStoreType::Average,sys.Name
RefrigeratedCase.cc,"""Refrigeration Transcritical System Low Pressure Compressor Heat Transfer Energy""",OutputProcessor::Unit::J,sys.TotCompCoolingEnergyLP,OutputProcessor::SOVTimeStepType::Zone,OutputProcessor::SOVStoreType::Summed,sys.Name
RefrigeratedCase.cc,"""Refrigeration Transcritical System Low Temperature Evaporating Temperature""",OutputProcessor::Unit::C,sys.TEvapNeededLT,OutputProcessor::SOVTimeStepType::Zone,OutputProcessor::SOVStoreType::Average,sys.Name
RefrigeratedCase.cc,"""Refrigeration Transcritical System Low Temperature Suction Temperature""",OutputProcessor::Unit::C,sys.TCompInLP,OutputProcessor::SOVTimeStepType::Zone,OutputProcessor::SOVStoreType::Average,sys.Name
RefrigeratedCase.cc,"""Refrigeration Compressor Electricity Rate""",OutputProcessor::Unit::W,Compressor(compNum).Power,OutputProcessor::SOVTimeStepType::Zone,OutputProcessor::SOVStoreType::Average,Compressor(compNum).Name
RefrigeratedCase.cc,"""Refrigeration Compressor Electricity Energy""",OutputProcessor::Unit::J,Compressor(compNum).ElecConsumption,OutputProcessor::SOVTimeStepType::Zone,OutputProcessor::SOVStoreType::Summed,Compressor(compNum).Name
RefrigeratedCase.cc,"""Refrigeration Compressor Heat Transfer Rate""",OutputProcessor::Unit::W,Compressor(compNum).Capacity,OutputProcessor::SOVTimeStepType::Zone,OutputProcessor::SOVStoreType::Average,Compressor(compNum).Name
RefrigeratedCase.cc,"""Refrigeration Compressor Heat Transfer Energy""",OutputProcessor::Unit::J,Compressor(compNum).CoolingEnergy,OutputProcessor::SOVTimeStepType::Zone,OutputProcessor::SOVStoreType::Summed,Compressor(compNum).Name
RefrigeratedCase.cc,"""Refrigeration Compressor Runtime Fraction""",OutputProcessor::Unit::None,Compressor(compNum).LoadFactor,OutputProcessor::SOVTimeStepType::Zone,OutputProcessor::SOVStoreType::Average,Compressor(compNum).Name
RefrigeratedCase.cc,"""Refrigeration Compressor Electricity Rate""",OutputProcessor::Unit::W,Compressor(compNum).Power,OutputProcessor::SOVTimeStepType::Zone,OutputProcessor::SOVStoreType::Average,Compressor(compNum).Name
RefrigeratedCase.cc,"""Refrigeration Compressor Electricity Energy""",OutputProcessor::Unit::J,Compressor(compNum).ElecConsumption,OutputProcessor::SOVTimeStepType::Zone,OutputProcessor::SOVStoreType::Summed,Compressor(compNum).Name
RefrigeratedCase.cc,"""Refrigeration Compressor Heat Transfer Rate""",OutputProcessor::Unit::W,Compressor(compNum).Capacity,OutputProcessor::SOVTimeStepType::Zone,OutputProcessor::SOVStoreType::Average,Compressor(compNum).Name
RefrigeratedCase.cc,"""Refrigeration Compressor Heat Transfer Energy""",OutputProcessor::Unit::J,Compressor(compNum).CoolingEnergy,OutputProcessor::SOVTimeStepType::Zone,OutputProcessor::SOVStoreType::Summed,Compressor(compNum).Name
RefrigeratedCase.cc,"""Refrigeration Compressor Runtime Fraction""",OutputProcessor::Unit::None,Compressor(compNum).LoadFactor,OutputProcessor::SOVTimeStepType::Zone,OutputProcessor::SOVStoreType::Average,Compressor(compNum).Name
RefrigeratedCase.cc,"""Refrigeration Transcritical System Gas Cooler Heat Transfer Rate""",OutputProcessor::Unit::W,cooler.GasCoolerLoad,OutputProcessor::SOVTimeStepType::Zone,OutputProcessor::SOVStoreType::Average,cooler.Name
RefrigeratedCase.cc,"""Refrigeration Transcritical System Gas Cooler Heat Transfer Energy""",OutputProcessor::Unit::J,cooler.GasCoolerEnergy,OutputProcessor::SOVTimeStepType::Zone,OutputProcessor::SOVStoreType::Summed,cooler.Name
RefrigeratedCase.cc,"""Refrigeration Transcritical System Gas Cooler Fan Electricity Rate""",OutputProcessor::Unit::W,cooler.ActualFanPower,OutputProcessor::SOVTimeStepType::Zone,OutputProcessor::SOVStoreType::Average,cooler.Name
RefrigeratedCase.cc,"""Refrigeration Transcritical System Gas Cooler Fan Electricity Energy""",OutputProcessor::Unit::J,cooler.FanElecEnergy,OutputProcessor::SOVTimeStepType::Zone,OutputProcessor::SOVStoreType::Summed,cooler.Name
RefrigeratedCase.cc,"""Refrigeration Transcritical System Gas Cooler Outlet Temperature""",OutputProcessor::Unit::C,cooler.TGasCoolerOut,OutputProcessor::SOVTimeStepType::Zone,OutputProcessor::SOVStoreType::Average,cooler.Name
RefrigeratedCase.cc,"""Refrigeration Transcritical System Gas Cooler Outlet Pressure""",OutputProcessor::Unit::Pa,cooler.PGasCoolerOut,OutputProcessor::SOVTimeStepType::Zone,OutputProcessor::SOVStoreType::Average,cooler.Name
RefrigeratedCase.cc,"""Refrigeration Transcritical System Gas Cooler Defrost Recovered Heat Transfer Rate""",OutputProcessor::Unit::W,cooler.InternalHeatRecoveredLoad,OutputProcessor::SOVTimeStepType::Zone,OutputProcessor::SOVStoreType::Average,cooler.Name
RefrigeratedCase.cc,"""Refrigeration Transcritical System Gas Cooler Defrost Recovered Heat Transfer Energy""",OutputProcessor::Unit::J,cooler.InternalEnergyRecovered,OutputProcessor::SOVTimeStepType::Zone,OutputProcessor::SOVStoreType::Summed,cooler.Name
MicroturbineElectricGenerator.cc,"""Generator Produced AC Electricity Rate""",OutputProcessor::Unit::W,this->ElecPowerGenerated,OutputProcessor::SOVTimeStepType::System,OutputProcessor::SOVStoreType::Average,this->Name
MicroturbineElectricGenerator.cc,"""Generator Produced AC Electricity Energy""",OutputProcessor::Unit::J,this->EnergyGen,OutputProcessor::SOVTimeStepType::System,OutputProcessor::SOVStoreType::Summed,this->Name
MicroturbineElectricGenerator.cc,"""Generator LHV Basis Electric Efficiency""",OutputProcessor::Unit::None,this->ElectricEfficiencyLHV,OutputProcessor::SOVTimeStepType::System,OutputProcessor::SOVStoreType::Average,this->Name
MicroturbineElectricGenerator.cc,"format(""Generator {} HHV Basis Rate"", sFuelType)",OutputProcessor::Unit::W,this->FuelEnergyUseRateHHV,OutputProcessor::SOVTimeStepType::System,OutputProcessor::SOVStoreType::Average,this->Name
MicroturbineElectricGenerator.cc,"format(""Generator {} HHV Basis Energy"", sFuelType)",OutputProcessor::Unit::J,this->FuelEnergyHHV,OutputProcessor::SOVTimeStepType::System,OutputProcessor::SOVStoreType::Summed,this->Name
MicroturbineElectricGenerator.cc,"format(""Generator {} Mass Flow Rate"", sFuelType)",OutputProcessor::Unit::kg_s,this->FuelMdot,OutputProcessor::SOVTimeStepType::System,OutputProcessor::SOVStoreType::Average,this->Name
MicroturbineElectricGenerator.cc,"""Generator Fuel HHV Basis Rate""",OutputProcessor::Unit::W,this->FuelEnergyUseRateHHV,OutputProcessor::SOVTimeStepType::System,OutputProcessor::SOVStoreType::Average,this->Name
MicroturbineElectricGenerator.cc,"""Generator Fuel HHV Basis Energy""",OutputProcessor::Unit::J,this->FuelEnergyHHV,OutputProcessor::SOVTimeStepType::System,OutputProcessor::SOVStoreType::Summed,this->Name
MicroturbineElectricGenerator.cc,"""Generator Produced Thermal Rate""",OutputProcessor::Unit::W,this->QHeatRecovered,OutputProcessor::SOVTimeStepType::System,OutputProcessor::SOVStoreType::Average,this->Name
MicroturbineElectricGenerator.cc,"""Generator Produced Thermal Energy""",OutputProcessor::Unit::J,this->ExhaustEnergyRec,OutputProcessor::SOVTimeStepType::System,OutputProcessor::SOVStoreType::Summed,this->Name
MicroturbineElectricGenerator.cc,"""Generator Thermal Efficiency LHV Basis""",OutputProcessor::Unit::None,this->ThermalEfficiencyLHV,OutputProcessor::SOVTimeStepType::System,OutputProcessor::SOVStoreType::Average,this->Name
MicroturbineElectricGenerator.cc,"""Generator Heat Recovery Inlet Temperature""",OutputProcessor::Unit::C,this->HeatRecInletTemp,OutputProcessor::SOVTimeStepType::System,OutputProcessor::SOVStoreType::Average,this->Name
MicroturbineElectricGenerator.cc,"""Generator Heat Recovery Outlet Temperature""",OutputProcessor::Unit::C,this->HeatRecOutletTemp,OutputProcessor::SOVTimeStepType::System,OutputProcessor::SOVStoreType::Average,this->Name
MicroturbineElectricGenerator.cc,"""Generator Heat Recovery Water Mass Flow Rate""",OutputProcessor::Unit::kg_s,this->HeatRecMdot,OutputProcessor::SOVTimeStepType::System,OutputProcessor::SOVStoreType::Average,this->Name
MicroturbineElectricGenerator.cc,"""Generator Standby Electricity Rate""",OutputProcessor::Unit::W,this->StandbyPowerRate,OutputProcessor::SOVTimeStepType::System,OutputProcessor::SOVStoreType::Average,this->Name
MicroturbineElectricGenerator.cc,"""Generator Standby Electricity Energy""",OutputProcessor::Unit::J,this->StandbyEnergy,OutputProcessor::SOVTimeStepType::System,OutputProcessor::SOVStoreType::Summed,this->Name
MicroturbineElectricGenerator.cc,"""Generator Ancillary Electricity Rate""",OutputProcessor::Unit::W,this->AncillaryPowerRate,OutputProcessor::SOVTimeStepType::System,OutputProcessor::SOVStoreType::Average,this->Name
MicroturbineElectricGenerator.cc,"""Generator Ancillary Electricity Energy""",OutputProcessor::Unit::J,this->AncillaryEnergy,OutputProcessor::SOVTimeStepType::System,OutputProcessor::SOVStoreType::Summed,this->Name
MicroturbineElectricGenerator.cc,"""Generator Exhaust Air Mass Flow Rate""",OutputProcessor::Unit::kg_s,this->ExhaustAirMassFlowRate,OutputProcessor::SOVTimeStepType::System,OutputProcessor::SOVStoreType::Average,this->Name
MicroturbineElectricGenerator.cc,"""Generator Exhaust Air Temperature""",OutputProcessor::Unit::C,this->ExhaustAirTemperature,OutputProcessor::SOVTimeStepType::System,OutputProcessor::SOVStoreType::Average,this->Name
WaterToAirHeatPumpSimple.cc,"""Cooling Coil Electricity Energy""",OutputProcessor::Unit::J,simpleWAHP.Energy,OutputProcessor::SOVTimeStepType::System,OutputProcessor::SOVStoreType::Summed,simpleWAHP.Name
WaterToAirHeatPumpSimple.cc,"""Cooling Coil Total Cooling Energy""",OutputProcessor::Unit::J,simpleWAHP.EnergyLoadTotal,OutputProcessor::SOVTimeStepType::System,OutputProcessor::SOVStoreType::Summed,simpleWAHP.Name
WaterToAirHeatPumpSimple.cc,"""Cooling Coil Sensible Cooling Energy""",OutputProcessor::Unit::J,simpleWAHP.EnergySensible,OutputProcessor::SOVTimeStepType::System,OutputProcessor::SOVStoreType::Summed,simpleWAHP.Name
WaterToAirHeatPumpSimple.cc,"""Cooling Coil Latent Cooling Energy""",OutputProcessor::Unit::J,simpleWAHP.EnergyLatent,OutputProcessor::SOVTimeStepType::System,OutputProcessor::SOVStoreType::Summed,simpleWAHP.Name
WaterToAirHeatPumpSimple.cc,"""Cooling Coil Source Side Heat Transfer Energy""",OutputProcessor::Unit::J,simpleWAHP.EnergySource,OutputProcessor::SOVTimeStepType::System,OutputProcessor::SOVStoreType::Summed,simpleWAHP.Name
WaterToAirHeatPumpSimple.cc,"""Heating Coil Electricity Energy""",OutputProcessor::Unit::J,simpleWAHP.Energy,OutputProcessor::SOVTimeStepType::System,OutputProcessor::SOVStoreType::Summed,simpleWAHP.Name
WaterToAirHeatPumpSimple.cc,"""Heating Coil Heating Energy""",OutputProcessor::Unit::J,simpleWAHP.EnergyLoadTotal,OutputProcessor::SOVTimeStepType::System,OutputProcessor::SOVStoreType::Summed,simpleWAHP.Name
WaterToAirHeatPumpSimple.cc,"""Heating Coil Source Side Heat Transfer Energy""",OutputProcessor::Unit::J,simpleWAHP.EnergySource,OutputProcessor::SOVTimeStepType::System,OutputProcessor::SOVStoreType::Summed,simpleWAHP.Name
WaterToAirHeatPumpSimple.cc,"""Cooling Coil Electricity Rate""",OutputProcessor::Unit::W,simpleWAHP.Power,OutputProcessor::SOVTimeStepType::System,OutputProcessor::SOVStoreType::Average,simpleWAHP.Name
WaterToAirHeatPumpSimple.cc,"""Cooling Coil Total Cooling Rate""",OutputProcessor::Unit::W,simpleWAHP.QLoadTotal,OutputProcessor::SOVTimeStepType::System,OutputProcessor::SOVStoreType::Average,simpleWAHP.Name
WaterToAirHeatPumpSimple.cc,"""Cooling Coil Sensible Cooling Rate""",OutputProcessor::Unit::W,simpleWAHP.QSensible,OutputProcessor::SOVTimeStepType::System,OutputProcessor::SOVStoreType::Average,simpleWAHP.Name
WaterToAirHeatPumpSimple.cc,"""Cooling Coil Latent Cooling Rate""",OutputProcessor::Unit::W,simpleWAHP.QLatent,OutputProcessor::SOVTimeStepType::System,OutputProcessor::SOVStoreType::Average,simpleWAHP.Name
WaterToAirHeatPumpSimple.cc,"""Cooling Coil Source Side Heat Transfer Rate""",OutputProcessor::Unit::W,simpleWAHP.QSource,OutputProcessor::SOVTimeStepType::System,OutputProcessor::SOVStoreType::Average,simpleWAHP.Name
WaterToAirHeatPumpSimple.cc,"""Cooling Coil Part Load Ratio""",OutputProcessor::Unit::None,simpleWAHP.PartLoadRatio,OutputProcessor::SOVTimeStepType::System,OutputProcessor::SOVStoreType::Average,simpleWAHP.Name
WaterToAirHeatPumpSimple.cc,"""Cooling Coil Runtime Fraction""",OutputProcessor::Unit::None,simpleWAHP.RunFrac,OutputProcessor::SOVTimeStepType::System,OutputProcessor::SOVStoreType::Average,simpleWAHP.Name
WaterToAirHeatPumpSimple.cc,"""Cooling Coil Air Mass Flow Rate""",OutputProcessor::Unit::kg_s,simpleWAHP.AirMassFlowRate,OutputProcessor::SOVTimeStepType::System,OutputProcessor::SOVStoreType::Average,simpleWAHP.Name
WaterToAirHeatPumpSimple.cc,"""Cooling Coil Air Inlet Temperature""",OutputProcessor::Unit::C,simpleWAHP.InletAirDBTemp,OutputProcessor::SOVTimeStepType::System,OutputProcessor::SOVStoreType::Average,simpleWAHP.Name
WaterToAirHeatPumpSimple.cc,"""Cooling Coil Air Inlet Humidity Ratio""",OutputProcessor::Unit::kgWater_kgDryAir,simpleWAHP.InletAirHumRat,OutputProcessor::SOVTimeStepType::System,OutputProcessor::SOVStoreType::Average,simpleWAHP.Name
WaterToAirHeatPumpSimple.cc,"""Cooling Coil Air Outlet Temperature""",OutputProcessor::Unit::C,simpleWAHP.OutletAirDBTemp,OutputProcessor::SOVTimeStepType::System,OutputProcessor::SOVStoreType::Average,simpleWAHP.Name
WaterToAirHeatPumpSimple.cc,"""Cooling Coil Air Outlet Humidity Ratio""",OutputProcessor::Unit::kgWater_kgDryAir,simpleWAHP.OutletAirHumRat,OutputProcessor::SOVTimeStepType::System,OutputProcessor::SOVStoreType::Average,simpleWAHP.Name
WaterToAirHeatPumpSimple.cc,"""Cooling Coil Source Side Mass Flow Rate""",OutputProcessor::Unit::kg_s,simpleWAHP.WaterMassFlowRate,OutputProcessor::SOVTimeStepType::System,OutputProcessor::SOVStoreType::Average,simpleWAHP.Name
WaterToAirHeatPumpSimple.cc,"""Cooling Coil Source Side Inlet Temperature""",OutputProcessor::Unit::C,simpleWAHP.InletWaterTemp,OutputProcessor::SOVTimeStepType::System,OutputProcessor::SOVStoreType::Average,simpleWAHP.Name
WaterToAirHeatPumpSimple.cc,"""Cooling Coil Source Side Outlet Temperature""",OutputProcessor::Unit::C,simpleWAHP.OutletWaterTemp,OutputProcessor::SOVTimeStepType::System,OutputProcessor::SOVStoreType::Average,simpleWAHP.Name
WaterToAirHeatPumpSimple.cc,"""Heating Coil Electricity Rate""",OutputProcessor::Unit::W,simpleWAHP.Power,OutputProcessor::SOVTimeStepType::System,OutputProcessor::SOVStoreType::Average,simpleWAHP.Name
WaterToAirHeatPumpSimple.cc,"""Heating Coil Heating Rate""",OutputProcessor::Unit::W,simpleWAHP.QLoadTotal,OutputProcessor::SOVTimeStepType::System,OutputProcessor::SOVStoreType::Average,simpleWAHP.Name
WaterToAirHeatPumpSimple.cc,"""Heating Coil Sensible Heating Rate""",OutputProcessor::Unit::W,simpleWAHP.QSensible,OutputProcessor::SOVTimeStepType::System,OutputProcessor::SOVStoreType::Average,simpleWAHP.Name
WaterToAirHeatPumpSimple.cc,"""Heating Coil Source Side Heat Transfer Rate""",OutputProcessor::Unit::W,simpleWAHP.QSource,OutputProcessor::SOVTimeStepType::System,OutputProcessor::SOVStoreType::Average,simpleWAHP.Name
WaterToAirHeatPumpSimple.cc,"""Heating Coil Part Load Ratio""",OutputProcessor::Unit::None,simpleWAHP.PartLoadRatio,OutputProcessor::SOVTimeStepType::System,OutputProcessor::SOVStoreType::Average,simpleWAHP.Name
WaterToAirHeatPumpSimple.cc,"""Heating Coil Runtime Fraction""",OutputProcessor::Unit::None,simpleWAHP.RunFrac,OutputProcessor::SOVTimeStepType::System,OutputProcessor::SOVStoreType::Average,simpleWAHP.Name
WaterToAirHeatPumpSimple.cc,"""Heating Coil Air Mass Flow Rate""",OutputProcessor::Unit::kg_s,simpleWAHP.AirMassFlowRate,OutputProcessor::SOVTimeStepType::System,OutputProcessor::SOVStoreType::Average,simpleWAHP.Name
WaterToAirHeatPumpSimple.cc,"""Heating Coil Air Inlet Temperature""",OutputProcessor::Unit::C,simpleWAHP.InletAirDBTemp,OutputProcessor::SOVTimeStepType::System,OutputProcessor::SOVStoreType::Average,simpleWAHP.Name
WaterToAirHeatPumpSimple.cc,"""Heating Coil Air Inlet Humidity Ratio""",OutputProcessor::Unit::kgWater_kgDryAir,simpleWAHP.InletAirHumRat,OutputProcessor::SOVTimeStepType::System,OutputProcessor::SOVStoreType::Average,simpleWAHP.Name
WaterToAirHeatPumpSimple.cc,"""Heating Coil Air Outlet Temperature""",OutputProcessor::Unit::C,simpleWAHP.OutletAirDBTemp,OutputProcessor::SOVTimeStepType::System,OutputProcessor::SOVStoreType::Average,simpleWAHP.Name
WaterToAirHeatPumpSimple.cc,"""Heating Coil Air Outlet Humidity Ratio""",OutputProcessor::Unit::kgWater_kgDryAir,simpleWAHP.OutletAirHumRat,OutputProcessor::SOVTimeStepType::System,OutputProcessor::SOVStoreType::Average,simpleWAHP.Name
WaterToAirHeatPumpSimple.cc,"""Heating Coil Source Side Mass Flow Rate""",OutputProcessor::Unit::kg_s,simpleWAHP.WaterMassFlowRate,OutputProcessor::SOVTimeStepType::System,OutputProcessor::SOVStoreType::Average,simpleWAHP.Name
WaterToAirHeatPumpSimple.cc,"""Heating Coil Source Side Inlet Temperature""",OutputProcessor::Unit::C,simpleWAHP.InletWaterTemp,OutputProcessor::SOVTimeStepType::System,OutputProcessor::SOVStoreType::Average,simpleWAHP.Name
WaterToAirHeatPumpSimple.cc,"""Heating Coil Source Side Outlet Temperature""",OutputProcessor::Unit::C,simpleWAHP.OutletWaterTemp,OutputProcessor::SOVTimeStepType::System,OutputProcessor::SOVStoreType::Average,simpleWAHP.Name
WeatherManager.cc,"""Site Outdoor Air Drybulb Temperature""",OutputProcessor::Unit::C,state.dataEnvrn->OutDryBulbTemp,OutputProcessor::SOVTimeStepType::Zone,OutputProcessor::SOVStoreType::Average,"""Environment"""
WeatherManager.cc,"""Site Outdoor Air Dewpoint Temperature""",OutputProcessor::Unit::C,state.dataEnvrn->OutDewPointTemp,OutputProcessor::SOVTimeStepType::Zone,OutputProcessor::SOVStoreType::Average,"""Environment"""
WeatherManager.cc,"""Site Outdoor Air Wetbulb Temperature""",OutputProcessor::Unit::C,state.dataEnvrn->OutWetBulbTemp,OutputProcessor::SOVTimeStepType::Zone,OutputProcessor::SOVStoreType::Average,"""Environment"""
WeatherManager.cc,"""Site Outdoor Air Humidity Ratio""",OutputProcessor::Unit::kgWater_kgDryAir,state.dataEnvrn->OutHumRat,OutputProcessor::SOVTimeStepType::Zone,OutputProcessor::SOVStoreType::Average,"""Environment"""
WeatherManager.cc,"""Site Outdoor Air Relative Humidity""",OutputProcessor::Unit::Perc,state.dataEnvrn->OutRelHum,OutputProcessor::SOVTimeStepType::Zone,OutputProcessor::SOVStoreType::Average,"""Environment"""
WeatherManager.cc,"""Site Outdoor Air Barometric Pressure""",OutputProcessor::Unit::Pa,state.dataEnvrn->OutBaroPress,OutputProcessor::SOVTimeStepType::Zone,OutputProcessor::SOVStoreType::Average,"""Environment"""
WeatherManager.cc,"""Site Wind Speed""",OutputProcessor::Unit::m_s,state.dataEnvrn->WindSpeed,OutputProcessor::SOVTimeStepType::Zone,OutputProcessor::SOVStoreType::Average,"""Environment"""
WeatherManager.cc,"""Site Wind Direction""",OutputProcessor::Unit::deg,state.dataEnvrn->WindDir,OutputProcessor::SOVTimeStepType::Zone,OutputProcessor::SOVStoreType::Average,"""Environment"""
WeatherManager.cc,"""Site Sky Temperature""",OutputProcessor::Unit::C,state.dataEnvrn->SkyTemp,OutputProcessor::SOVTimeStepType::Zone,OutputProcessor::SOVStoreType::Average,"""Environment"""
WeatherManager.cc,"""Site Horizontal Infrared Radiation Rate per Area""",OutputProcessor::Unit::W_m2,state.dataWeatherManager->HorizIRSky,OutputProcessor::SOVTimeStepType::Zone,OutputProcessor::SOVStoreType::Average,"""Environment"""
WeatherManager.cc,"""Site Diffuse Solar Radiation Rate per Area""",OutputProcessor::Unit::W_m2,state.dataEnvrn->DifSolarRad,OutputProcessor::SOVTimeStepType::Zone,OutputProcessor::SOVStoreType::Average,"""Environment"""
WeatherManager.cc,"""Site Direct Solar Radiation Rate per Area""",OutputProcessor::Unit::W_m2,state.dataEnvrn->BeamSolarRad,OutputProcessor::SOVTimeStepType::Zone,OutputProcessor::SOVStoreType::Average,"""Environment"""
WeatherManager.cc,"""Liquid Precipitation Depth""",OutputProcessor::Unit::m,state.dataEnvrn->LiquidPrecipitation,OutputProcessor::SOVTimeStepType::Zone,OutputProcessor::SOVStoreType::Summed,"""Environment"""
WeatherManager.cc,"""Site Precipitation Rate""",OutputProcessor::Unit::m_s,state.dataWaterData->RainFall.CurrentRate,OutputProcessor::SOVTimeStepType::Zone,OutputProcessor::SOVStoreType::Average,"""Environment"""
WeatherManager.cc,"""Site Precipitation Depth""",OutputProcessor::Unit::m,state.dataWaterData->RainFall.CurrentAmount,OutputProcessor::SOVTimeStepType::Zone,OutputProcessor::SOVStoreType::Summed,"""Environment"""
WeatherManager.cc,"""Site Ground Reflected Solar Radiation Rate per Area""",OutputProcessor::Unit::W_m2,state.dataEnvrn->GndSolarRad,OutputProcessor::SOVTimeStepType::Zone,OutputProcessor::SOVStoreType::Average,"""Environment"""
WeatherManager.cc,"""Site Ground Temperature""",OutputProcessor::Unit::C,state.dataEnvrn->GroundTemp,OutputProcessor::SOVTimeStepType::Zone,OutputProcessor::SOVStoreType::Average,"""Environment"""
WeatherManager.cc,"""Site Surface Ground Temperature""",OutputProcessor::Unit::C,state.dataEnvrn->GroundTemp_Surface,OutputProcessor::SOVTimeStepType::Zone,OutputProcessor::SOVStoreType::Average,"""Environment"""
WeatherManager.cc,"""Site Deep Ground Temperature""",OutputProcessor::Unit::C,state.dataEnvrn->GroundTemp_Deep,OutputProcessor::SOVTimeStepType::Zone,OutputProcessor::SOVStoreType::Average,"""Environment"""
WeatherManager.cc,"""Site Simple Factor Model Ground Temperature""",OutputProcessor::Unit::C,state.dataEnvrn->GroundTempFC,OutputProcessor::SOVTimeStepType::Zone,OutputProcessor::SOVStoreType::Average,"""Environment"""
WeatherManager.cc,"""Site Total Sky Cover""",OutputProcessor::Unit::None,state.dataEnvrn->TotalCloudCover,OutputProcessor::SOVTimeStepType::Zone,OutputProcessor::SOVStoreType::Average,"""Environment"""
WeatherManager.cc,"""Site Opaque Sky Cover""",OutputProcessor::Unit::None,state.dataEnvrn->OpaqueCloudCover,OutputProcessor::SOVTimeStepType::Zone,OutputProcessor::SOVStoreType::Average,"""Environment"""
WeatherManager.cc,"""Site Outdoor Air Enthalpy""",OutputProcessor::Unit::J_kg,state.dataEnvrn->OutEnthalpy,OutputProcessor::SOVTimeStepType::Zone,OutputProcessor::SOVStoreType::Average,"""Environment"""
WeatherManager.cc,"""Site Outdoor Air Density""",OutputProcessor::Unit::kg_m3,state.dataEnvrn->OutAirDensity,OutputProcessor::SOVTimeStepType::Zone,OutputProcessor::SOVStoreType::Average,"""Environment"""
WeatherManager.cc,"""Site Solar Azimuth Angle""",OutputProcessor::Unit::deg,state.dataWeatherManager->SolarAzimuthAngle,OutputProcessor::SOVTimeStepType::Zone,OutputProcessor::SOVStoreType::Average,"""Environment"""
WeatherManager.cc,"""Site Solar Altitude Angle""",OutputProcessor::Unit::deg,state.dataWeatherManager->SolarAltitudeAngle,OutputProcessor::SOVTimeStepType::Zone,OutputProcessor::SOVStoreType::Average,"""Environment"""
WeatherManager.cc,"""Site Solar Hour Angle""",OutputProcessor::Unit::deg,state.dataWeatherManager->HrAngle,OutputProcessor::SOVTimeStepType::Zone,OutputProcessor::SOVStoreType::Average,"""Environment"""
WeatherManager.cc,"""Site Rain Status""",OutputProcessor::Unit::None,state.dataWeatherManager->RptIsRain,OutputProcessor::SOVTimeStepType::Zone,OutputProcessor::SOVStoreType::Average,"""Environment"""
WeatherManager.cc,"""Site Snow on Ground Status""",OutputProcessor::Unit::None,state.dataWeatherManager->RptIsSnow,OutputProcessor::SOVTimeStepType::Zone,OutputProcessor::SOVStoreType::Average,"""Environment"""
WeatherManager.cc,"""Site Exterior Horizontal Sky Illuminance""",OutputProcessor::Unit::lux,state.dataEnvrn->HISKF,OutputProcessor::SOVTimeStepType::Zone,OutputProcessor::SOVStoreType::Average,"""Environment"""
WeatherManager.cc,"""Site Exterior Horizontal Beam Illuminance""",OutputProcessor::Unit::lux,state.dataEnvrn->HISUNF,OutputProcessor::SOVTimeStepType::Zone,OutputProcessor::SOVStoreType::Average,"""Environment"""
WeatherManager.cc,"""Site Exterior Beam Normal Illuminance""",OutputProcessor::Unit::lux,state.dataEnvrn->HISUNFnorm,OutputProcessor::SOVTimeStepType::Zone,OutputProcessor::SOVStoreType::Average,"""Environment"""
WeatherManager.cc,"""Site Sky Diffuse Solar Radiation Luminous Efficacy""",OutputProcessor::Unit::lum_W,state.dataEnvrn->PDIFLW,OutputProcessor::SOVTimeStepType::Zone,OutputProcessor::SOVStoreType::Average,"""Environment"""
WeatherManager.cc,"""Site Beam Solar Radiation Luminous Efficacy""",OutputProcessor::Unit::lum_W,state.dataEnvrn->PDIRLW,OutputProcessor::SOVTimeStepType::Zone,OutputProcessor::SOVStoreType::Average,"""Environment"""
WeatherManager.cc,"""Site Daylighting Model Sky Clearness""",OutputProcessor::Unit::None,state.dataEnvrn->SkyClearness,OutputProcessor::SOVTimeStepType::Zone,OutputProcessor::SOVStoreType::Average,"""Environment"""
WeatherManager.cc,"""Site Daylighting Model Sky Brightness""",OutputProcessor::Unit::None,state.dataEnvrn->SkyBrightness,OutputProcessor::SOVTimeStepType::Zone,OutputProcessor::SOVStoreType::Average,"""Environment"""
WeatherManager.cc,"""Site Daylight Saving Time Status""",OutputProcessor::Unit::None,state.dataEnvrn->DSTIndicator,OutputProcessor::SOVTimeStepType::Zone,OutputProcessor::SOVStoreType::State,"""Environment"""
WeatherManager.cc,"""Site Day Type Index""",OutputProcessor::Unit::None,state.dataWeatherManager->RptDayType,OutputProcessor::SOVTimeStepType::Zone,OutputProcessor::SOVStoreType::State,"""Environment"""
WeatherManager.cc,"""Site Mains Water Temperature""",OutputProcessor::Unit::C,state.dataEnvrn->WaterMainsTemp,OutputProcessor::SOVTimeStepType::Zone,OutputProcessor::SOVStoreType::Average,"""Environment"""
WeatherManager.cc,"""Sizing Period Site Drybulb Temperature Range Modifier Schedule Value""",unitType,state.dataWeatherManager->SPSiteDryBulbRangeModScheduleValue(EnvrnNum),OutputProcessor::SOVTimeStepType::Zone,OutputProcessor::SOVStoreType::Average,state.dataIPShortCut->cAlphaArgs(4)
WeatherManager.cc,"""Sizing Period Site Humidity Condition Schedule Value""",unitType,state.dataWeatherManager->SPSiteHumidityConditionScheduleValue(EnvrnNum),OutputProcessor::SOVTimeStepType::Zone,OutputProcessor::SOVStoreType::Average,state.dataIPShortCut->cAlphaArgs(6)
WeatherManager.cc,"""Sizing Period Site Beam Solar Schedule Value""",unitType,state.dataWeatherManager->SPSiteBeamSolarScheduleValue(EnvrnNum),OutputProcessor::SOVTimeStepType::Zone,OutputProcessor::SOVStoreType::Average,state.dataIPShortCut->cAlphaArgs(11)
WeatherManager.cc,"""Sizing Period Site Diffuse Solar Schedule Value""",unitType,state.dataWeatherManager->SPSiteDiffuseSolarScheduleValue(EnvrnNum),OutputProcessor::SOVTimeStepType::Zone,OutputProcessor::SOVStoreType::Average,state.dataIPShortCut->cAlphaArgs(12)
WeatherManager.cc,"""Sizing Period Site Sky Temperature Schedule Value""",unitType,state.dataWeatherManager->SPSiteSkyTemperatureScheduleValue(envFound),OutputProcessor::SOVTimeStepType::Zone,OutputProcessor::SOVStoreType::Average,state.dataIPShortCut->cAlphaArgs(3)
HVACManager.cc,"""HVAC System Solver Iteration Count""",OutputProcessor::Unit::None,state.dataHVACMgr->HVACManageIteration,OutputProcessor::SOVTimeStepType::HVAC,OutputProcessor::SOVStoreType::Summed,"""SimHVAC"""
HVACManager.cc,"""Air System Solver Iteration Count""",OutputProcessor::Unit::None,state.dataHVACMgr->RepIterAir,OutputProcessor::SOVTimeStepType::HVAC,OutputProcessor::SOVStoreType::Summed,"""SimHVAC"""
HVACManager.cc,"""Air System Relief Air Total Heat Loss Energy""",OutputProcessor::Unit::J,state.dataHeatBal->SysTotalHVACReliefHeatLoss,OutputProcessor::SOVTimeStepType::HVAC,OutputProcessor::SOVStoreType::Summed,"""SimHVAC"""
HVACManager.cc,"""HVAC System Total Heat Rejection Energy""",OutputProcessor::Unit::J,state.dataHeatBal->SysTotalHVACRejectHeatLoss,OutputProcessor::SOVTimeStepType::HVAC,OutputProcessor::SOVStoreType::Summed,"""SimHVAC"""
HVACManager.cc,"""Plant Solver Sub Iteration Count""",OutputProcessor::Unit::None,state.dataPlnt->PlantManageSubIterations,OutputProcessor::SOVTimeStepType::HVAC,OutputProcessor::SOVStoreType::Summed,"""SimHVAC"""
HVACManager.cc,"""Plant Solver Half Loop Calls Count""",OutputProcessor::Unit::None,state.dataPlnt->PlantManageHalfLoopCalls,OutputProcessor::SOVTimeStepType::HVAC,OutputProcessor::SOVStoreType::Summed,"""SimHVAC"""
BaseboardElectric.cc,"""Baseboard Total Heating Energy""",OutputProcessor::Unit::J,thisBaseboard.Energy,OutputProcessor::SOVTimeStepType::System,OutputProcessor::SOVStoreType::Summed,thisBaseboard.EquipName
BaseboardElectric.cc,"""Baseboard Total Heating Rate""",OutputProcessor::Unit::W,thisBaseboard.Power,OutputProcessor::SOVTimeStepType::System,OutputProcessor::SOVStoreType::Average,thisBaseboard.EquipName
BaseboardElectric.cc,"""Baseboard Electricity Energy""",OutputProcessor::Unit::J,thisBaseboard.ElecUseLoad,OutputProcessor::SOVTimeStepType::System,OutputProcessor::SOVStoreType::Summed,thisBaseboard.EquipName
BaseboardElectric.cc,"""Baseboard Electricity Rate""",OutputProcessor::Unit::W,thisBaseboard.ElecUseRate,OutputProcessor::SOVTimeStepType::System,OutputProcessor::SOVStoreType::Average,thisBaseboard.EquipName
SteamBaseboardRadiator.cc,"""Baseboard Total Heating Rate""",OutputProcessor::Unit::W,state.dataSteamBaseboardRadiator->SteamBaseboard(BaseboardNum).TotPower,OutputProcessor::SOVTimeStepType::System,OutputProcessor::SOVStoreType::Average,state.dataSteamBaseboardRadiator->SteamBaseboard(BaseboardNum).EquipID
SteamBaseboardRadiator.cc,"""Baseboard Convective Heating Rate""",OutputProcessor::Unit::W,state.dataSteamBaseboardRadiator->SteamBaseboard(BaseboardNum).ConvPower,OutputProcessor::SOVTimeStepType::System,OutputProcessor::SOVStoreType::Average,state.dataSteamBaseboardRadiator->SteamBaseboard(BaseboardNum).EquipID
SteamBaseboardRadiator.cc,"""Baseboard Radiant Heating Rate""",OutputProcessor::Unit::W,state.dataSteamBaseboardRadiator->SteamBaseboard(BaseboardNum).RadPower,OutputProcessor::SOVTimeStepType::System,OutputProcessor::SOVStoreType::Average,state.dataSteamBaseboardRadiator->SteamBaseboard(BaseboardNum).EquipID
SteamBaseboardRadiator.cc,"""Baseboard Total Heating Energy""",OutputProcessor::Unit::J,state.dataSteamBaseboardRadiator->SteamBaseboard(BaseboardNum).TotEnergy,OutputProcessor::SOVTimeStepType::System,OutputProcessor::SOVStoreType::Summed,state.dataSteamBaseboardRadiator->SteamBaseboard(BaseboardNum).EquipID
SteamBaseboardRadiator.cc,"""Baseboard Convective Heating Energy""",OutputProcessor::Unit::J,state.dataSteamBaseboardRadiator->SteamBaseboard(BaseboardNum).ConvEnergy,OutputProcessor::SOVTimeStepType::System,OutputProcessor::SOVStoreType::Summed,state.dataSteamBaseboardRadiator->SteamBaseboard(BaseboardNum).EquipID
SteamBaseboardRadiator.cc,"""Baseboard Radiant Heating Energy""",OutputProcessor::Unit::J,state.dataSteamBaseboardRadiator->SteamBaseboard(BaseboardNum).RadEnergy,OutputProcessor::SOVTimeStepType::System,OutputProcessor::SOVStoreType::Summed,state.dataSteamBaseboardRadiator->SteamBaseboard(BaseboardNum).EquipID
SteamBaseboardRadiator.cc,"""Baseboard Steam Energy""",OutputProcessor::Unit::J,state.dataSteamBaseboardRadiator->SteamBaseboard(BaseboardNum).Energy,OutputProcessor::SOVTimeStepType::System,OutputProcessor::SOVStoreType::Summed,state.dataSteamBaseboardRadiator->SteamBaseboard(BaseboardNum).EquipID
SteamBaseboardRadiator.cc,"""Baseboard Steam Rate""",OutputProcessor::Unit::W,state.dataSteamBaseboardRadiator->SteamBaseboard(BaseboardNum).Power,OutputProcessor::SOVTimeStepType::System,OutputProcessor::SOVStoreType::Average,state.dataSteamBaseboardRadiator->SteamBaseboard(BaseboardNum).EquipID
SteamBaseboardRadiator.cc,"""Baseboard Steam Mass Flow Rate""",OutputProcessor::Unit::kg_s,state.dataSteamBaseboardRadiator->SteamBaseboard(BaseboardNum).SteamMassFlowRate,OutputProcessor::SOVTimeStepType::System,OutputProcessor::SOVStoreType::Average,state.dataSteamBaseboardRadiator->SteamBaseboard(BaseboardNum).EquipID
SteamBaseboardRadiator.cc,"""Baseboard Steam Inlet Temperature""",OutputProcessor::Unit::C,state.dataSteamBaseboardRadiator->SteamBaseboard(BaseboardNum).SteamInletTemp,OutputProcessor::SOVTimeStepType::System,OutputProcessor::SOVStoreType::Average,state.dataSteamBaseboardRadiator->SteamBaseboard(BaseboardNum).EquipID
SteamBaseboardRadiator.cc,"""Baseboard Steam Outlet Temperature""",OutputProcessor::Unit::C,state.dataSteamBaseboardRadiator->SteamBaseboard(BaseboardNum).SteamOutletTemp,OutputProcessor::SOVTimeStepType::System,OutputProcessor::SOVStoreType::Average,state.dataSteamBaseboardRadiator->SteamBaseboard(BaseboardNum).EquipID
SystemReports.cc,"""Air System Total Heating Energy""",OutputProcessor::Unit::J,thisSysLoadRepVars.TotHTNG,OutputProcessor::SOVTimeStepType::HVAC,OutputProcessor::SOVStoreType::Summed,primaryAirSysName
SystemReports.cc,"""Air System Total Cooling Energy""",OutputProcessor::Unit::J,thisSysLoadRepVars.TotCLNG,OutputProcessor::SOVTimeStepType::HVAC,OutputProcessor::SOVStoreType::Summed,primaryAirSysName
SystemReports.cc,"""Air System Hot Water Energy""",OutputProcessor::Unit::J,thisSysLoadRepVars.TotH2OHOT,OutputProcessor::SOVTimeStepType::HVAC,OutputProcessor::SOVStoreType::Summed,primaryAirSysName
SystemReports.cc,"""Air System Steam Energy""",OutputProcessor::Unit::J,thisSysLoadRepVars.TotSteam,OutputProcessor::SOVTimeStepType::HVAC,OutputProcessor::SOVStoreType::Summed,primaryAirSysName
SystemReports.cc,"""Air System Chilled Water Energy""",OutputProcessor::Unit::J,thisSysLoadRepVars.TotH2OCOLD,OutputProcessor::SOVTimeStepType::HVAC,OutputProcessor::SOVStoreType::Summed,primaryAirSysName
SystemReports.cc,"""Air System Electricity Energy""",OutputProcessor::Unit::J,thisSysLoadRepVars.TotElec,OutputProcessor::SOVTimeStepType::HVAC,OutputProcessor::SOVStoreType::Summed,primaryAirSysName
SystemReports.cc,"""Air System NaturalGas Energy""",OutputProcessor::Unit::J,thisSysLoadRepVars.TotNaturalGas,OutputProcessor::SOVTimeStepType::HVAC,OutputProcessor::SOVStoreType::Summed,primaryAirSysName
SystemReports.cc,"""Air System Propane Energy""",OutputProcessor::Unit::J,thisSysLoadRepVars.TotPropane,OutputProcessor::SOVTimeStepType::HVAC,OutputProcessor::SOVStoreType::Summed,primaryAirSysName
SystemReports.cc,"""Air System Water Volume""",OutputProcessor::Unit::m3,thisSysLoadRepVars.DomesticH2O,OutputProcessor::SOVTimeStepType::HVAC,OutputProcessor::SOVStoreType::Summed,primaryAirSysName
SystemReports.cc,"""Air System Fan Air Heating Energy""",OutputProcessor::Unit::J,thisSysLoadRepVars.FANCompHTNG,OutputProcessor::SOVTimeStepType::HVAC,OutputProcessor::SOVStoreType::Summed,primaryAirSysName
SystemReports.cc,"""Air System Cooling Coil Total Cooling Energy""",OutputProcessor::Unit::J,thisSysLoadRepVars.CCCompCLNG,OutputProcessor::SOVTimeStepType::HVAC,OutputProcessor::SOVStoreType::Summed,primaryAirSysName
SystemReports.cc,"""Air System Heating Coil Total Heating Energy""",OutputProcessor::Unit::J,thisSysLoadRepVars.HCCompHTNG,OutputProcessor::SOVTimeStepType::HVAC,OutputProcessor::SOVStoreType::Summed,primaryAirSysName
SystemReports.cc,"""Air System Heat Exchanger Total Heating Energy""",OutputProcessor::Unit::J,thisSysLoadRepVars.HeatExHTNG,OutputProcessor::SOVTimeStepType::HVAC,OutputProcessor::SOVStoreType::Summed,primaryAirSysName
SystemReports.cc,"""Air System Heat Exchanger Total Cooling Energy""",OutputProcessor::Unit::J,thisSysLoadRepVars.HeatExCLNG,OutputProcessor::SOVTimeStepType::HVAC,OutputProcessor::SOVStoreType::Summed,primaryAirSysName
SystemReports.cc,"""Air System Solar Collector Total Heating Energy""",OutputProcessor::Unit::J,thisSysLoadRepVars.SolarCollectHeating,OutputProcessor::SOVTimeStepType::HVAC,OutputProcessor::SOVStoreType::Summed,primaryAirSysName
SystemReports.cc,"""Air System Solar Collector Total Cooling Energy""",OutputProcessor::Unit::J,thisSysLoadRepVars.SolarCollectCooling,OutputProcessor::SOVTimeStepType::HVAC,OutputProcessor::SOVStoreType::Summed,primaryAirSysName
SystemReports.cc,"""Air System User Defined Air Terminal Total Heating Energy""",OutputProcessor::Unit::J,thisSysLoadRepVars.UserDefinedTerminalHeating,OutputProcessor::SOVTimeStepType::HVAC,OutputProcessor::SOVStoreType::Summed,primaryAirSysName
SystemReports.cc,"""Air System User Defined Air Terminal Total Cooling Energy""",OutputProcessor::Unit::J,thisSysLoadRepVars.UserDefinedTerminalCooling,OutputProcessor::SOVTimeStepType::HVAC,OutputProcessor::SOVStoreType::Summed,primaryAirSysName
SystemReports.cc,"""Air System Humidifier Total Heating Energy""",OutputProcessor::Unit::J,thisSysLoadRepVars.HumidHTNG,OutputProcessor::SOVTimeStepType::HVAC,OutputProcessor::SOVStoreType::Summed,primaryAirSysName
SystemReports.cc,"""Air System Evaporative Cooler Total Cooling Energy""",OutputProcessor::Unit::J,thisSysLoadRepVars.EvapCLNG,OutputProcessor::SOVTimeStepType::HVAC,OutputProcessor::SOVStoreType::Summed,primaryAirSysName
SystemReports.cc,"""Air System Desiccant Dehumidifier Total Cooling Energy""",OutputProcessor::Unit::J,thisSysLoadRepVars.DesDehumidCLNG,OutputProcessor::SOVTimeStepType::HVAC,OutputProcessor::SOVStoreType::Summed,primaryAirSysName
SystemReports.cc,"""Air System Fan Electricity Energy""",OutputProcessor::Unit::J,thisSysLoadRepVars.FANCompElec,OutputProcessor::SOVTimeStepType::HVAC,OutputProcessor::SOVStoreType::Summed,primaryAirSysName
SystemReports.cc,"""Air System Heating Coil Hot Water Energy""",OutputProcessor::Unit::J,thisSysLoadRepVars.HCCompH2OHOT,OutputProcessor::SOVTimeStepType::HVAC,OutputProcessor::SOVStoreType::Summed,primaryAirSysName
SystemReports.cc,"""Air System Cooling Coil Chilled Water Energy""",OutputProcessor::Unit::J,thisSysLoadRepVars.CCCompH2OCOLD,OutputProcessor::SOVTimeStepType::HVAC,OutputProcessor::SOVStoreType::Summed,primaryAirSysName
SystemReports.cc,"""Air System DX Heating Coil Electricity Energy""",OutputProcessor::Unit::J,thisSysLoadRepVars.HCCompElec,OutputProcessor::SOVTimeStepType::HVAC,OutputProcessor::SOVStoreType::Summed,primaryAirSysName
SystemReports.cc,"""Air System DX Cooling Coil Electricity Energy""",OutputProcessor::Unit::J,thisSysLoadRepVars.CCCompElec,OutputProcessor::SOVTimeStepType::HVAC,OutputProcessor::SOVStoreType::Summed,primaryAirSysName
SystemReports.cc,"""Air System Heating Coil Electricity Energy""",OutputProcessor::Unit::J,thisSysLoadRepVars.HCCompElecRes,OutputProcessor::SOVTimeStepType::HVAC,OutputProcessor::SOVStoreType::Summed,primaryAirSysName
SystemReports.cc,"""Air System Heating Coil NaturalGas Energy""",OutputProcessor::Unit::J,thisSysLoadRepVars.HCCompNaturalGas,OutputProcessor::SOVTimeStepType::HVAC,OutputProcessor::SOVStoreType::Summed,primaryAirSysName
SystemReports.cc,"""Air System Heating Coil Propane Energy""",OutputProcessor::Unit::J,thisSysLoadRepVars.HCCompPropane,OutputProcessor::SOVTimeStepType::HVAC,OutputProcessor::SOVStoreType::Summed,primaryAirSysName
SystemReports.cc,"""Air System Heating Coil Steam Energy""",OutputProcessor::Unit::J,thisSysLoadRepVars.HCCompSteam,OutputProcessor::SOVTimeStepType::HVAC,OutputProcessor::SOVStoreType::Summed,primaryAirSysName
SystemReports.cc,"""Air System Humidifier Electricity Energy""",OutputProcessor::Unit::J,thisSysLoadRepVars.HumidElec,OutputProcessor::SOVTimeStepType::HVAC,OutputProcessor::SOVStoreType::Summed,primaryAirSysName
SystemReports.cc,"""Air System Humidifier NaturalGas Energy""",OutputProcessor::Unit::J,thisSysLoadRepVars.HumidNaturalGas,OutputProcessor::SOVTimeStepType::HVAC,OutputProcessor::SOVStoreType::Summed,primaryAirSysName
SystemReports.cc,"""Air System Humidifier Propane Energy""",OutputProcessor::Unit::J,thisSysLoadRepVars.HumidPropane,OutputProcessor::SOVTimeStepType::HVAC,OutputProcessor::SOVStoreType::Summed,primaryAirSysName
SystemReports.cc,"""Air System Evaporative Cooler Electricity Energy""",OutputProcessor::Unit::J,thisSysLoadRepVars.EvapElec,OutputProcessor::SOVTimeStepType::HVAC,OutputProcessor::SOVStoreType::Summed,primaryAirSysName
SystemReports.cc,"""Air System Desiccant Dehumidifier Electricity Energy""",OutputProcessor::Unit::J,thisSysLoadRepVars.DesDehumidElec,OutputProcessor::SOVTimeStepType::HVAC,OutputProcessor::SOVStoreType::Summed,primaryAirSysName
SystemReports.cc,"""Air System Mechanical Ventilation Flow Rate""",OutputProcessor::Unit::m3_s,thisSysVentRepVars.MechVentFlow,OutputProcessor::SOVTimeStepType::HVAC,OutputProcessor::SOVStoreType::Average,primaryAirSysName
SystemReports.cc,"""Air System Natural Ventilation Flow Rate""",OutputProcessor::Unit::m3_s,thisSysVentRepVars.NatVentFlow,OutputProcessor::SOVTimeStepType::HVAC,OutputProcessor::SOVStoreType::Average,primaryAirSysName
SystemReports.cc,"""Air System Target Voz Ventilation Flow Rate""",OutputProcessor::Unit::m3_s,thisSysVentRepVars.TargetVentilationFlowVoz,OutputProcessor::SOVTimeStepType::HVAC,OutputProcessor::SOVStoreType::Average,primaryAirSysName
SystemReports.cc,"""Air System Ventilation Below Target Voz Time""",OutputProcessor::Unit::hr,thisSysVentRepVars.TimeBelowVozDyn,OutputProcessor::SOVTimeStepType::HVAC,OutputProcessor::SOVStoreType::Summed,primaryAirSysName
SystemReports.cc,"""Air System Ventilation At Target Voz Time""",OutputProcessor::Unit::hr,thisSysVentRepVars.TimeAtVozDyn,OutputProcessor::SOVTimeStepType::HVAC,OutputProcessor::SOVStoreType::Summed,primaryAirSysName
SystemReports.cc,"""Air System Ventilation Above Target Voz Time""",OutputProcessor::Unit::hr,thisSysVentRepVars.TimeAboveVozDyn,OutputProcessor::SOVTimeStepType::HVAC,OutputProcessor::SOVStoreType::Summed,primaryAirSysName
SystemReports.cc,"""Air System Ventilation When Unoccupied Time""",OutputProcessor::Unit::hr,thisSysVentRepVars.TimeVentUnocc,OutputProcessor::SOVTimeStepType::HVAC,OutputProcessor::SOVStoreType::Summed,primaryAirSysName
SystemReports.cc,"""Zone Mechanical Ventilation No Load Heat Removal Energy""",OutputProcessor::Unit::J,thisZoneVentRepVars.NoLoadCoolingByVent,OutputProcessor::SOVTimeStepType::HVAC,OutputProcessor::SOVStoreType::Summed,thisZoneName
SystemReports.cc,"""Zone Mechanical Ventilation Cooling Load Increase Energy""",OutputProcessor::Unit::J,thisZoneVentRepVars.CoolingLoadAddedByVent,OutputProcessor::SOVTimeStepType::HVAC,OutputProcessor::SOVStoreType::Summed,thisZoneName
SystemReports.cc,"""Zone Mechanical Ventilation Cooling Load Increase Due to Overheating Energy""",OutputProcessor::Unit::J,thisZoneVentRepVars.OverheatingByVent,OutputProcessor::SOVTimeStepType::HVAC,OutputProcessor::SOVStoreType::Summed,thisZoneName
SystemReports.cc,"""Zone Mechanical Ventilation Cooling Load Decrease Energy""",OutputProcessor::Unit::J,thisZoneVentRepVars.CoolingLoadMetByVent,OutputProcessor::SOVTimeStepType::HVAC,OutputProcessor::SOVStoreType::Summed,thisZoneName
SystemReports.cc,"""Zone Mechanical Ventilation No Load Heat Addition Energy""",OutputProcessor::Unit::J,thisZoneVentRepVars.NoLoadHeatingByVent,OutputProcessor::SOVTimeStepType::HVAC,OutputProcessor::SOVStoreType::Summed,thisZoneName
SystemReports.cc,"""Zone Mechanical Ventilation Heating Load Increase Energy""",OutputProcessor::Unit::J,thisZoneVentRepVars.HeatingLoadAddedByVent,OutputProcessor::SOVTimeStepType::HVAC,OutputProcessor::SOVStoreType::Summed,thisZoneName
SystemReports.cc,"""Zone Mechanical Ventilation Heating Load Increase Due to Overcooling Energy""",OutputProcessor::Unit::J,thisZoneVentRepVars.OvercoolingByVent,OutputProcessor::SOVTimeStepType::HVAC,OutputProcessor::SOVStoreType::Summed,thisZoneName
SystemReports.cc,"""Zone Mechanical Ventilation Heating Load Decrease Energy""",OutputProcessor::Unit::J,thisZoneVentRepVars.HeatingLoadMetByVent,OutputProcessor::SOVTimeStepType::HVAC,OutputProcessor::SOVStoreType::Summed,thisZoneName
SystemReports.cc,"""Zone Mechanical Ventilation Mass Flow Rate""",OutputProcessor::Unit::kg_s,thisZoneVentRepVars.OAMassFlow,OutputProcessor::SOVTimeStepType::HVAC,OutputProcessor::SOVStoreType::Average,thisZoneName
SystemReports.cc,"""Zone Mechanical Ventilation Mass""",OutputProcessor::Unit::kg,thisZoneVentRepVars.OAMass,OutputProcessor::SOVTimeStepType::HVAC,OutputProcessor::SOVStoreType::Summed,thisZoneName
SystemReports.cc,"""Zone Mechanical Ventilation Standard Density Volume Flow Rate""",OutputProcessor::Unit::m3_s,thisZoneVentRepVars.OAVolFlowStdRho,OutputProcessor::SOVTimeStepType::HVAC,OutputProcessor::SOVStoreType::Average,thisZoneName
SystemReports.cc,"""Zone Mechanical Ventilation Standard Density Volume""",OutputProcessor::Unit::m3,thisZoneVentRepVars.OAVolStdRho,OutputProcessor::SOVTimeStepType::HVAC,OutputProcessor::SOVStoreType::Summed,thisZoneName
SystemReports.cc,"""Zone Mechanical Ventilation Current Density Volume Flow Rate""",OutputProcessor::Unit::m3_s,thisZoneVentRepVars.OAVolFlowCrntRho,OutputProcessor::SOVTimeStepType::HVAC,OutputProcessor::SOVStoreType::Average,thisZoneName
SystemReports.cc,"""Zone Mechanical Ventilation Current Density Volume""",OutputProcessor::Unit::m3,thisZoneVentRepVars.OAVolCrntRho,OutputProcessor::SOVTimeStepType::HVAC,OutputProcessor::SOVStoreType::Summed,thisZoneName
SystemReports.cc,"""Zone Mechanical Ventilation Air Changes per Hour""",OutputProcessor::Unit::ach,thisZoneVentRepVars.MechACH,OutputProcessor::SOVTimeStepType::HVAC,OutputProcessor::SOVStoreType::Average,thisZoneName
SystemReports.cc,"""Zone Target Voz Ventilation Flow Rate""",OutputProcessor::Unit::m3_s,thisZoneVentRepVars.TargetVentilationFlowVoz,OutputProcessor::SOVTimeStepType::HVAC,OutputProcessor::SOVStoreType::Average,thisZoneName
SystemReports.cc,"""Zone Ventilation Below Target Voz Time""",OutputProcessor::Unit::hr,thisZoneVentRepVars.TimeBelowVozDyn,OutputProcessor::SOVTimeStepType::HVAC,OutputProcessor::SOVStoreType::Summed,thisZoneName
SystemReports.cc,"""Zone Ventilation At Target Voz Time""",OutputProcessor::Unit::hr,thisZoneVentRepVars.TimeAtVozDyn,OutputProcessor::SOVTimeStepType::HVAC,OutputProcessor::SOVStoreType::Summed,thisZoneName
SystemReports.cc,"""Zone Ventilation Above Target Voz Time""",OutputProcessor::Unit::hr,thisZoneVentRepVars.TimeAboveVozDyn,OutputProcessor::SOVTimeStepType::HVAC,OutputProcessor::SOVStoreType::Summed,thisZoneName
SystemReports.cc,"""Zone Ventilation When Unoccupied Time""",OutputProcessor::Unit::hr,thisZoneVentRepVars.TimeVentUnocc,OutputProcessor::SOVTimeStepType::HVAC,OutputProcessor::SOVStoreType::Summed,thisZoneName
SystemReports.cc,"""Facility Any Zone Ventilation Below Target Voz Time""",OutputProcessor::Unit::hr,state.dataSysRpts->AnyZoneTimeBelowVozDyn,OutputProcessor::SOVTimeStepType::HVAC,OutputProcessor::SOVStoreType::Summed,"""Facility"""
SystemReports.cc,"""Facility All Zones Ventilation At Target Voz Time""",OutputProcessor::Unit::hr,state.dataSysRpts->AllZonesTimeAtVozDyn,OutputProcessor::SOVTimeStepType::HVAC,OutputProcessor::SOVStoreType::Summed,"""Facility"""
SystemReports.cc,"""Facility Any Zone Ventilation Above Target Voz Time""",OutputProcessor::Unit::hr,state.dataSysRpts->AnyZoneTimeAboveVozDyn,OutputProcessor::SOVTimeStepType::HVAC,OutputProcessor::SOVStoreType::Summed,"""Facility"""
SystemReports.cc,"""Facility Any Zone Ventilation When Unoccupied Time""",OutputProcessor::Unit::hr,state.dataSysRpts->AnyZoneTimeVentUnocc,OutputProcessor::SOVTimeStepType::HVAC,OutputProcessor::SOVStoreType::Summed,"""Facility"""
NodeInputManager.cc,"""System Node Temperature""",OutputProcessor::Unit::C,state.dataLoopNodes->Node(NumNode).Temp,OutputProcessor::SOVTimeStepType::System,OutputProcessor::SOVStoreType::Average,NodeID(NumNode)
NodeInputManager.cc,"""System Node Mass Flow Rate""",OutputProcessor::Unit::kg_s,Node(NumNode).MassFlowRate,OutputProcessor::SOVTimeStepType::System,OutputProcessor::SOVStoreType::Average,NodeID(NumNode)
NodeInputManager.cc,"""System Node Humidity Ratio""",OutputProcessor::Unit::kgWater_kgDryAir,Node(NumNode).HumRat,OutputProcessor::SOVTimeStepType::System,OutputProcessor::SOVStoreType::Average,NodeID(NumNode)
NodeInputManager.cc,"""System Node Setpoint Temperature""",OutputProcessor::Unit::C,Node(NumNode).TempSetPoint,OutputProcessor::SOVTimeStepType::System,OutputProcessor::SOVStoreType::Average,NodeID(NumNode)
NodeInputManager.cc,"""System Node Setpoint High Temperature""",OutputProcessor::Unit::C,Node(NumNode).TempSetPointHi,OutputProcessor::SOVTimeStepType::System,OutputProcessor::SOVStoreType::Average,NodeID(NumNode)
NodeInputManager.cc,"""System Node Setpoint Low Temperature""",OutputProcessor::Unit::C,Node(NumNode).TempSetPointLo,OutputProcessor::SOVTimeStepType::System,OutputProcessor::SOVStoreType::Average,NodeID(NumNode)
NodeInputManager.cc,"""System Node Setpoint Humidity Ratio""",OutputProcessor::Unit::kgWater_kgDryAir,Node(NumNode).HumRatSetPoint,OutputProcessor::SOVTimeStepType::System,OutputProcessor::SOVStoreType::Average,NodeID(NumNode)
NodeInputManager.cc,"""System Node Setpoint Minimum Humidity Ratio""",OutputProcessor::Unit::kgWater_kgDryAir,Node(NumNode).HumRatMin,OutputProcessor::SOVTimeStepType::System,OutputProcessor::SOVStoreType::Average,NodeID(NumNode)
NodeInputManager.cc,"""System Node Setpoint Maximum Humidity Ratio""",OutputProcessor::Unit::kgWater_kgDryAir,Node(NumNode).HumRatMax,OutputProcessor::SOVTimeStepType::System,OutputProcessor::SOVStoreType::Average,NodeID(NumNode)
NodeInputManager.cc,"""System Node Relative Humidity""",OutputProcessor::Unit::Perc,state.dataLoopNodes->MoreNodeInfo(NumNode).RelHumidity,OutputProcessor::SOVTimeStepType::System,OutputProcessor::SOVStoreType::Average,NodeID(NumNode)
NodeInputManager.cc,"""System Node Pressure""",OutputProcessor::Unit::Pa,Node(NumNode).Press,OutputProcessor::SOVTimeStepType::System,OutputProcessor::SOVStoreType::Average,NodeID(NumNode)
NodeInputManager.cc,"""System Node Standard Density Volume Flow Rate""",OutputProcessor::Unit::m3_s,state.dataLoopNodes->MoreNodeInfo(NumNode).VolFlowRateStdRho,OutputProcessor::SOVTimeStepType::System,OutputProcessor::SOVStoreType::Average,NodeID(NumNode)
NodeInputManager.cc,"""System Node Current Density Volume Flow Rate""",OutputProcessor::Unit::m3_s,state.dataLoopNodes->MoreNodeInfo(NumNode).VolFlowRateCrntRho,OutputProcessor::SOVTimeStepType::System,OutputProcessor::SOVStoreType::Average,NodeID(NumNode)
NodeInputManager.cc,"""System Node Current Density""",OutputProcessor::Unit::kg_m3,state.dataLoopNodes->MoreNodeInfo(NumNode).Density,OutputProcessor::SOVTimeStepType::System,OutputProcessor::SOVStoreType::Average,NodeID(NumNode)
NodeInputManager.cc,"""System Node Specific Heat""",OutputProcessor::Unit::J_kgK,state.dataLoopNodes->MoreNodeInfo(NumNode).SpecificHeat,OutputProcessor::SOVTimeStepType::System,OutputProcessor::SOVStoreType::Average,NodeID(NumNode)
NodeInputManager.cc,"""System Node Enthalpy""",OutputProcessor::Unit::J_kg,state.dataLoopNodes->MoreNodeInfo(NumNode).ReportEnthalpy,OutputProcessor::SOVTimeStepType::System,OutputProcessor::SOVStoreType::Average,NodeID(NumNode)
NodeInputManager.cc,"""System Node Wetbulb Temperature""",OutputProcessor::Unit::C,state.dataLoopNodes->MoreNodeInfo(NumNode).WetBulbTemp,OutputProcessor::SOVTimeStepType::System,OutputProcessor::SOVStoreType::Average,NodeID(NumNode)
NodeInputManager.cc,"""System Node Dewpoint Temperature""",OutputProcessor::Unit::C,state.dataLoopNodes->MoreNodeInfo(NumNode).AirDewPointTemp,OutputProcessor::SOVTimeStepType::System,OutputProcessor::SOVStoreType::Average,NodeID(NumNode)
NodeInputManager.cc,"""System Node Wind Speed""",OutputProcessor::Unit::m_s,Node(NumNode).OutAirWindSpeed,OutputProcessor::SOVTimeStepType::System,OutputProcessor::SOVStoreType::Average,NodeID(NumNode)
NodeInputManager.cc,"""System Node Wind Direction""",OutputProcessor::Unit::deg,Node(NumNode).OutAirWindDir,OutputProcessor::SOVTimeStepType::System,OutputProcessor::SOVStoreType::Average,NodeID(NumNode)
NodeInputManager.cc,"""System Node Quality""",OutputProcessor::Unit::None,Node(NumNode).Quality,OutputProcessor::SOVTimeStepType::System,OutputProcessor::SOVStoreType::Average,NodeID(NumNode)
NodeInputManager.cc,"""System Node Height""",OutputProcessor::Unit::m,Node(NumNode).Height,OutputProcessor::SOVTimeStepType::System,OutputProcessor::SOVStoreType::Average,NodeID(NumNode)
NodeInputManager.cc,"""System Node Minimum Temperature""",OutputProcessor::Unit::C,Node(NumNode).TempMin,OutputProcessor::SOVTimeStepType::System,OutputProcessor::SOVStoreType::Average,NodeID(NumNode)
NodeInputManager.cc,"""System Node Maximum Temperature""",OutputProcessor::Unit::C,Node(NumNode).TempMax,OutputProcessor::SOVTimeStepType::System,OutputProcessor::SOVStoreType::Average,NodeID(NumNode)
NodeInputManager.cc,"""System Node Minimum Limit Mass Flow Rate""",OutputProcessor::Unit::kg_s,Node(NumNode).MassFlowRateMin,OutputProcessor::SOVTimeStepType::System,OutputProcessor::SOVStoreType::Average,NodeID(NumNode)
NodeInputManager.cc,"""System Node Maximum Limit Mass Flow Rate""",OutputProcessor::Unit::kg_s,Node(NumNode).MassFlowRateMax,OutputProcessor::SOVTimeStepType::System,OutputProcessor::SOVStoreType::Average,NodeID(NumNode)
NodeInputManager.cc,"""System Node Minimum Available Mass Flow Rate""",OutputProcessor::Unit::kg_s,Node(NumNode).MassFlowRateMinAvail,OutputProcessor::SOVTimeStepType::System,OutputProcessor::SOVStoreType::Average,NodeID(NumNode)
NodeInputManager.cc,"""System Node Maximum Available Mass Flow Rate""",OutputProcessor::Unit::kg_s,Node(NumNode).MassFlowRateMaxAvail,OutputProcessor::SOVTimeStepType::System,OutputProcessor::SOVStoreType::Average,NodeID(NumNode)
NodeInputManager.cc,"""System Node Setpoint Mass Flow Rate""",OutputProcessor::Unit::kg_s,Node(NumNode).MassFlowRateSetPoint,OutputProcessor::SOVTimeStepType::System,OutputProcessor::SOVStoreType::Average,NodeID(NumNode)
NodeInputManager.cc,"""System Node Requested Mass Flow Rate""",OutputProcessor::Unit::kg_s,Node(NumNode).MassFlowRateRequest,OutputProcessor::SOVTimeStepType::System,OutputProcessor::SOVStoreType::Average,NodeID(NumNode)
NodeInputManager.cc,"""System Node Last Timestep Temperature""",OutputProcessor::Unit::C,Node(NumNode).TempLastTimestep,OutputProcessor::SOVTimeStepType::System,OutputProcessor::SOVStoreType::Average,NodeID(NumNode)
NodeInputManager.cc,"""System Node Last Timestep Enthalpy""",OutputProcessor::Unit::J_kg,Node(NumNode).EnthalpyLastTimestep,OutputProcessor::SOVTimeStepType::System,OutputProcessor::SOVStoreType::Average,NodeID(NumNode)
NodeInputManager.cc,"""System Node CO2 Concentration""",OutputProcessor::Unit::ppm,Node(NumNode).CO2,OutputProcessor::SOVTimeStepType::System,OutputProcessor::SOVStoreType::Average,NodeID(NumNode)
NodeInputManager.cc,"""System Node Generic Air Contaminant Concentration""",OutputProcessor::Unit::ppm,Node(NumNode).GenContam,OutputProcessor::SOVTimeStepType::System,OutputProcessor::SOVStoreType::Average,NodeID(NumNode)
Pumps.cc,"""Pump Electricity Energy""",OutputProcessor::Unit::J,thisPump.Energy,OutputProcessor::SOVTimeStepType::System,OutputProcessor::SOVStoreType::Summed,thisPump.Name
Pumps.cc,"""Pump Electricity Rate""",OutputProcessor::Unit::W,thisPump.Power,OutputProcessor::SOVTimeStepType::System,OutputProcessor::SOVStoreType::Average,thisPump.Name
Pumps.cc,"""Pump Shaft Power""",OutputProcessor::Unit::W,thisPumpRep.ShaftPower,OutputProcessor::SOVTimeStepType::System,OutputProcessor::SOVStoreType::Average,thisPump.Name
Pumps.cc,"""Pump Fluid Heat Gain Rate""",OutputProcessor::Unit::W,thisPumpRep.PumpHeattoFluid,OutputProcessor::SOVTimeStepType::System,OutputProcessor::SOVStoreType::Average,thisPump.Name
Pumps.cc,"""Pump Fluid Heat Gain Energy""",OutputProcessor::Unit::J,thisPumpRep.PumpHeattoFluidEnergy,OutputProcessor::SOVTimeStepType::System,OutputProcessor::SOVStoreType::Summed,thisPump.Name
Pumps.cc,"""Pump Outlet Temperature""",OutputProcessor::Unit::C,thisPumpRep.OutletTemp,OutputProcessor::SOVTimeStepType::System,OutputProcessor::SOVStoreType::Average,thisPump.Name
Pumps.cc,"""Pump Mass Flow Rate""",OutputProcessor::Unit::kg_s,thisPumpRep.PumpMassFlowRate,OutputProcessor::SOVTimeStepType::System,OutputProcessor::SOVStoreType::Average,thisPump.Name
Pumps.cc,"""Pump Electricity Energy""",OutputProcessor::Unit::J,thisPump.Energy,OutputProcessor::SOVTimeStepType::System,OutputProcessor::SOVStoreType::Summed,thisPump.Name
Pumps.cc,"""Pump Electricity Rate""",OutputProcessor::Unit::W,thisPump.Power,OutputProcessor::SOVTimeStepType::System,OutputProcessor::SOVStoreType::Average,thisPump.Name
Pumps.cc,"""Pump Shaft Power""",OutputProcessor::Unit::W,thisPumpRep.ShaftPower,OutputProcessor::SOVTimeStepType::System,OutputProcessor::SOVStoreType::Average,thisPump.Name
Pumps.cc,"""Pump Fluid Heat Gain Rate""",OutputProcessor::Unit::W,thisPumpRep.PumpHeattoFluid,OutputProcessor::SOVTimeStepType::System,OutputProcessor::SOVStoreType::Average,thisPump.Name
Pumps.cc,"""Pump Fluid Heat Gain Energy""",OutputProcessor::Unit::J,thisPumpRep.PumpHeattoFluidEnergy,OutputProcessor::SOVTimeStepType::System,OutputProcessor::SOVStoreType::Summed,thisPump.Name
Pumps.cc,"""Pump Outlet Temperature""",OutputProcessor::Unit::C,thisPumpRep.OutletTemp,OutputProcessor::SOVTimeStepType::System,OutputProcessor::SOVStoreType::Average,thisPump.Name
Pumps.cc,"""Pump Mass Flow Rate""",OutputProcessor::Unit::kg_s,thisPumpRep.PumpMassFlowRate,OutputProcessor::SOVTimeStepType::System,OutputProcessor::SOVStoreType::Average,thisPump.Name
Pumps.cc,"""Pump Operating Pumps Count""",OutputProcessor::Unit::None,thisPumpRep.NumPumpsOperating,OutputProcessor::SOVTimeStepType::System,OutputProcessor::SOVStoreType::Average,thisPump.Name
Pumps.cc,"""Pump Zone Total Heating Rate""",OutputProcessor::Unit::W,thisPumpRep.ZoneTotalGainRate,OutputProcessor::SOVTimeStepType::System,OutputProcessor::SOVStoreType::Average,thisPump.Name
Pumps.cc,"""Pump Zone Total Heating Energy""",OutputProcessor::Unit::J,thisPumpRep.ZoneTotalGainEnergy,OutputProcessor::SOVTimeStepType::System,OutputProcessor::SOVStoreType::Summed,thisPump.Name
Pumps.cc,"""Pump Zone Convective Heating Rate""",OutputProcessor::Unit::W,thisPumpRep.ZoneConvGainRate,OutputProcessor::SOVTimeStepType::System,OutputProcessor::SOVStoreType::Average,thisPump.Name
Pumps.cc,"""Pump Zone Radiative Heating Rate""",OutputProcessor::Unit::W,thisPumpRep.ZoneRadGainRate,OutputProcessor::SOVTimeStepType::System,OutputProcessor::SOVStoreType::Average,thisPump.Name
ScheduleManager.cc,"""Schedule Value""",OutputProcessor::Unit::None,state.dataScheduleMgr->Schedule(ScheduleIndex).CurrentValue,OutputProcessor::SOVTimeStepType::Zone,OutputProcessor::SOVStoreType::Average,state.dataScheduleMgr->Schedule(ScheduleIndex).Name
HybridModel.cc,"""Zone Infiltration Hybrid Model Air Change Rate""",OutputProcessor::Unit::ach,state.dataHeatBal->Zone(ZonePtr).InfilOAAirChangeRateHM,OutputProcessor::SOVTimeStepType::Zone,OutputProcessor::SOVStoreType::Average,state.dataHeatBal->Zone(ZonePtr).Name
HybridModel.cc,"""Zone Infiltration Hybrid Model Mass Flow Rate""",OutputProcessor::Unit::kg_s,state.dataHeatBal->Zone(ZonePtr).MCPIHM,OutputProcessor::SOVTimeStepType::Zone,OutputProcessor::SOVStoreType::Average,state.dataHeatBal->Zone(ZonePtr).Name
HybridModel.cc,"""Zone Hybrid Model People Count""",OutputProcessor::Unit::None,state.dataHeatBal->Zone(ZonePtr).NumOccHM,OutputProcessor::SOVTimeStepType::Zone,OutputProcessor::SOVStoreType::Average,state.dataHeatBal->Zone(ZonePtr).Name
RuntimeLanguageProcessor.cc,cAlphaArgs(1),curUnit,state.dataRuntimeLangProcessor->RuntimeReportVar(RuntimeReportVarNum).Value,FreqString,VarTypeString,"""EMS"""
RuntimeLanguageProcessor.cc,cAlphaArgs(1),OutputProcessor::Unit::customEMS,state.dataRuntimeLangProcessor->RuntimeReportVar(RuntimeReportVarNum).Value,FreqString,VarTypeString,"""EMS"""
RuntimeLanguageProcessor.cc,cAlphaArgs(1),curUnit,state.dataRuntimeLangProcessor->RuntimeReportVar(RuntimeReportVarNum).Value,FreqString,VarTypeString,"""EMS"""
RuntimeLanguageProcessor.cc,cAlphaArgs(1),curUnit,state.dataRuntimeLangProcessor->RuntimeReportVar(RuntimeReportVarNum).Value,FreqString,VarTypeString,"""EMS"""
Humidifiers.cc,"""Humidifier Water Volume Flow Rate""",OutputProcessor::Unit::m3_s,Humidifier(HumNum).WaterConsRate,OutputProcessor::SOVTimeStepType::System,OutputProcessor::SOVStoreType::Average,Humidifier(HumNum).Name
Humidifiers.cc,"""Humidifier Water Volume""",OutputProcessor::Unit::m3,Humidifier(HumNum).WaterCons,OutputProcessor::SOVTimeStepType::System,OutputProcessor::SOVStoreType::Summed,Humidifier(HumNum).Name
Humidifiers.cc,"""Humidifier Storage Tank Water Volume Flow Rate""",OutputProcessor::Unit::m3_s,Humidifier(HumNum).TankSupplyVdot,OutputProcessor::SOVTimeStepType::System,OutputProcessor::SOVStoreType::Average,Humidifier(HumNum).Name
Humidifiers.cc,"""Humidifier Storage Tank Water Volume""",OutputProcessor::Unit::m3,Humidifier(HumNum).TankSupplyVol,OutputProcessor::SOVTimeStepType::System,OutputProcessor::SOVStoreType::Summed,Humidifier(HumNum).Name
Humidifiers.cc,"""Humidifier Starved Storage Tank Water Volume Flow Rate""",OutputProcessor::Unit::m3_s,Humidifier(HumNum).StarvedSupplyVdot,OutputProcessor::SOVTimeStepType::System,OutputProcessor::SOVStoreType::Average,Humidifier(HumNum).Name
Humidifiers.cc,"""Humidifier Starved Storage Tank Water Volume""",OutputProcessor::Unit::m3,Humidifier(HumNum).StarvedSupplyVol,OutputProcessor::SOVTimeStepType::System,OutputProcessor::SOVStoreType::Summed,Humidifier(HumNum).Name
Humidifiers.cc,"""Humidifier Mains Water Volume""",OutputProcessor::Unit::m3,Humidifier(HumNum).StarvedSupplyVol,OutputProcessor::SOVTimeStepType::System,OutputProcessor::SOVStoreType::Summed,Humidifier(HumNum).Name
Humidifiers.cc,"""Humidifier Water Volume Flow Rate""",OutputProcessor::Unit::m3_s,Humidifier(HumNum).WaterConsRate,OutputProcessor::SOVTimeStepType::System,OutputProcessor::SOVStoreType::Average,Humidifier(HumNum).Name
Humidifiers.cc,"""Humidifier Water Volume""",OutputProcessor::Unit::m3,Humidifier(HumNum).WaterCons,OutputProcessor::SOVTimeStepType::System,OutputProcessor::SOVStoreType::Summed,Humidifier(HumNum).Name
Humidifiers.cc,"""Humidifier Mains Water Volume""",OutputProcessor::Unit::m3,Humidifier(HumNum).WaterCons,OutputProcessor::SOVTimeStepType::System,OutputProcessor::SOVStoreType::Summed,Humidifier(HumNum).Name
Humidifiers.cc,"""Humidifier Electricity Rate""",OutputProcessor::Unit::W,Humidifier(HumNum).ElecUseRate,OutputProcessor::SOVTimeStepType::System,OutputProcessor::SOVStoreType::Average,Humidifier(HumNum).Name
Humidifiers.cc,"""Humidifier Electricity Energy""",OutputProcessor::Unit::J,Humidifier(HumNum).ElecUseEnergy,OutputProcessor::SOVTimeStepType::System,OutputProcessor::SOVStoreType::Summed,Humidifier(HumNum).Name
Humidifiers.cc,"""Humidifier NaturalGas Use Thermal Efficiency""",OutputProcessor::Unit::None,Humidifier(HumNum).ThermalEff,OutputProcessor::SOVTimeStepType::System,OutputProcessor::SOVStoreType::Average,Humidifier(HumNum).Name
Humidifiers.cc,"""Humidifier NaturalGas Rate""",OutputProcessor::Unit::W,Humidifier(HumNum).GasUseRate,OutputProcessor::SOVTimeStepType::System,OutputProcessor::SOVStoreType::Average,Humidifier(HumNum).Name
Humidifiers.cc,"""Humidifier NaturalGas Energy""",OutputProcessor::Unit::J,Humidifier(HumNum).GasUseEnergy,OutputProcessor::SOVTimeStepType::System,OutputProcessor::SOVStoreType::Summed,Humidifier(HumNum).Name
Humidifiers.cc,"""Humidifier Auxiliary Electricity Rate""",OutputProcessor::Unit::W,Humidifier(HumNum).AuxElecUseRate,OutputProcessor::SOVTimeStepType::System,OutputProcessor::SOVStoreType::Average,Humidifier(HumNum).Name
Humidifiers.cc,"""Humidifier Auxiliary Electricity Energy""",OutputProcessor::Unit::J,Humidifier(HumNum).AuxElecUseEnergy,OutputProcessor::SOVTimeStepType::System,OutputProcessor::SOVStoreType::Summed,Humidifier(HumNum).Name
WaterThermalTanks.cc,"""Chilled Water Thermal Storage Tank Temperature""",OutputProcessor::Unit::C,this->TankTempAvg,OutputProcessor::SOVTimeStepType::System,OutputProcessor::SOVStoreType::Average,this->Name
WaterThermalTanks.cc,"""Chilled Water Thermal Storage Final Tank Temperature""",OutputProcessor::Unit::C,this->TankTemp,OutputProcessor::SOVTimeStepType::System,OutputProcessor::SOVStoreType::Average,this->Name
WaterThermalTanks.cc,"""Chilled Water Thermal Storage Tank Heat Gain Rate""",OutputProcessor::Unit::W,this->LossRate,OutputProcessor::SOVTimeStepType::System,OutputProcessor::SOVStoreType::Average,this->Name
WaterThermalTanks.cc,"""Chilled Water Thermal Storage Tank Heat Gain Energy""",OutputProcessor::Unit::J,this->LossEnergy,OutputProcessor::SOVTimeStepType::System,OutputProcessor::SOVStoreType::Summed,this->Name
WaterThermalTanks.cc,"""Chilled Water Thermal Storage Use Side Mass Flow Rate""",OutputProcessor::Unit::kg_s,this->UseMassFlowRate,OutputProcessor::SOVTimeStepType::System,OutputProcessor::SOVStoreType::Average,this->Name
WaterThermalTanks.cc,"""Chilled Water Thermal Storage Use Side Inlet Temperature""",OutputProcessor::Unit::C,this->UseInletTemp,OutputProcessor::SOVTimeStepType::System,OutputProcessor::SOVStoreType::Average,this->Name
WaterThermalTanks.cc,"""Chilled Water Thermal Storage Use Side Outlet Temperature""",OutputProcessor::Unit::C,this->UseOutletTemp,OutputProcessor::SOVTimeStepType::System,OutputProcessor::SOVStoreType::Average,this->Name
WaterThermalTanks.cc,"""Chilled Water Thermal Storage Use Side Heat Transfer Rate""",OutputProcessor::Unit::W,this->UseRate,OutputProcessor::SOVTimeStepType::System,OutputProcessor::SOVStoreType::Average,this->Name
WaterThermalTanks.cc,"""Chilled Water Thermal Storage Use Side Heat Transfer Energy""",OutputProcessor::Unit::J,this->UseEnergy,OutputProcessor::SOVTimeStepType::System,OutputProcessor::SOVStoreType::Summed,this->Name
WaterThermalTanks.cc,"""Chilled Water Thermal Storage Source Side Mass Flow Rate""",OutputProcessor::Unit::kg_s,this->SourceMassFlowRate,OutputProcessor::SOVTimeStepType::System,OutputProcessor::SOVStoreType::Average,this->Name
WaterThermalTanks.cc,"""Chilled Water Thermal Storage Source Side Inlet Temperature""",OutputProcessor::Unit::C,this->SourceInletTemp,OutputProcessor::SOVTimeStepType::System,OutputProcessor::SOVStoreType::Average,this->Name
WaterThermalTanks.cc,"""Chilled Water Thermal Storage Source Side Outlet Temperature""",OutputProcessor::Unit::C,this->SourceOutletTemp,OutputProcessor::SOVTimeStepType::System,OutputProcessor::SOVStoreType::Average,this->Name
WaterThermalTanks.cc,"""Chilled Water Thermal Storage Source Side Heat Transfer Rate""",OutputProcessor::Unit::W,this->SourceRate,OutputProcessor::SOVTimeStepType::System,OutputProcessor::SOVStoreType::Average,this->Name
WaterThermalTanks.cc,"""Chilled Water Thermal Storage Source Side Heat Transfer Energy""",OutputProcessor::Unit::J,this->SourceEnergy,OutputProcessor::SOVTimeStepType::System,OutputProcessor::SOVStoreType::Summed,this->Name
WaterThermalTanks.cc,"format(""Chilled Water Thermal Storage Temperature Node {}"", NodeNum)",OutputProcessor::Unit::C,this->Node(NodeNum).TempAvg,OutputProcessor::SOVTimeStepType::System,OutputProcessor::SOVStoreType::Average,this->Name
WaterThermalTanks.cc,"format(""Chilled Water Thermal Storage Final Temperature Node {}"", NodeNum)",OutputProcessor::Unit::C,this->Node(NodeNum).Temp,OutputProcessor::SOVTimeStepType::System,OutputProcessor::SOVStoreType::Average,this->Name
WaterThermalTanks.cc,"""Water Heater Tank Temperature""",OutputProcessor::Unit::C,this->TankTempAvg,OutputProcessor::SOVTimeStepType::System,OutputProcessor::SOVStoreType::Average,this->Name
WaterThermalTanks.cc,"""Water Heater Final Tank Temperature""",OutputProcessor::Unit::C,this->TankTemp,OutputProcessor::SOVTimeStepType::System,OutputProcessor::SOVStoreType::Average,this->Name
WaterThermalTanks.cc,"""Water Heater Heat Loss Rate""",OutputProcessor::Unit::W,this->LossRate,OutputProcessor::SOVTimeStepType::System,OutputProcessor::SOVStoreType::Average,this->Name
WaterThermalTanks.cc,"""Water Heater Heat Loss Energy""",OutputProcessor::Unit::J,this->LossEnergy,OutputProcessor::SOVTimeStepType::System,OutputProcessor::SOVStoreType::Summed,this->Name
WaterThermalTanks.cc,"""Water Heater Use Side Mass Flow Rate""",OutputProcessor::Unit::kg_s,this->UseMassFlowRate,OutputProcessor::SOVTimeStepType::System,OutputProcessor::SOVStoreType::Average,this->Name
WaterThermalTanks.cc,"""Water Heater Use Side Inlet Temperature""",OutputProcessor::Unit::C,this->UseInletTemp,OutputProcessor::SOVTimeStepType::System,OutputProcessor::SOVStoreType::Average,this->Name
WaterThermalTanks.cc,"""Water Heater Use Side Outlet Temperature""",OutputProcessor::Unit::C,this->UseOutletTemp,OutputProcessor::SOVTimeStepType::System,OutputProcessor::SOVStoreType::Average,this->Name
WaterThermalTanks.cc,"""Water Heater Use Side Heat Transfer Rate""",OutputProcessor::Unit::W,this->UseRate,OutputProcessor::SOVTimeStepType::System,OutputProcessor::SOVStoreType::Average,this->Name
WaterThermalTanks.cc,"""Water Heater Use Side Heat Transfer Energy""",OutputProcessor::Unit::J,this->UseEnergy,OutputProcessor::SOVTimeStepType::System,OutputProcessor::SOVStoreType::Summed,this->Name
WaterThermalTanks.cc,"""Water Heater Source Side Mass Flow Rate""",OutputProcessor::Unit::kg_s,this->SourceMassFlowRate,OutputProcessor::SOVTimeStepType::System,OutputProcessor::SOVStoreType::Average,this->Name
WaterThermalTanks.cc,"""Water Heater Source Side Inlet Temperature""",OutputProcessor::Unit::C,this->SourceInletTemp,OutputProcessor::SOVTimeStepType::System,OutputProcessor::SOVStoreType::Average,this->Name
WaterThermalTanks.cc,"""Water Heater Source Side Outlet Temperature""",OutputProcessor::Unit::C,this->SourceOutletTemp,OutputProcessor::SOVTimeStepType::System,OutputProcessor::SOVStoreType::Average,this->Name
WaterThermalTanks.cc,"""Water Heater Source Side Heat Transfer Rate""",OutputProcessor::Unit::W,this->SourceRate,OutputProcessor::SOVTimeStepType::System,OutputProcessor::SOVStoreType::Average,this->Name
WaterThermalTanks.cc,"""Water Heater Source Side Heat Transfer Energy""",OutputProcessor::Unit::J,this->SourceEnergy,OutputProcessor::SOVTimeStepType::System,OutputProcessor::SOVStoreType::Summed,this->Name
WaterThermalTanks.cc,"""Water Heater Off Cycle Parasitic Tank Heat Transfer Rate""",OutputProcessor::Unit::W,this->OffCycParaRateToTank,OutputProcessor::SOVTimeStepType::System,OutputProcessor::SOVStoreType::Average,this->Name
WaterThermalTanks.cc,"""Water Heater Off Cycle Parasitic Tank Heat Transfer Energy""",OutputProcessor::Unit::J,this->OffCycParaEnergyToTank,OutputProcessor::SOVTimeStepType::System,OutputProcessor::SOVStoreType::Summed,this->Name
WaterThermalTanks.cc,"""Water Heater On Cycle Parasitic Tank Heat Transfer Rate""",OutputProcessor::Unit::W,this->OnCycParaRateToTank,OutputProcessor::SOVTimeStepType::System,OutputProcessor::SOVStoreType::Average,this->Name
WaterThermalTanks.cc,"""Water Heater On Cycle Parasitic Tank Heat Transfer Energy""",OutputProcessor::Unit::J,this->OnCycParaEnergyToTank,OutputProcessor::SOVTimeStepType::System,OutputProcessor::SOVStoreType::Summed,this->Name
WaterThermalTanks.cc,"""Water Heater Total Demand Heat Transfer Rate""",OutputProcessor::Unit::W,this->TotalDemandRate,OutputProcessor::SOVTimeStepType::System,OutputProcessor::SOVStoreType::Average,this->Name
WaterThermalTanks.cc,"""Water Heater Total Demand Heat Transfer Energy""",OutputProcessor::Unit::J,this->TotalDemandEnergy,OutputProcessor::SOVTimeStepType::System,OutputProcessor::SOVStoreType::Summed,this->Name
WaterThermalTanks.cc,"""Water Heater Heating Rate""",OutputProcessor::Unit::W,this->HeaterRate,OutputProcessor::SOVTimeStepType::System,OutputProcessor::SOVStoreType::Average,this->Name
WaterThermalTanks.cc,"""Water Heater Heating Energy""",OutputProcessor::Unit::J,this->HeaterEnergy,OutputProcessor::SOVTimeStepType::System,OutputProcessor::SOVStoreType::Summed,this->Name
WaterThermalTanks.cc,"""Water Heater Unmet Demand Heat Transfer Rate""",OutputProcessor::Unit::W,this->UnmetRate,OutputProcessor::SOVTimeStepType::System,OutputProcessor::SOVStoreType::Average,this->Name
WaterThermalTanks.cc,"""Water Heater Unmet Demand Heat Transfer Energy""",OutputProcessor::Unit::J,this->UnmetEnergy,OutputProcessor::SOVTimeStepType::System,OutputProcessor::SOVStoreType::Summed,this->Name
WaterThermalTanks.cc,"""Water Heater Venting Heat Transfer Rate""",OutputProcessor::Unit::W,this->VentRate,OutputProcessor::SOVTimeStepType::System,OutputProcessor::SOVStoreType::Average,this->Name
WaterThermalTanks.cc,"""Water Heater Venting Heat Transfer Energy""",OutputProcessor::Unit::J,this->VentEnergy,OutputProcessor::SOVTimeStepType::System,OutputProcessor::SOVStoreType::Summed,this->Name
WaterThermalTanks.cc,"""Water Heater Net Heat Transfer Rate""",OutputProcessor::Unit::W,this->NetHeatTransferRate,OutputProcessor::SOVTimeStepType::System,OutputProcessor::SOVStoreType::Average,this->Name
WaterThermalTanks.cc,"""Water Heater Net Heat Transfer Energy""",OutputProcessor::Unit::J,this->NetHeatTransferEnergy,OutputProcessor::SOVTimeStepType::System,OutputProcessor::SOVStoreType::Summed,this->Name
WaterThermalTanks.cc,"""Water Heater Cycle On Count""",OutputProcessor::Unit::None,this->CycleOnCount,OutputProcessor::SOVTimeStepType::System,OutputProcessor::SOVStoreType::Summed,this->Name
WaterThermalTanks.cc,"""Water Heater Runtime Fraction""",OutputProcessor::Unit::None,this->RuntimeFraction,OutputProcessor::SOVTimeStepType::System,OutputProcessor::SOVStoreType::Average,this->Name
WaterThermalTanks.cc,"""Water Heater Part Load Ratio""",OutputProcessor::Unit::None,this->PartLoadRatio,OutputProcessor::SOVTimeStepType::System,OutputProcessor::SOVStoreType::Average,this->Name
WaterThermalTanks.cc,"format(""Water Heater {} Rate"", Constant::eFuelNames[static_cast<int>(this->FuelType)])",OutputProcessor::Unit::W,this->FuelRate,OutputProcessor::SOVTimeStepType::System,OutputProcessor::SOVStoreType::Average,this->Name
WaterThermalTanks.cc,"format(""Water Heater {} Energy"", Constant::eFuelNames[static_cast<int>(this->FuelType)])",OutputProcessor::Unit::J,this->FuelEnergy,OutputProcessor::SOVTimeStepType::System,OutputProcessor::SOVStoreType::Summed,this->Name
WaterThermalTanks.cc,"format(""Water Heater Off Cycle Parasitic {} Rate"", Constant::eFuelNames[static_cast<int>(this->OffCycParaFuelType)])",OutputProcessor::Unit::W,this->OffCycParaFuelRate,OutputProcessor::SOVTimeStepType::System,OutputProcessor::SOVStoreType::Average,this->Name
WaterThermalTanks.cc,"format(""Water Heater Off Cycle Parasitic {} Energy"", Constant::eFuelNames[static_cast<int>(this->OffCycParaFuelType)])",OutputProcessor::Unit::J,this->OffCycParaFuelEnergy,OutputProcessor::SOVTimeStepType::System,OutputProcessor::SOVStoreType::Summed,this->Name
WaterThermalTanks.cc,"format(""Water Heater On Cycle Parasitic {} Rate"", Constant::eFuelNames[static_cast<int>(this->OnCycParaFuelType)])",OutputProcessor::Unit::W,this->OnCycParaFuelRate,OutputProcessor::SOVTimeStepType::System,OutputProcessor::SOVStoreType::Average,this->Name
WaterThermalTanks.cc,"format(""Water Heater On Cycle Parasitic {} Energy"", Constant::eFuelNames[static_cast<int>(this->OnCycParaFuelType)])",OutputProcessor::Unit::J,this->OnCycParaFuelEnergy,OutputProcessor::SOVTimeStepType::System,OutputProcessor::SOVStoreType::Summed,this->Name
WaterThermalTanks.cc,"""Water Heater Water Volume Flow Rate""",OutputProcessor::Unit::m3_s,this->VolFlowRate,OutputProcessor::SOVTimeStepType::System,OutputProcessor::SOVStoreType::Average,this->Name
WaterThermalTanks.cc,"""Water Heater Water Volume""",OutputProcessor::Unit::m3,this->VolumeConsumed,OutputProcessor::SOVTimeStepType::System,OutputProcessor::SOVStoreType::Summed,this->Name
WaterThermalTanks.cc,"""Water Heater Mains Water Volume""",OutputProcessor::Unit::m3,this->VolumeConsumed,OutputProcessor::SOVTimeStepType::System,OutputProcessor::SOVStoreType::Summed,this->Name
WaterThermalTanks.cc,"""Water Heater Compressor Part Load Ratio""",OutputProcessor::Unit::None,HPWH.HeatingPLR,OutputProcessor::SOVTimeStepType::System,OutputProcessor::SOVStoreType::Average,HPWH.Name
WaterThermalTanks.cc,"""Water Heater Off Cycle Ancillary Electricity Rate""",OutputProcessor::Unit::W,HPWH.OffCycParaFuelRate,OutputProcessor::SOVTimeStepType::System,OutputProcessor::SOVStoreType::Average,HPWH.Name
WaterThermalTanks.cc,"""Water Heater Off Cycle Ancillary Electricity Energy""",OutputProcessor::Unit::J,HPWH.OffCycParaFuelEnergy,OutputProcessor::SOVTimeStepType::System,OutputProcessor::SOVStoreType::Summed,HPWH.Name
WaterThermalTanks.cc,"""Water Heater On Cycle Ancillary Electricity Rate""",OutputProcessor::Unit::W,HPWH.OnCycParaFuelRate,OutputProcessor::SOVTimeStepType::System,OutputProcessor::SOVStoreType::Average,HPWH.Name
WaterThermalTanks.cc,"""Water Heater On Cycle Ancillary Electricity Energy""",OutputProcessor::Unit::J,HPWH.OnCycParaFuelEnergy,OutputProcessor::SOVTimeStepType::System,OutputProcessor::SOVStoreType::Summed,HPWH.Name
WaterThermalTanks.cc,"""Water Heater Heat Pump Control Tank Temperature""",OutputProcessor::Unit::C,HPWH.ControlTempAvg,OutputProcessor::SOVTimeStepType::System,OutputProcessor::SOVStoreType::Average,HPWH.Name
WaterThermalTanks.cc,"""Water Heater Heat Pump Control Tank Final Temperature""",OutputProcessor::Unit::C,HPWH.ControlTempFinal,OutputProcessor::SOVTimeStepType::System,OutputProcessor::SOVStoreType::Average,HPWH.Name
WaterThermalTanks.cc,"""Water Heater Part Load Ratio""",OutputProcessor::Unit::None,state.dataWaterThermalTanks->WaterHeaterDesuperheater(this->DesuperheaterNum).DesuperheaterPLR,OutputProcessor::SOVTimeStepType::System,OutputProcessor::SOVStoreType::Average,state.dataWaterThermalTanks->WaterHeaterDesuperheater(this->DesuperheaterNum).Name
WaterThermalTanks.cc,"""Water Heater On Cycle Parasitic Electricity Rate""",OutputProcessor::Unit::W,state.dataWaterThermalTanks->WaterHeaterDesuperheater(this->DesuperheaterNum).OnCycParaFuelRate,OutputProcessor::SOVTimeStepType::System,OutputProcessor::SOVStoreType::Average,state.dataWaterThermalTanks->WaterHeaterDesuperheater(this->DesuperheaterNum).Name
WaterThermalTanks.cc,"""Water Heater On Cycle Parasitic Electricity Energy""",OutputProcessor::Unit::J,state.dataWaterThermalTanks->WaterHeaterDesuperheater(this->DesuperheaterNum).OnCycParaFuelEnergy,OutputProcessor::SOVTimeStepType::System,OutputProcessor::SOVStoreType::Summed,state.dataWaterThermalTanks->WaterHeaterDesuperheater(this->DesuperheaterNum).Name
WaterThermalTanks.cc,"""Water Heater Off Cycle Parasitic Electricity Rate""",OutputProcessor::Unit::W,state.dataWaterThermalTanks->WaterHeaterDesuperheater(this->DesuperheaterNum).OffCycParaFuelRate,OutputProcessor::SOVTimeStepType::System,OutputProcessor::SOVStoreType::Average,state.dataWaterThermalTanks->WaterHeaterDesuperheater(this->DesuperheaterNum).Name
WaterThermalTanks.cc,"""Water Heater Off Cycle Parasitic Electricity Energy""",OutputProcessor::Unit::J,state.dataWaterThermalTanks->WaterHeaterDesuperheater(this->DesuperheaterNum).OffCycParaFuelEnergy,OutputProcessor::SOVTimeStepType::System,OutputProcessor::SOVStoreType::Summed,state.dataWaterThermalTanks->WaterHeaterDesuperheater(this->DesuperheaterNum).Name
WaterThermalTanks.cc,"""Water Heater Heat Reclaim Efficiency Modifier Multiplier""",OutputProcessor::Unit::None,state.dataWaterThermalTanks->WaterHeaterDesuperheater(this->DesuperheaterNum).HEffFTempOutput,OutputProcessor::SOVTimeStepType::System,OutputProcessor::SOVStoreType::Average,state.dataWaterThermalTanks->WaterHeaterDesuperheater(this->DesuperheaterNum).Name
WaterThermalTanks.cc,"""Water Heater Pump Electricity Rate""",OutputProcessor::Unit::W,state.dataWaterThermalTanks->WaterHeaterDesuperheater(this->DesuperheaterNum).PumpPower,OutputProcessor::SOVTimeStepType::System,OutputProcessor::SOVStoreType::Average,state.dataWaterThermalTanks->WaterHeaterDesuperheater(this->DesuperheaterNum).Name
WaterThermalTanks.cc,"""Water Heater Pump Electricity Energy""",OutputProcessor::Unit::J,state.dataWaterThermalTanks->WaterHeaterDesuperheater(this->DesuperheaterNum).PumpEnergy,OutputProcessor::SOVTimeStepType::System,OutputProcessor::SOVStoreType::Summed,state.dataWaterThermalTanks->WaterHeaterDesuperheater(this->DesuperheaterNum).Name
WaterThermalTanks.cc,"""Water Heater Heating Rate""",OutputProcessor::Unit::W,state.dataWaterThermalTanks->WaterHeaterDesuperheater(this->DesuperheaterNum).HeaterRate,OutputProcessor::SOVTimeStepType::System,OutputProcessor::SOVStoreType::Average,state.dataWaterThermalTanks->WaterHeaterDesuperheater(this->DesuperheaterNum).Name
WaterThermalTanks.cc,"""Water Heater Heating Energy""",OutputProcessor::Unit::J,state.dataWaterThermalTanks->WaterHeaterDesuperheater(this->DesuperheaterNum).HeaterEnergy,OutputProcessor::SOVTimeStepType::System,OutputProcessor::SOVStoreType::Summed,state.dataWaterThermalTanks->WaterHeaterDesuperheater(this->DesuperheaterNum).Name
WaterThermalTanks.cc,"""Water Heater Heater 1 Heating Rate""",OutputProcessor::Unit::W,this->HeaterRate1,OutputProcessor::SOVTimeStepType::System,OutputProcessor::SOVStoreType::Average,this->Name
WaterThermalTanks.cc,"""Water Heater Heater 2 Heating Rate""",OutputProcessor::Unit::W,this->HeaterRate2,OutputProcessor::SOVTimeStepType::System,OutputProcessor::SOVStoreType::Average,this->Name
WaterThermalTanks.cc,"""Water Heater Heater 1 Heating Energy""",OutputProcessor::Unit::J,this->HeaterEnergy1,OutputProcessor::SOVTimeStepType::System,OutputProcessor::SOVStoreType::Summed,this->Name
WaterThermalTanks.cc,"""Water Heater Heater 2 Heating Energy""",OutputProcessor::Unit::J,this->HeaterEnergy2,OutputProcessor::SOVTimeStepType::System,OutputProcessor::SOVStoreType::Summed,this->Name
WaterThermalTanks.cc,"""Water Heater Heater 1 Cycle On Count""",OutputProcessor::Unit::None,this->CycleOnCount1,OutputProcessor::SOVTimeStepType::System,OutputProcessor::SOVStoreType::Summed,this->Name
WaterThermalTanks.cc,"""Water Heater Heater 2 Cycle On Count""",OutputProcessor::Unit::None,this->CycleOnCount2,OutputProcessor::SOVTimeStepType::System,OutputProcessor::SOVStoreType::Summed,this->Name
WaterThermalTanks.cc,"""Water Heater Heater 1 Runtime Fraction""",OutputProcessor::Unit::None,this->RuntimeFraction1,OutputProcessor::SOVTimeStepType::System,OutputProcessor::SOVStoreType::Average,this->Name
WaterThermalTanks.cc,"""Water Heater Heater 2 Runtime Fraction""",OutputProcessor::Unit::None,this->RuntimeFraction2,OutputProcessor::SOVTimeStepType::System,OutputProcessor::SOVStoreType::Average,this->Name
WaterThermalTanks.cc,"format(""Water Heater Temperature Node {}"", NodeNum)",OutputProcessor::Unit::C,this->Node(NodeNum).TempAvg,OutputProcessor::SOVTimeStepType::System,OutputProcessor::SOVStoreType::Average,this->Name
WaterThermalTanks.cc,"format(""Water Heater Final Temperature Node {}"", NodeNum)",OutputProcessor::Unit::C,this->Node(NodeNum).Temp,OutputProcessor::SOVTimeStepType::System,OutputProcessor::SOVStoreType::Average,this->Name
PlantHeatExchangerFluidToFluid.cc,"""Fluid Heat Exchanger Heat Transfer Rate""",OutputProcessor::Unit::W,this->HeatTransferRate,OutputProcessor::SOVTimeStepType::System,OutputProcessor::SOVStoreType::Average,this->Name
PlantHeatExchangerFluidToFluid.cc,"""Fluid Heat Exchanger Heat Transfer Energy""",OutputProcessor::Unit::J,this->HeatTransferEnergy,OutputProcessor::SOVTimeStepType::System,OutputProcessor::SOVStoreType::Summed,this->Name
PlantHeatExchangerFluidToFluid.cc,"""Fluid Heat Exchanger Loop Supply Side Mass Flow Rate""",OutputProcessor::Unit::kg_s,this->SupplySideLoop.InletMassFlowRate,OutputProcessor::SOVTimeStepType::System,OutputProcessor::SOVStoreType::Average,this->Name
PlantHeatExchangerFluidToFluid.cc,"""Fluid Heat Exchanger Loop Supply Side Inlet Temperature""",OutputProcessor::Unit::C,this->SupplySideLoop.InletTemp,OutputProcessor::SOVTimeStepType::System,OutputProcessor::SOVStoreType::Average,this->Name
PlantHeatExchangerFluidToFluid.cc,"""Fluid Heat Exchanger Loop Supply Side Outlet Temperature""",OutputProcessor::Unit::C,this->SupplySideLoop.OutletTemp,OutputProcessor::SOVTimeStepType::System,OutputProcessor::SOVStoreType::Average,this->Name
PlantHeatExchangerFluidToFluid.cc,"""Fluid Heat Exchanger Loop Demand Side Mass Flow Rate""",OutputProcessor::Unit::kg_s,this->DemandSideLoop.InletMassFlowRate,OutputProcessor::SOVTimeStepType::System,OutputProcessor::SOVStoreType::Average,this->Name
PlantHeatExchangerFluidToFluid.cc,"""Fluid Heat Exchanger Loop Demand Side Inlet Temperature""",OutputProcessor::Unit::C,this->DemandSideLoop.InletTemp,OutputProcessor::SOVTimeStepType::System,OutputProcessor::SOVStoreType::Average,this->Name
PlantHeatExchangerFluidToFluid.cc,"""Fluid Heat Exchanger Loop Demand Side Outlet Temperature""",OutputProcessor::Unit::C,this->DemandSideLoop.OutletTemp,OutputProcessor::SOVTimeStepType::System,OutputProcessor::SOVStoreType::Average,this->Name
PlantHeatExchangerFluidToFluid.cc,"""Fluid Heat Exchanger Operation Status""",OutputProcessor::Unit::None,this->OperationStatus,OutputProcessor::SOVTimeStepType::System,OutputProcessor::SOVStoreType::Average,this->Name
PlantHeatExchangerFluidToFluid.cc,"""Fluid Heat Exchanger Effectiveness""",OutputProcessor::Unit::None,this->Effectiveness,OutputProcessor::SOVTimeStepType::System,OutputProcessor::SOVStoreType::Average,this->Name
GroundHeatExchangers.cc,"""Ground Heat Exchanger Average Borehole Temperature""",OutputProcessor::Unit::C,this->bhTemp,OutputProcessor::SOVTimeStepType::System,OutputProcessor::SOVStoreType::Average,this->name
GroundHeatExchangers.cc,"""Ground Heat Exchanger Heat Transfer Rate""",OutputProcessor::Unit::W,this->QGLHE,OutputProcessor::SOVTimeStepType::System,OutputProcessor::SOVStoreType::Average,this->name
GroundHeatExchangers.cc,"""Ground Heat Exchanger Inlet Temperature""",OutputProcessor::Unit::C,this->inletTemp,OutputProcessor::SOVTimeStepType::System,OutputProcessor::SOVStoreType::Average,this->name
GroundHeatExchangers.cc,"""Ground Heat Exchanger Outlet Temperature""",OutputProcessor::Unit::C,this->outletTemp,OutputProcessor::SOVTimeStepType::System,OutputProcessor::SOVStoreType::Average,this->name
GroundHeatExchangers.cc,"""Ground Heat Exchanger Mass Flow Rate""",OutputProcessor::Unit::kg_s,this->massFlowRate,OutputProcessor::SOVTimeStepType::System,OutputProcessor::SOVStoreType::Average,this->name
GroundHeatExchangers.cc,"""Ground Heat Exchanger Average Fluid Temperature""",OutputProcessor::Unit::C,this->aveFluidTemp,OutputProcessor::SOVTimeStepType::System,OutputProcessor::SOVStoreType::Average,this->name
GroundHeatExchangers.cc,"""Ground Heat Exchanger Farfield Ground Temperature""",OutputProcessor::Unit::C,this->tempGround,OutputProcessor::SOVTimeStepType::System,OutputProcessor::SOVStoreType::Average,this->name
VariableSpeedCoils.cc,"""Cooling Coil Electricity Energy""",OutputProcessor::Unit::J,state.dataVariableSpeedCoils->VarSpeedCoil(DXCoilNum).Energy,OutputProcessor::SOVTimeStepType::System,OutputProcessor::SOVStoreType::Summed,state.dataVariableSpeedCoils->VarSpeedCoil(DXCoilNum).Name
VariableSpeedCoils.cc,"""Cooling Coil Total Cooling Energy""",OutputProcessor::Unit::J,state.dataVariableSpeedCoils->VarSpeedCoil(DXCoilNum).EnergyLoadTotal,OutputProcessor::SOVTimeStepType::System,OutputProcessor::SOVStoreType::Summed,state.dataVariableSpeedCoils->VarSpeedCoil(DXCoilNum).Name
VariableSpeedCoils.cc,"""Cooling Coil Sensible Cooling Energy""",OutputProcessor::Unit::J,state.dataVariableSpeedCoils->VarSpeedCoil(DXCoilNum).EnergySensible,OutputProcessor::SOVTimeStepType::System,OutputProcessor::SOVStoreType::Summed,state.dataVariableSpeedCoils->VarSpeedCoil(DXCoilNum).Name
VariableSpeedCoils.cc,"""Cooling Coil Latent Cooling Energy""",OutputProcessor::Unit::J,state.dataVariableSpeedCoils->VarSpeedCoil(DXCoilNum).EnergyLatent,OutputProcessor::SOVTimeStepType::System,OutputProcessor::SOVStoreType::Summed,state.dataVariableSpeedCoils->VarSpeedCoil(DXCoilNum).Name
VariableSpeedCoils.cc,"""Cooling Coil Source Side Heat Transfer Energy""",OutputProcessor::Unit::J,state.dataVariableSpeedCoils->VarSpeedCoil(DXCoilNum).EnergySource,OutputProcessor::SOVTimeStepType::System,OutputProcessor::SOVStoreType::Summed,state.dataVariableSpeedCoils->VarSpeedCoil(DXCoilNum).Name
VariableSpeedCoils.cc,"""Cooling Coil Electricity Energy""",OutputProcessor::Unit::J,state.dataVariableSpeedCoils->VarSpeedCoil(DXCoilNum).Energy,OutputProcessor::SOVTimeStepType::System,OutputProcessor::SOVStoreType::Summed,state.dataVariableSpeedCoils->VarSpeedCoil(DXCoilNum).Name
VariableSpeedCoils.cc,"""Cooling Coil Total Cooling Energy""",OutputProcessor::Unit::J,state.dataVariableSpeedCoils->VarSpeedCoil(DXCoilNum).EnergyLoadTotal,OutputProcessor::SOVTimeStepType::System,OutputProcessor::SOVStoreType::Summed,state.dataVariableSpeedCoils->VarSpeedCoil(DXCoilNum).Name
VariableSpeedCoils.cc,"""Cooling Coil Sensible Cooling Energy""",OutputProcessor::Unit::J,state.dataVariableSpeedCoils->VarSpeedCoil(DXCoilNum).EnergySensible,OutputProcessor::SOVTimeStepType::System,OutputProcessor::SOVStoreType::Summed,state.dataVariableSpeedCoils->VarSpeedCoil(DXCoilNum).Name
VariableSpeedCoils.cc,"""Cooling Coil Latent Cooling Energy""",OutputProcessor::Unit::J,state.dataVariableSpeedCoils->VarSpeedCoil(DXCoilNum).EnergyLatent,OutputProcessor::SOVTimeStepType::System,OutputProcessor::SOVStoreType::Summed,state.dataVariableSpeedCoils->VarSpeedCoil(DXCoilNum).Name
VariableSpeedCoils.cc,"""Cooling Coil Source Side Heat Transfer Energy""",OutputProcessor::Unit::J,state.dataVariableSpeedCoils->VarSpeedCoil(DXCoilNum).EnergySource,OutputProcessor::SOVTimeStepType::System,OutputProcessor::SOVStoreType::Summed,state.dataVariableSpeedCoils->VarSpeedCoil(DXCoilNum).Name
VariableSpeedCoils.cc,"""Heating Coil Electricity Energy""",OutputProcessor::Unit::J,state.dataVariableSpeedCoils->VarSpeedCoil(DXCoilNum).Energy,OutputProcessor::SOVTimeStepType::System,OutputProcessor::SOVStoreType::Summed,state.dataVariableSpeedCoils->VarSpeedCoil(DXCoilNum).Name
VariableSpeedCoils.cc,"""Heating Coil Heating Energy""",OutputProcessor::Unit::J,state.dataVariableSpeedCoils->VarSpeedCoil(DXCoilNum).EnergyLoadTotal,OutputProcessor::SOVTimeStepType::System,OutputProcessor::SOVStoreType::Summed,state.dataVariableSpeedCoils->VarSpeedCoil(DXCoilNum).Name
VariableSpeedCoils.cc,"""Heating Coil Source Side Heat Transfer Energy""",OutputProcessor::Unit::J,state.dataVariableSpeedCoils->VarSpeedCoil(DXCoilNum).EnergySource,OutputProcessor::SOVTimeStepType::System,OutputProcessor::SOVStoreType::Summed,state.dataVariableSpeedCoils->VarSpeedCoil(DXCoilNum).Name
VariableSpeedCoils.cc,"""Heating Coil Electricity Energy""",OutputProcessor::Unit::J,state.dataVariableSpeedCoils->VarSpeedCoil(DXCoilNum).Energy,OutputProcessor::SOVTimeStepType::System,OutputProcessor::SOVStoreType::Summed,state.dataVariableSpeedCoils->VarSpeedCoil(DXCoilNum).Name
VariableSpeedCoils.cc,"""Heating Coil Heating Energy""",OutputProcessor::Unit::J,state.dataVariableSpeedCoils->VarSpeedCoil(DXCoilNum).EnergyLoadTotal,OutputProcessor::SOVTimeStepType::System,OutputProcessor::SOVStoreType::Summed,state.dataVariableSpeedCoils->VarSpeedCoil(DXCoilNum).Name
VariableSpeedCoils.cc,"""Heating Coil Source Side Heat Transfer Energy""",OutputProcessor::Unit::J,state.dataVariableSpeedCoils->VarSpeedCoil(DXCoilNum).EnergySource,OutputProcessor::SOVTimeStepType::System,OutputProcessor::SOVStoreType::Summed,state.dataVariableSpeedCoils->VarSpeedCoil(DXCoilNum).Name
VariableSpeedCoils.cc,"""Cooling Coil Electricity Energy""",OutputProcessor::Unit::J,state.dataVariableSpeedCoils->VarSpeedCoil(DXCoilNum).Energy,OutputProcessor::SOVTimeStepType::System,OutputProcessor::SOVStoreType::Summed,state.dataVariableSpeedCoils->VarSpeedCoil(DXCoilNum).Name
VariableSpeedCoils.cc,"""Cooling Coil Sensible Cooling Energy""",OutputProcessor::Unit::J,state.dataVariableSpeedCoils->VarSpeedCoil(DXCoilNum).EnergySensible,OutputProcessor::SOVTimeStepType::System,OutputProcessor::SOVStoreType::Summed,state.dataVariableSpeedCoils->VarSpeedCoil(DXCoilNum).Name
VariableSpeedCoils.cc,"""Cooling Coil Latent Cooling Energy""",OutputProcessor::Unit::J,state.dataVariableSpeedCoils->VarSpeedCoil(DXCoilNum).EnergyLatent,OutputProcessor::SOVTimeStepType::System,OutputProcessor::SOVStoreType::Summed,state.dataVariableSpeedCoils->VarSpeedCoil(DXCoilNum).Name
VariableSpeedCoils.cc,"""Cooling Coil Water Side Heat Transfer Energy""",OutputProcessor::Unit::J,state.dataVariableSpeedCoils->VarSpeedCoil(DXCoilNum).EnergySource,OutputProcessor::SOVTimeStepType::System,OutputProcessor::SOVStoreType::Summed,state.dataVariableSpeedCoils->VarSpeedCoil(DXCoilNum).Name
VariableSpeedCoils.cc,"""Cooling Coil Cooling Energy""",OutputProcessor::Unit::J,state.dataVariableSpeedCoils->VarSpeedCoil(DXCoilNum).EnergyLoadTotal,OutputProcessor::SOVTimeStepType::System,OutputProcessor::SOVStoreType::Summed,state.dataVariableSpeedCoils->VarSpeedCoil(DXCoilNum).Name
VariableSpeedCoils.cc,"""Cooling Coil Cooling Energy""",OutputProcessor::Unit::J,state.dataVariableSpeedCoils->VarSpeedCoil(DXCoilNum).EnergyLoadTotal,OutputProcessor::SOVTimeStepType::System,OutputProcessor::SOVStoreType::Summed,state.dataVariableSpeedCoils->VarSpeedCoil(DXCoilNum).Name
VariableSpeedCoils.cc,"""Cooling Coil Air Mass Flow Rate""",OutputProcessor::Unit::kg_s,state.dataVariableSpeedCoils->VarSpeedCoil(DXCoilNum).AirMassFlowRate,OutputProcessor::SOVTimeStepType::System,OutputProcessor::SOVStoreType::Average,state.dataVariableSpeedCoils->VarSpeedCoil(DXCoilNum).Name
VariableSpeedCoils.cc,"""Cooling Coil Air Inlet Temperature""",OutputProcessor::Unit::C,state.dataVariableSpeedCoils->VarSpeedCoil(DXCoilNum).InletAirDBTemp,OutputProcessor::SOVTimeStepType::System,OutputProcessor::SOVStoreType::Average,state.dataVariableSpeedCoils->VarSpeedCoil(DXCoilNum).Name
VariableSpeedCoils.cc,"""Cooling Coil Air Inlet Humidity Ratio""",OutputProcessor::Unit::kgWater_kgDryAir,state.dataVariableSpeedCoils->VarSpeedCoil(DXCoilNum).InletAirHumRat,OutputProcessor::SOVTimeStepType::System,OutputProcessor::SOVStoreType::Average,state.dataVariableSpeedCoils->VarSpeedCoil(DXCoilNum).Name
VariableSpeedCoils.cc,"""Cooling Coil Latent Cooling Rate""",OutputProcessor::Unit::W,state.dataVariableSpeedCoils->VarSpeedCoil(DXCoilNum).QLatent,OutputProcessor::SOVTimeStepType::System,OutputProcessor::SOVStoreType::Average,state.dataVariableSpeedCoils->VarSpeedCoil(DXCoilNum).Name
VariableSpeedCoils.cc,"""Cooling Coil Air Outlet Temperature""",OutputProcessor::Unit::C,state.dataVariableSpeedCoils->VarSpeedCoil(DXCoilNum).OutletAirDBTemp,OutputProcessor::SOVTimeStepType::System,OutputProcessor::SOVStoreType::Average,state.dataVariableSpeedCoils->VarSpeedCoil(DXCoilNum).Name
VariableSpeedCoils.cc,"""Cooling Coil Air Outlet Humidity Ratio""",OutputProcessor::Unit::kgWater_kgDryAir,state.dataVariableSpeedCoils->VarSpeedCoil(DXCoilNum).OutletAirHumRat,OutputProcessor::SOVTimeStepType::System,OutputProcessor::SOVStoreType::Average,state.dataVariableSpeedCoils->VarSpeedCoil(DXCoilNum).Name
VariableSpeedCoils.cc,"""Cooling Coil Sensible Cooling Rate""",OutputProcessor::Unit::W,state.dataVariableSpeedCoils->VarSpeedCoil(DXCoilNum).QSensible,OutputProcessor::SOVTimeStepType::System,OutputProcessor::SOVStoreType::Average,state.dataVariableSpeedCoils->VarSpeedCoil(DXCoilNum).Name
VariableSpeedCoils.cc,"""Cooling Coil Total Cooling Rate""",OutputProcessor::Unit::W,state.dataVariableSpeedCoils->VarSpeedCoil(DXCoilNum).QLoadTotal,OutputProcessor::SOVTimeStepType::System,OutputProcessor::SOVStoreType::Average,state.dataVariableSpeedCoils->VarSpeedCoil(DXCoilNum).Name
VariableSpeedCoils.cc,"""Cooling Coil Part Load Ratio""",OutputProcessor::Unit::None,state.dataVariableSpeedCoils->VarSpeedCoil(DXCoilNum).PartLoadRatio,OutputProcessor::SOVTimeStepType::System,OutputProcessor::SOVStoreType::Average,state.dataVariableSpeedCoils->VarSpeedCoil(DXCoilNum).Name
VariableSpeedCoils.cc,"""Cooling Coil Electricity Rate""",OutputProcessor::Unit::W,state.dataVariableSpeedCoils->VarSpeedCoil(DXCoilNum).Power,OutputProcessor::SOVTimeStepType::System,OutputProcessor::SOVStoreType::Average,state.dataVariableSpeedCoils->VarSpeedCoil(DXCoilNum).Name
VariableSpeedCoils.cc,"""Cooling Coil Runtime Fraction""",OutputProcessor::Unit::None,state.dataVariableSpeedCoils->VarSpeedCoil(DXCoilNum).RunFrac,OutputProcessor::SOVTimeStepType::System,OutputProcessor::SOVStoreType::Average,state.dataVariableSpeedCoils->VarSpeedCoil(DXCoilNum).Name
VariableSpeedCoils.cc,"""Cooling Coil Source Side Heat Transfer Rate""",OutputProcessor::Unit::W,state.dataVariableSpeedCoils->VarSpeedCoil(DXCoilNum).QSource,OutputProcessor::SOVTimeStepType::System,OutputProcessor::SOVStoreType::Average,state.dataVariableSpeedCoils->VarSpeedCoil(DXCoilNum).Name
VariableSpeedCoils.cc,"""Cooling Coil Upper Speed Level""",OutputProcessor::Unit::None,state.dataVariableSpeedCoils->VarSpeedCoil(DXCoilNum).SpeedNumReport,OutputProcessor::SOVTimeStepType::System,OutputProcessor::SOVStoreType::Average,state.dataVariableSpeedCoils->VarSpeedCoil(DXCoilNum).Name
VariableSpeedCoils.cc,"""Cooling Coil Neighboring Speed Levels Ratio""",OutputProcessor::Unit::None,state.dataVariableSpeedCoils->VarSpeedCoil(DXCoilNum).SpeedRatioReport,OutputProcessor::SOVTimeStepType::System,OutputProcessor::SOVStoreType::Average,state.dataVariableSpeedCoils->VarSpeedCoil(DXCoilNum).Name
VariableSpeedCoils.cc,"""Cooling Coil Condensate Volume Flow Rate""",OutputProcessor::Unit::m3_s,state.dataVariableSpeedCoils->VarSpeedCoil(DXCoilNum).CondensateVdot,OutputProcessor::SOVTimeStepType::System,OutputProcessor::SOVStoreType::Average,state.dataVariableSpeedCoils->VarSpeedCoil(DXCoilNum).Name
VariableSpeedCoils.cc,"""Cooling Coil Condensate Volume""",OutputProcessor::Unit::m3,state.dataVariableSpeedCoils->VarSpeedCoil(DXCoilNum).CondensateVol,OutputProcessor::SOVTimeStepType::System,OutputProcessor::SOVStoreType::Summed,state.dataVariableSpeedCoils->VarSpeedCoil(DXCoilNum).Name
VariableSpeedCoils.cc,"""Cooling Coil Condenser Inlet Temperature""",OutputProcessor::Unit::C,state.dataVariableSpeedCoils->VarSpeedCoil(DXCoilNum).CondInletTemp,OutputProcessor::SOVTimeStepType::System,OutputProcessor::SOVStoreType::Average,state.dataVariableSpeedCoils->VarSpeedCoil(DXCoilNum).Name
VariableSpeedCoils.cc,"""Cooling Coil Evaporative Condenser Water Volume""",OutputProcessor::Unit::m3,state.dataVariableSpeedCoils->VarSpeedCoil(DXCoilNum).EvapWaterConsump,OutputProcessor::SOVTimeStepType::System,OutputProcessor::SOVStoreType::Summed,state.dataVariableSpeedCoils->VarSpeedCoil(DXCoilNum).Name
VariableSpeedCoils.cc,"""Cooling Coil Evaporative Condenser Mains Water Volume""",OutputProcessor::Unit::m3,state.dataVariableSpeedCoils->VarSpeedCoil(DXCoilNum).EvapWaterConsump,OutputProcessor::SOVTimeStepType::System,OutputProcessor::SOVStoreType::Summed,state.dataVariableSpeedCoils->VarSpeedCoil(DXCoilNum).Name
VariableSpeedCoils.cc,"""Cooling Coil Evaporative Condenser Pump Electricity Rate""",OutputProcessor::Unit::W,state.dataVariableSpeedCoils->VarSpeedCoil(DXCoilNum).EvapCondPumpElecPower,OutputProcessor::SOVTimeStepType::System,OutputProcessor::SOVStoreType::Average,state.dataVariableSpeedCoils->VarSpeedCoil(DXCoilNum).Name
VariableSpeedCoils.cc,"""Cooling Coil Evaporative Condenser Pump Electricity Energy""",OutputProcessor::Unit::J,state.dataVariableSpeedCoils->VarSpeedCoil(DXCoilNum).EvapCondPumpElecConsumption,OutputProcessor::SOVTimeStepType::System,OutputProcessor::SOVStoreType::Summed,state.dataVariableSpeedCoils->VarSpeedCoil(DXCoilNum).Name
VariableSpeedCoils.cc,"""Cooling Coil Basin Heater Electricity Rate""",OutputProcessor::Unit::W,state.dataVariableSpeedCoils->VarSpeedCoil(DXCoilNum).BasinHeaterPower,OutputProcessor::SOVTimeStepType::System,OutputProcessor::SOVStoreType::Average,state.dataVariableSpeedCoils->VarSpeedCoil(DXCoilNum).Name
VariableSpeedCoils.cc,"""Cooling Coil Basin Heater Electricity Energy""",OutputProcessor::Unit::J,state.dataVariableSpeedCoils->VarSpeedCoil(DXCoilNum).BasinHeaterConsumption,OutputProcessor::SOVTimeStepType::System,OutputProcessor::SOVStoreType::Summed,state.dataVariableSpeedCoils->VarSpeedCoil(DXCoilNum).Name
VariableSpeedCoils.cc,"""Cooling Coil Crankcase Heater Electricity Rate""",OutputProcessor::Unit::W,state.dataVariableSpeedCoils->VarSpeedCoil(DXCoilNum).CrankcaseHeaterPower,OutputProcessor::SOVTimeStepType::System,OutputProcessor::SOVStoreType::Average,state.dataVariableSpeedCoils->VarSpeedCoil(DXCoilNum).Name
VariableSpeedCoils.cc,"""Cooling Coil Crankcase Heater Electricity Energy""",OutputProcessor::Unit::J,state.dataVariableSpeedCoils->VarSpeedCoil(DXCoilNum).CrankcaseHeaterConsumption,OutputProcessor::SOVTimeStepType::System,OutputProcessor::SOVStoreType::Summed,state.dataVariableSpeedCoils->VarSpeedCoil(DXCoilNum).Name
VariableSpeedCoils.cc,"""Heating Coil Air Mass Flow Rate""",OutputProcessor::Unit::kg_s,state.dataVariableSpeedCoils->VarSpeedCoil(DXCoilNum).AirMassFlowRate,OutputProcessor::SOVTimeStepType::System,OutputProcessor::SOVStoreType::Average,state.dataVariableSpeedCoils->VarSpeedCoil(DXCoilNum).Name
VariableSpeedCoils.cc,"""Heating Coil Air Inlet Temperature""",OutputProcessor::Unit::C,state.dataVariableSpeedCoils->VarSpeedCoil(DXCoilNum).InletAirDBTemp,OutputProcessor::SOVTimeStepType::System,OutputProcessor::SOVStoreType::Average,state.dataVariableSpeedCoils->VarSpeedCoil(DXCoilNum).Name
VariableSpeedCoils.cc,"""Heating Coil Air Inlet Humidity Ratio""",OutputProcessor::Unit::kgWater_kgDryAir,state.dataVariableSpeedCoils->VarSpeedCoil(DXCoilNum).InletAirHumRat,OutputProcessor::SOVTimeStepType::System,OutputProcessor::SOVStoreType::Average,state.dataVariableSpeedCoils->VarSpeedCoil(DXCoilNum).Name
VariableSpeedCoils.cc,"""Heating Coil Air Outlet Temperature""",OutputProcessor::Unit::C,state.dataVariableSpeedCoils->VarSpeedCoil(DXCoilNum).OutletAirDBTemp,OutputProcessor::SOVTimeStepType::System,OutputProcessor::SOVStoreType::Average,state.dataVariableSpeedCoils->VarSpeedCoil(DXCoilNum).Name
VariableSpeedCoils.cc,"""Heating Coil Air Outlet Humidity Ratio""",OutputProcessor::Unit::kgWater_kgDryAir,state.dataVariableSpeedCoils->VarSpeedCoil(DXCoilNum).OutletAirHumRat,OutputProcessor::SOVTimeStepType::System,OutputProcessor::SOVStoreType::Average,state.dataVariableSpeedCoils->VarSpeedCoil(DXCoilNum).Name
VariableSpeedCoils.cc,"""Heating Coil Sensible Heating Rate""",OutputProcessor::Unit::W,state.dataVariableSpeedCoils->VarSpeedCoil(DXCoilNum).QSensible,OutputProcessor::SOVTimeStepType::System,OutputProcessor::SOVStoreType::Average,state.dataVariableSpeedCoils->VarSpeedCoil(DXCoilNum).Name
VariableSpeedCoils.cc,"""Heating Coil Heating Rate""",OutputProcessor::Unit::W,state.dataVariableSpeedCoils->VarSpeedCoil(DXCoilNum).QLoadTotal,OutputProcessor::SOVTimeStepType::System,OutputProcessor::SOVStoreType::Average,state.dataVariableSpeedCoils->VarSpeedCoil(DXCoilNum).Name
VariableSpeedCoils.cc,"""Heating Coil Part Load Ratio""",OutputProcessor::Unit::None,state.dataVariableSpeedCoils->VarSpeedCoil(DXCoilNum).PartLoadRatio,OutputProcessor::SOVTimeStepType::System,OutputProcessor::SOVStoreType::Average,state.dataVariableSpeedCoils->VarSpeedCoil(DXCoilNum).Name
VariableSpeedCoils.cc,"""Heating Coil Electricity Rate""",OutputProcessor::Unit::W,state.dataVariableSpeedCoils->VarSpeedCoil(DXCoilNum).Power,OutputProcessor::SOVTimeStepType::System,OutputProcessor::SOVStoreType::Average,state.dataVariableSpeedCoils->VarSpeedCoil(DXCoilNum).Name
VariableSpeedCoils.cc,"""Heating Coil Runtime Fraction""",OutputProcessor::Unit::None,state.dataVariableSpeedCoils->VarSpeedCoil(DXCoilNum).RunFrac,OutputProcessor::SOVTimeStepType::System,OutputProcessor::SOVStoreType::Average,state.dataVariableSpeedCoils->VarSpeedCoil(DXCoilNum).Name
VariableSpeedCoils.cc,"""Heating Coil Source Side Heat Transfer Rate""",OutputProcessor::Unit::W,state.dataVariableSpeedCoils->VarSpeedCoil(DXCoilNum).QSource,OutputProcessor::SOVTimeStepType::System,OutputProcessor::SOVStoreType::Average,state.dataVariableSpeedCoils->VarSpeedCoil(DXCoilNum).Name
VariableSpeedCoils.cc,"""Heating Coil Upper Speed Level""",OutputProcessor::Unit::None,state.dataVariableSpeedCoils->VarSpeedCoil(DXCoilNum).SpeedNumReport,OutputProcessor::SOVTimeStepType::System,OutputProcessor::SOVStoreType::Average,state.dataVariableSpeedCoils->VarSpeedCoil(DXCoilNum).Name
VariableSpeedCoils.cc,"""Heating Coil Neighboring Speed Levels Ratio""",OutputProcessor::Unit::None,state.dataVariableSpeedCoils->VarSpeedCoil(DXCoilNum).SpeedRatioReport,OutputProcessor::SOVTimeStepType::System,OutputProcessor::SOVStoreType::Average,state.dataVariableSpeedCoils->VarSpeedCoil(DXCoilNum).Name
VariableSpeedCoils.cc,"""Heating Coil Defrost Electricity Rate""",OutputProcessor::Unit::W,state.dataVariableSpeedCoils->VarSpeedCoil(DXCoilNum).DefrostPower,OutputProcessor::SOVTimeStepType::System,OutputProcessor::SOVStoreType::Average,state.dataVariableSpeedCoils->VarSpeedCoil(DXCoilNum).Name
VariableSpeedCoils.cc,"""Heating Coil Defrost Electricity Energy""",OutputProcessor::Unit::J,state.dataVariableSpeedCoils->VarSpeedCoil(DXCoilNum).DefrostConsumption,OutputProcessor::SOVTimeStepType::System,OutputProcessor::SOVStoreType::Summed,state.dataVariableSpeedCoils->VarSpeedCoil(DXCoilNum).Name
VariableSpeedCoils.cc,"""Heating Coil Crankcase Heater Electricity Rate""",OutputProcessor::Unit::W,state.dataVariableSpeedCoils->VarSpeedCoil(DXCoilNum).CrankcaseHeaterPower,OutputProcessor::SOVTimeStepType::System,OutputProcessor::SOVStoreType::Average,state.dataVariableSpeedCoils->VarSpeedCoil(DXCoilNum).Name
VariableSpeedCoils.cc,"""Heating Coil Crankcase Heater Electricity Energy""",OutputProcessor::Unit::J,state.dataVariableSpeedCoils->VarSpeedCoil(DXCoilNum).CrankcaseHeaterConsumption,OutputProcessor::SOVTimeStepType::System,OutputProcessor::SOVStoreType::Summed,state.dataVariableSpeedCoils->VarSpeedCoil(DXCoilNum).Name
VariableSpeedCoils.cc,"""Cooling Coil Electricity Rate""",OutputProcessor::Unit::W,state.dataVariableSpeedCoils->VarSpeedCoil(DXCoilNum).Power,OutputProcessor::SOVTimeStepType::System,OutputProcessor::SOVStoreType::Average,state.dataVariableSpeedCoils->VarSpeedCoil(DXCoilNum).Name
VariableSpeedCoils.cc,"""Cooling Coil Total Cooling Rate""",OutputProcessor::Unit::W,state.dataVariableSpeedCoils->VarSpeedCoil(DXCoilNum).QLoadTotal,OutputProcessor::SOVTimeStepType::System,OutputProcessor::SOVStoreType::Average,state.dataVariableSpeedCoils->VarSpeedCoil(DXCoilNum).Name
VariableSpeedCoils.cc,"""Cooling Coil Sensible Cooling Rate""",OutputProcessor::Unit::W,state.dataVariableSpeedCoils->VarSpeedCoil(DXCoilNum).QSensible,OutputProcessor::SOVTimeStepType::System,OutputProcessor::SOVStoreType::Average,state.dataVariableSpeedCoils->VarSpeedCoil(DXCoilNum).Name
VariableSpeedCoils.cc,"""Cooling Coil Latent Cooling Rate""",OutputProcessor::Unit::W,state.dataVariableSpeedCoils->VarSpeedCoil(DXCoilNum).QLatent,OutputProcessor::SOVTimeStepType::System,OutputProcessor::SOVStoreType::Average,state.dataVariableSpeedCoils->VarSpeedCoil(DXCoilNum).Name
VariableSpeedCoils.cc,"""Cooling Coil Source Side Heat Transfer Rate""",OutputProcessor::Unit::W,state.dataVariableSpeedCoils->VarSpeedCoil(DXCoilNum).QSource,OutputProcessor::SOVTimeStepType::System,OutputProcessor::SOVStoreType::Average,state.dataVariableSpeedCoils->VarSpeedCoil(DXCoilNum).Name
VariableSpeedCoils.cc,"""Cooling Coil Part Load Ratio""",OutputProcessor::Unit::None,state.dataVariableSpeedCoils->VarSpeedCoil(DXCoilNum).PartLoadRatio,OutputProcessor::SOVTimeStepType::System,OutputProcessor::SOVStoreType::Average,state.dataVariableSpeedCoils->VarSpeedCoil(DXCoilNum).Name
VariableSpeedCoils.cc,"""Cooling Coil Runtime Fraction""",OutputProcessor::Unit::None,state.dataVariableSpeedCoils->VarSpeedCoil(DXCoilNum).RunFrac,OutputProcessor::SOVTimeStepType::System,OutputProcessor::SOVStoreType::Average,state.dataVariableSpeedCoils->VarSpeedCoil(DXCoilNum).Name
VariableSpeedCoils.cc,"""Cooling Coil Air Mass Flow Rate""",OutputProcessor::Unit::kg_s,state.dataVariableSpeedCoils->VarSpeedCoil(DXCoilNum).AirMassFlowRate,OutputProcessor::SOVTimeStepType::System,OutputProcessor::SOVStoreType::Average,state.dataVariableSpeedCoils->VarSpeedCoil(DXCoilNum).Name
VariableSpeedCoils.cc,"""Cooling Coil Air Inlet Temperature""",OutputProcessor::Unit::C,state.dataVariableSpeedCoils->VarSpeedCoil(DXCoilNum).InletAirDBTemp,OutputProcessor::SOVTimeStepType::System,OutputProcessor::SOVStoreType::Average,state.dataVariableSpeedCoils->VarSpeedCoil(DXCoilNum).Name
VariableSpeedCoils.cc,"""Cooling Coil Air Inlet Humidity Ratio""",OutputProcessor::Unit::kgWater_kgDryAir,state.dataVariableSpeedCoils->VarSpeedCoil(DXCoilNum).InletAirHumRat,OutputProcessor::SOVTimeStepType::System,OutputProcessor::SOVStoreType::Average,state.dataVariableSpeedCoils->VarSpeedCoil(DXCoilNum).Name
VariableSpeedCoils.cc,"""Cooling Coil Air Outlet Temperature""",OutputProcessor::Unit::C,state.dataVariableSpeedCoils->VarSpeedCoil(DXCoilNum).OutletAirDBTemp,OutputProcessor::SOVTimeStepType::System,OutputProcessor::SOVStoreType::Average,state.dataVariableSpeedCoils->VarSpeedCoil(DXCoilNum).Name
VariableSpeedCoils.cc,"""Cooling Coil Air Outlet Humidity Ratio""",OutputProcessor::Unit::kgWater_kgDryAir,state.dataVariableSpeedCoils->VarSpeedCoil(DXCoilNum).OutletAirHumRat,OutputProcessor::SOVTimeStepType::System,OutputProcessor::SOVStoreType::Average,state.dataVariableSpeedCoils->VarSpeedCoil(DXCoilNum).Name
VariableSpeedCoils.cc,"""Cooling Coil Source Side Mass Flow Rate""",OutputProcessor::Unit::kg_s,state.dataVariableSpeedCoils->VarSpeedCoil(DXCoilNum).WaterMassFlowRate,OutputProcessor::SOVTimeStepType::System,OutputProcessor::SOVStoreType::Average,state.dataVariableSpeedCoils->VarSpeedCoil(DXCoilNum).Name
VariableSpeedCoils.cc,"""Cooling Coil Source Side Inlet Temperature""",OutputProcessor::Unit::C,state.dataVariableSpeedCoils->VarSpeedCoil(DXCoilNum).InletWaterTemp,OutputProcessor::SOVTimeStepType::System,OutputProcessor::SOVStoreType::Average,state.dataVariableSpeedCoils->VarSpeedCoil(DXCoilNum).Name
VariableSpeedCoils.cc,"""Cooling Coil Source Side Outlet Temperature""",OutputProcessor::Unit::C,state.dataVariableSpeedCoils->VarSpeedCoil(DXCoilNum).OutletWaterTemp,OutputProcessor::SOVTimeStepType::System,OutputProcessor::SOVStoreType::Average,state.dataVariableSpeedCoils->VarSpeedCoil(DXCoilNum).Name
VariableSpeedCoils.cc,"""Cooling Coil Upper Speed Level""",OutputProcessor::Unit::None,state.dataVariableSpeedCoils->VarSpeedCoil(DXCoilNum).SpeedNumReport,OutputProcessor::SOVTimeStepType::System,OutputProcessor::SOVStoreType::Average,state.dataVariableSpeedCoils->VarSpeedCoil(DXCoilNum).Name
VariableSpeedCoils.cc,"""Cooling Coil Neighboring Speed Levels Ratio""",OutputProcessor::Unit::None,state.dataVariableSpeedCoils->VarSpeedCoil(DXCoilNum).SpeedRatioReport,OutputProcessor::SOVTimeStepType::System,OutputProcessor::SOVStoreType::Average,state.dataVariableSpeedCoils->VarSpeedCoil(DXCoilNum).Name
VariableSpeedCoils.cc,"""Cooling Coil Recoverable Heat Transfer Rate""",OutputProcessor::Unit::W,state.dataVariableSpeedCoils->VarSpeedCoil(DXCoilNum).QWasteHeat,OutputProcessor::SOVTimeStepType::System,OutputProcessor::SOVStoreType::Average,state.dataVariableSpeedCoils->VarSpeedCoil(DXCoilNum).Name
VariableSpeedCoils.cc,"""Heating Coil Electricity Rate""",OutputProcessor::Unit::W,state.dataVariableSpeedCoils->VarSpeedCoil(DXCoilNum).Power,OutputProcessor::SOVTimeStepType::System,OutputProcessor::SOVStoreType::Average,state.dataVariableSpeedCoils->VarSpeedCoil(DXCoilNum).Name
VariableSpeedCoils.cc,"""Heating Coil Heating Rate""",OutputProcessor::Unit::W,state.dataVariableSpeedCoils->VarSpeedCoil(DXCoilNum).QLoadTotal,OutputProcessor::SOVTimeStepType::System,OutputProcessor::SOVStoreType::Average,state.dataVariableSpeedCoils->VarSpeedCoil(DXCoilNum).Name
VariableSpeedCoils.cc,"""Heating Coil Sensible Heating Rate""",OutputProcessor::Unit::W,state.dataVariableSpeedCoils->VarSpeedCoil(DXCoilNum).QSensible,OutputProcessor::SOVTimeStepType::System,OutputProcessor::SOVStoreType::Average,state.dataVariableSpeedCoils->VarSpeedCoil(DXCoilNum).Name
VariableSpeedCoils.cc,"""Heating Coil Source Side Heat Transfer Rate""",OutputProcessor::Unit::W,state.dataVariableSpeedCoils->VarSpeedCoil(DXCoilNum).QSource,OutputProcessor::SOVTimeStepType::System,OutputProcessor::SOVStoreType::Average,state.dataVariableSpeedCoils->VarSpeedCoil(DXCoilNum).Name
VariableSpeedCoils.cc,"""Heating Coil Part Load Ratio""",OutputProcessor::Unit::None,state.dataVariableSpeedCoils->VarSpeedCoil(DXCoilNum).PartLoadRatio,OutputProcessor::SOVTimeStepType::System,OutputProcessor::SOVStoreType::Average,state.dataVariableSpeedCoils->VarSpeedCoil(DXCoilNum).Name
VariableSpeedCoils.cc,"""Heating Coil Runtime Fraction""",OutputProcessor::Unit::None,state.dataVariableSpeedCoils->VarSpeedCoil(DXCoilNum).RunFrac,OutputProcessor::SOVTimeStepType::System,OutputProcessor::SOVStoreType::Average,state.dataVariableSpeedCoils->VarSpeedCoil(DXCoilNum).Name
VariableSpeedCoils.cc,"""Heating Coil Air Mass Flow Rate""",OutputProcessor::Unit::kg_s,state.dataVariableSpeedCoils->VarSpeedCoil(DXCoilNum).AirMassFlowRate,OutputProcessor::SOVTimeStepType::System,OutputProcessor::SOVStoreType::Average,state.dataVariableSpeedCoils->VarSpeedCoil(DXCoilNum).Name
VariableSpeedCoils.cc,"""Heating Coil Air Inlet Temperature""",OutputProcessor::Unit::C,state.dataVariableSpeedCoils->VarSpeedCoil(DXCoilNum).InletAirDBTemp,OutputProcessor::SOVTimeStepType::System,OutputProcessor::SOVStoreType::Average,state.dataVariableSpeedCoils->VarSpeedCoil(DXCoilNum).Name
VariableSpeedCoils.cc,"""Heating Coil Air Inlet Humidity Ratio""",OutputProcessor::Unit::kgWater_kgDryAir,state.dataVariableSpeedCoils->VarSpeedCoil(DXCoilNum).InletAirHumRat,OutputProcessor::SOVTimeStepType::System,OutputProcessor::SOVStoreType::Average,state.dataVariableSpeedCoils->VarSpeedCoil(DXCoilNum).Name
VariableSpeedCoils.cc,"""Heating Coil Air Outlet Temperature""",OutputProcessor::Unit::C,state.dataVariableSpeedCoils->VarSpeedCoil(DXCoilNum).OutletAirDBTemp,OutputProcessor::SOVTimeStepType::System,OutputProcessor::SOVStoreType::Average,state.dataVariableSpeedCoils->VarSpeedCoil(DXCoilNum).Name
VariableSpeedCoils.cc,"""Heating Coil Air Outlet Humidity Ratio""",OutputProcessor::Unit::kgWater_kgDryAir,state.dataVariableSpeedCoils->VarSpeedCoil(DXCoilNum).OutletAirHumRat,OutputProcessor::SOVTimeStepType::System,OutputProcessor::SOVStoreType::Average,state.dataVariableSpeedCoils->VarSpeedCoil(DXCoilNum).Name
VariableSpeedCoils.cc,"""Heating Coil Source Side Mass Flow Rate""",OutputProcessor::Unit::kg_s,state.dataVariableSpeedCoils->VarSpeedCoil(DXCoilNum).WaterMassFlowRate,OutputProcessor::SOVTimeStepType::System,OutputProcessor::SOVStoreType::Average,state.dataVariableSpeedCoils->VarSpeedCoil(DXCoilNum).Name
VariableSpeedCoils.cc,"""Heating Coil Source Side Inlet Temperature""",OutputProcessor::Unit::C,state.dataVariableSpeedCoils->VarSpeedCoil(DXCoilNum).InletWaterTemp,OutputProcessor::SOVTimeStepType::System,OutputProcessor::SOVStoreType::Average,state.dataVariableSpeedCoils->VarSpeedCoil(DXCoilNum).Name
VariableSpeedCoils.cc,"""Heating Coil Source Side Outlet Temperature""",OutputProcessor::Unit::C,state.dataVariableSpeedCoils->VarSpeedCoil(DXCoilNum).OutletWaterTemp,OutputProcessor::SOVTimeStepType::System,OutputProcessor::SOVStoreType::Average,state.dataVariableSpeedCoils->VarSpeedCoil(DXCoilNum).Name
VariableSpeedCoils.cc,"""Heating Coil Upper Speed Level""",OutputProcessor::Unit::None,state.dataVariableSpeedCoils->VarSpeedCoil(DXCoilNum).SpeedNumReport,OutputProcessor::SOVTimeStepType::System,OutputProcessor::SOVStoreType::Average,state.dataVariableSpeedCoils->VarSpeedCoil(DXCoilNum).Name
VariableSpeedCoils.cc,"""Heating Coil Neighboring Speed Levels Ratio""",OutputProcessor::Unit::None,state.dataVariableSpeedCoils->VarSpeedCoil(DXCoilNum).SpeedRatioReport,OutputProcessor::SOVTimeStepType::System,OutputProcessor::SOVStoreType::Average,state.dataVariableSpeedCoils->VarSpeedCoil(DXCoilNum).Name
VariableSpeedCoils.cc,"""Heating Coil Recoverable Heat Transfer Rate""",OutputProcessor::Unit::W,state.dataVariableSpeedCoils->VarSpeedCoil(DXCoilNum).QWasteHeat,OutputProcessor::SOVTimeStepType::System,OutputProcessor::SOVStoreType::Average,state.dataVariableSpeedCoils->VarSpeedCoil(DXCoilNum).Name
VariableSpeedCoils.cc,"""Cooling Coil Water Heating Electricity Rate""",OutputProcessor::Unit::W,state.dataVariableSpeedCoils->VarSpeedCoil(DXCoilNum).Power,OutputProcessor::SOVTimeStepType::System,OutputProcessor::SOVStoreType::Average,state.dataVariableSpeedCoils->VarSpeedCoil(DXCoilNum).Name
VariableSpeedCoils.cc,"""Cooling Coil Total Cooling Rate""",OutputProcessor::Unit::W,state.dataVariableSpeedCoils->VarSpeedCoil(DXCoilNum).QLoadTotal,OutputProcessor::SOVTimeStepType::System,OutputProcessor::SOVStoreType::Average,state.dataVariableSpeedCoils->VarSpeedCoil(DXCoilNum).Name
VariableSpeedCoils.cc,"""Cooling Coil Sensible Cooling Rate""",OutputProcessor::Unit::W,state.dataVariableSpeedCoils->VarSpeedCoil(DXCoilNum).QSensible,OutputProcessor::SOVTimeStepType::System,OutputProcessor::SOVStoreType::Average,state.dataVariableSpeedCoils->VarSpeedCoil(DXCoilNum).Name
VariableSpeedCoils.cc,"""Cooling Coil Latent Cooling Rate""",OutputProcessor::Unit::W,state.dataVariableSpeedCoils->VarSpeedCoil(DXCoilNum).QLatent,OutputProcessor::SOVTimeStepType::System,OutputProcessor::SOVStoreType::Average,state.dataVariableSpeedCoils->VarSpeedCoil(DXCoilNum).Name
VariableSpeedCoils.cc,"""Cooling Coil Total Water Heating Rate""",OutputProcessor::Unit::W,state.dataVariableSpeedCoils->VarSpeedCoil(DXCoilNum).TotalHeatingEnergyRate,OutputProcessor::SOVTimeStepType::System,OutputProcessor::SOVStoreType::Average,state.dataVariableSpeedCoils->VarSpeedCoil(DXCoilNum).Name
VariableSpeedCoils.cc,"""Cooling Coil Part Load Ratio""",OutputProcessor::Unit::None,state.dataVariableSpeedCoils->VarSpeedCoil(DXCoilNum).PartLoadRatio,OutputProcessor::SOVTimeStepType::System,OutputProcessor::SOVStoreType::Average,state.dataVariableSpeedCoils->VarSpeedCoil(DXCoilNum).Name
VariableSpeedCoils.cc,"""Cooling Coil Runtime Fraction""",OutputProcessor::Unit::None,state.dataVariableSpeedCoils->VarSpeedCoil(DXCoilNum).RunFrac,OutputProcessor::SOVTimeStepType::System,OutputProcessor::SOVStoreType::Average,state.dataVariableSpeedCoils->VarSpeedCoil(DXCoilNum).Name
VariableSpeedCoils.cc,"""Cooling Coil Air Mass Flow Rate""",OutputProcessor::Unit::kg_s,state.dataVariableSpeedCoils->VarSpeedCoil(DXCoilNum).AirMassFlowRate,OutputProcessor::SOVTimeStepType::System,OutputProcessor::SOVStoreType::Average,state.dataVariableSpeedCoils->VarSpeedCoil(DXCoilNum).Name
VariableSpeedCoils.cc,"""Cooling Coil Air Inlet Temperature""",OutputProcessor::Unit::C,state.dataVariableSpeedCoils->VarSpeedCoil(DXCoilNum).InletAirDBTemp,OutputProcessor::SOVTimeStepType::System,OutputProcessor::SOVStoreType::Average,state.dataVariableSpeedCoils->VarSpeedCoil(DXCoilNum).Name
VariableSpeedCoils.cc,"""Cooling Coil Air Inlet Humidity Ratio""",OutputProcessor::Unit::kgWater_kgDryAir,state.dataVariableSpeedCoils->VarSpeedCoil(DXCoilNum).InletAirHumRat,OutputProcessor::SOVTimeStepType::System,OutputProcessor::SOVStoreType::Average,state.dataVariableSpeedCoils->VarSpeedCoil(DXCoilNum).Name
VariableSpeedCoils.cc,"""Cooling Coil Air Outlet Temperature""",OutputProcessor::Unit::C,state.dataVariableSpeedCoils->VarSpeedCoil(DXCoilNum).OutletAirDBTemp,OutputProcessor::SOVTimeStepType::System,OutputProcessor::SOVStoreType::Average,state.dataVariableSpeedCoils->VarSpeedCoil(DXCoilNum).Name
VariableSpeedCoils.cc,"""Cooling Coil Air Outlet Humidity Ratio""",OutputProcessor::Unit::kgWater_kgDryAir,state.dataVariableSpeedCoils->VarSpeedCoil(DXCoilNum).OutletAirHumRat,OutputProcessor::SOVTimeStepType::System,OutputProcessor::SOVStoreType::Average,state.dataVariableSpeedCoils->VarSpeedCoil(DXCoilNum).Name
VariableSpeedCoils.cc,"""Cooling Coil Water Mass Flow Rate""",OutputProcessor::Unit::kg_s,state.dataVariableSpeedCoils->VarSpeedCoil(DXCoilNum).WaterMassFlowRate,OutputProcessor::SOVTimeStepType::System,OutputProcessor::SOVStoreType::Average,state.dataVariableSpeedCoils->VarSpeedCoil(DXCoilNum).Name
VariableSpeedCoils.cc,"""Cooling Coil Water Inlet Temperature""",OutputProcessor::Unit::C,state.dataVariableSpeedCoils->VarSpeedCoil(DXCoilNum).InletWaterTemp,OutputProcessor::SOVTimeStepType::System,OutputProcessor::SOVStoreType::Average,state.dataVariableSpeedCoils->VarSpeedCoil(DXCoilNum).Name
VariableSpeedCoils.cc,"""Cooling Coil Water Outlet Temperature""",OutputProcessor::Unit::C,state.dataVariableSpeedCoils->VarSpeedCoil(DXCoilNum).OutletWaterTemp,OutputProcessor::SOVTimeStepType::System,OutputProcessor::SOVStoreType::Average,state.dataVariableSpeedCoils->VarSpeedCoil(DXCoilNum).Name
VariableSpeedCoils.cc,"""Cooling Coil Crankcase Heater Electricity Rate""",OutputProcessor::Unit::W,state.dataVariableSpeedCoils->VarSpeedCoil(DXCoilNum).CrankcaseHeaterPower,OutputProcessor::SOVTimeStepType::System,OutputProcessor::SOVStoreType::Average,state.dataVariableSpeedCoils->VarSpeedCoil(DXCoilNum).Name
VariableSpeedCoils.cc,"""Cooling Coil Crankcase Heater Electricity Energy""",OutputProcessor::Unit::J,state.dataVariableSpeedCoils->VarSpeedCoil(DXCoilNum).CrankcaseHeaterConsumption,OutputProcessor::SOVTimeStepType::System,OutputProcessor::SOVStoreType::Summed,state.dataVariableSpeedCoils->VarSpeedCoil(DXCoilNum).Name
VariableSpeedCoils.cc,"""Cooling Coil Upper Speed Level""",OutputProcessor::Unit::None,state.dataVariableSpeedCoils->VarSpeedCoil(DXCoilNum).SpeedNumReport,OutputProcessor::SOVTimeStepType::System,OutputProcessor::SOVStoreType::Average,state.dataVariableSpeedCoils->VarSpeedCoil(DXCoilNum).Name
VariableSpeedCoils.cc,"""Cooling Coil Neighboring Speed Levels Ratio""",OutputProcessor::Unit::None,state.dataVariableSpeedCoils->VarSpeedCoil(DXCoilNum).SpeedRatioReport,OutputProcessor::SOVTimeStepType::System,OutputProcessor::SOVStoreType::Average,state.dataVariableSpeedCoils->VarSpeedCoil(DXCoilNum).Name
VariableSpeedCoils.cc,"""Cooling Coil Water Heating Pump Electricity Rate""",OutputProcessor::Unit::W,state.dataVariableSpeedCoils->VarSpeedCoil(DXCoilNum).HPWHCondPumpElecNomPower,OutputProcessor::SOVTimeStepType::System,OutputProcessor::SOVStoreType::Average,state.dataVariableSpeedCoils->VarSpeedCoil(DXCoilNum).Name
VariableSpeedCoils.cc,"""Cooling Coil Water Heating Pump Electricity Energy""",OutputProcessor::Unit::J,state.dataVariableSpeedCoils->VarSpeedCoil(DXCoilNum).EvapCondPumpElecConsumption,OutputProcessor::SOVTimeStepType::System,OutputProcessor::SOVStoreType::Summed,state.dataVariableSpeedCoils->VarSpeedCoil(DXCoilNum).Name
TranspiredCollector.cc,"""Solar Collector Heat Exchanger Effectiveness""",OutputProcessor::Unit::None,state.dataTranspiredCollector->UTSC(Item).HXeff,OutputProcessor::SOVTimeStepType::System,OutputProcessor::SOVStoreType::Average,state.dataTranspiredCollector->UTSC(Item).Name
TranspiredCollector.cc,"""Solar Collector Leaving Air Temperature""",OutputProcessor::Unit::C,state.dataTranspiredCollector->UTSC(Item).TairHX,OutputProcessor::SOVTimeStepType::System,OutputProcessor::SOVStoreType::Average,state.dataTranspiredCollector->UTSC(Item).Name
TranspiredCollector.cc,"""Solar Collector Outside Face Suction Velocity""",OutputProcessor::Unit::m_s,state.dataTranspiredCollector->UTSC(Item).Vsuction,OutputProcessor::SOVTimeStepType::System,OutputProcessor::SOVStoreType::Average,state.dataTranspiredCollector->UTSC(Item).Name
TranspiredCollector.cc,"""Solar Collector Surface Temperature""",OutputProcessor::Unit::C,state.dataTranspiredCollector->UTSC(Item).Tcoll,OutputProcessor::SOVTimeStepType::System,OutputProcessor::SOVStoreType::Average,state.dataTranspiredCollector->UTSC(Item).Name
TranspiredCollector.cc,"""Solar Collector Plenum Air Temperature""",OutputProcessor::Unit::C,state.dataTranspiredCollector->UTSC(Item).Tplen,OutputProcessor::SOVTimeStepType::System,OutputProcessor::SOVStoreType::Average,state.dataTranspiredCollector->UTSC(Item).Name
TranspiredCollector.cc,"""Solar Collector Sensible Heating Rate""",OutputProcessor::Unit::W,state.dataTranspiredCollector->UTSC(Item).SensHeatingRate,OutputProcessor::SOVTimeStepType::System,OutputProcessor::SOVStoreType::Average,state.dataTranspiredCollector->UTSC(Item).Name
TranspiredCollector.cc,"""Solar Collector Sensible Heating Energy""",OutputProcessor::Unit::J,state.dataTranspiredCollector->UTSC(Item).SensHeatingEnergy,OutputProcessor::SOVTimeStepType::System,OutputProcessor::SOVStoreType::Summed,state.dataTranspiredCollector->UTSC(Item).Name
TranspiredCollector.cc,"""Solar Collector Natural Ventilation Air Change Rate""",OutputProcessor::Unit::ach,state.dataTranspiredCollector->UTSC(Item).PassiveACH,OutputProcessor::SOVTimeStepType::System,OutputProcessor::SOVStoreType::Average,state.dataTranspiredCollector->UTSC(Item).Name
TranspiredCollector.cc,"""Solar Collector Natural Ventilation Mass Flow Rate""",OutputProcessor::Unit::kg_s,state.dataTranspiredCollector->UTSC(Item).PassiveMdotVent,OutputProcessor::SOVTimeStepType::System,OutputProcessor::SOVStoreType::Average,state.dataTranspiredCollector->UTSC(Item).Name
TranspiredCollector.cc,"""Solar Collector Wind Natural Ventilation Mass Flow Rate""",OutputProcessor::Unit::kg_s,state.dataTranspiredCollector->UTSC(Item).PassiveMdotWind,OutputProcessor::SOVTimeStepType::System,OutputProcessor::SOVStoreType::Average,state.dataTranspiredCollector->UTSC(Item).Name
TranspiredCollector.cc,"""Solar Collector Buoyancy Natural Ventilation Mass Flow Rate""",OutputProcessor::Unit::kg_s,state.dataTranspiredCollector->UTSC(Item).PassiveMdotTherm,OutputProcessor::SOVTimeStepType::System,OutputProcessor::SOVStoreType::Average,state.dataTranspiredCollector->UTSC(Item).Name
TranspiredCollector.cc,"""Solar Collector Incident Solar Radiation""",OutputProcessor::Unit::W_m2,state.dataTranspiredCollector->UTSC(Item).Isc,OutputProcessor::SOVTimeStepType::System,OutputProcessor::SOVStoreType::Average,state.dataTranspiredCollector->UTSC(Item).Name
TranspiredCollector.cc,"""Solar Collector System Efficiency""",OutputProcessor::Unit::None,state.dataTranspiredCollector->UTSC(Item).UTSCEfficiency,OutputProcessor::SOVTimeStepType::System,OutputProcessor::SOVStoreType::Average,state.dataTranspiredCollector->UTSC(Item).Name
TranspiredCollector.cc,"""Solar Collector Surface Efficiency""",OutputProcessor::Unit::None,state.dataTranspiredCollector->UTSC(Item).UTSCCollEff,OutputProcessor::SOVTimeStepType::System,OutputProcessor::SOVStoreType::Average,state.dataTranspiredCollector->UTSC(Item).Name
SurfaceGeometry.cc,"""Surface Exterior Cavity Baffle Surface Temperature""",OutputProcessor::Unit::C,state.dataHeatBal->ExtVentedCavity(Item).Tbaffle,OutputProcessor::SOVTimeStepType::System,OutputProcessor::SOVStoreType::Average,state.dataHeatBal->ExtVentedCavity(Item).Name
SurfaceGeometry.cc,"""Surface Exterior Cavity Air Drybulb Temperature""",OutputProcessor::Unit::C,state.dataHeatBal->ExtVentedCavity(Item).TAirCav,OutputProcessor::SOVTimeStepType::System,OutputProcessor::SOVStoreType::Average,state.dataHeatBal->ExtVentedCavity(Item).Name
SurfaceGeometry.cc,"""Surface Exterior Cavity Total Natural Ventilation Air Change Rate""",OutputProcessor::Unit::ach,state.dataHeatBal->ExtVentedCavity(Item).PassiveACH,OutputProcessor::SOVTimeStepType::System,OutputProcessor::SOVStoreType::Average,state.dataHeatBal->ExtVentedCavity(Item).Name
SurfaceGeometry.cc,"""Surface Exterior Cavity Total Natural Ventilation Mass Flow Rate""",OutputProcessor::Unit::kg_s,state.dataHeatBal->ExtVentedCavity(Item).PassiveMdotVent,OutputProcessor::SOVTimeStepType::System,OutputProcessor::SOVStoreType::Average,state.dataHeatBal->ExtVentedCavity(Item).Name
SurfaceGeometry.cc,"""Surface Exterior Cavity Natural Ventilation from Wind Mass Flow Rate""",OutputProcessor::Unit::kg_s,state.dataHeatBal->ExtVentedCavity(Item).PassiveMdotWind,OutputProcessor::SOVTimeStepType::System,OutputProcessor::SOVStoreType::Average,state.dataHeatBal->ExtVentedCavity(Item).Name
SurfaceGeometry.cc,"""Surface Exterior Cavity Natural Ventilation from Buoyancy Mass Flow Rate""",OutputProcessor::Unit::kg_s,state.dataHeatBal->ExtVentedCavity(Item).PassiveMdotTherm,OutputProcessor::SOVTimeStepType::System,OutputProcessor::SOVStoreType::Average,state.dataHeatBal->ExtVentedCavity(Item).Name
SurfaceGeometry.cc,"""Surfaces Property Ground Surfaces Average Temperature""",OutputProcessor::Unit::C,thisGndSurfsObj.SurfsTempAvg,OutputProcessor::SOVTimeStepType::Zone,OutputProcessor::SOVStoreType::State,thisGndSurfsObj.Name
SurfaceGeometry.cc,"""Surfaces Property Ground Surfaces Average Reflectance""",OutputProcessor::Unit::None,thisGndSurfsObj.SurfsReflAvg,OutputProcessor::SOVTimeStepType::Zone,OutputProcessor::SOVStoreType::State,thisGndSurfsObj.Name
SurfaceGeometry.cc,"""Surface Other Side Coefficients Exterior Air Drybulb Temperature""",OutputProcessor::Unit::C,state.dataSurface->OSC(Loop).OSCTempCalc,OutputProcessor::SOVTimeStepType::System,OutputProcessor::SOVStoreType::Average,state.dataSurface->OSC(Loop).Name
SurfaceGeometry.cc,"""Surface Other Side Conditions Modeled Convection Air Temperature""",OutputProcessor::Unit::C,state.dataSurface->OSCM(OSCMNum).TConv,OutputProcessor::SOVTimeStepType::System,OutputProcessor::SOVStoreType::Average,state.dataSurface->OSCM(OSCMNum).Name
SurfaceGeometry.cc,"""Surface Other Side Conditions Modeled Convection Heat Transfer Coefficient""",OutputProcessor::Unit::W_m2K,state.dataSurface->OSCM(OSCMNum).HConv,OutputProcessor::SOVTimeStepType::System,OutputProcessor::SOVStoreType::Average,state.dataSurface->OSCM(OSCMNum).Name
SurfaceGeometry.cc,"""Surface Other Side Conditions Modeled Radiation Temperature""",OutputProcessor::Unit::C,state.dataSurface->OSCM(OSCMNum).TRad,OutputProcessor::SOVTimeStepType::System,OutputProcessor::SOVStoreType::Average,state.dataSurface->OSCM(OSCMNum).Name
SurfaceGeometry.cc,"""Surface Other Side Conditions Modeled Radiation Heat Transfer Coefficient""",OutputProcessor::Unit::W_m2K,state.dataSurface->OSCM(OSCMNum).HRad,OutputProcessor::SOVTimeStepType::System,OutputProcessor::SOVStoreType::Average,state.dataSurface->OSCM(OSCMNum).Name
OutsideEnergySources.cc,"format(""{}Energy"", reportVarPrefix)",OutputProcessor::Unit::J,this->EnergyTransfer,OutputProcessor::SOVTimeStepType::System,OutputProcessor::SOVStoreType::Summed,this->Name
OutsideEnergySources.cc,"format(""{}Rate"", reportVarPrefix)",OutputProcessor::Unit::W,this->EnergyRate,OutputProcessor::SOVTimeStepType::System,OutputProcessor::SOVStoreType::Average,this->Name
OutsideEnergySources.cc,"format(""{}Inlet Temperature"", reportVarPrefix)",OutputProcessor::Unit::C,this->InletTemp,OutputProcessor::SOVTimeStepType::System,OutputProcessor::SOVStoreType::Average,this->Name
OutsideEnergySources.cc,"format(""{}Outlet Temperature"", reportVarPrefix)",OutputProcessor::Unit::C,this->OutletTemp,OutputProcessor::SOVTimeStepType::System,OutputProcessor::SOVStoreType::Average,this->Name
OutsideEnergySources.cc,"format(""{}Mass Flow Rate"", reportVarPrefix)",OutputProcessor::Unit::kg_s,this->MassFlowRate,OutputProcessor::SOVTimeStepType::System,OutputProcessor::SOVStoreType::Average,this->Name
IceThermalStorage.cc,"""Ice Thermal Storage Requested Load""",OutputProcessor::Unit::W,this->MyLoad,OutputProcessor::SOVTimeStepType::System,OutputProcessor::SOVStoreType::Average,this->Name
IceThermalStorage.cc,"""Ice Thermal Storage End Fraction""",OutputProcessor::Unit::None,this->IceFracRemain,OutputProcessor::SOVTimeStepType::Zone,OutputProcessor::SOVStoreType::Average,this->Name
IceThermalStorage.cc,"""Ice Thermal Storage Mass Flow Rate""",OutputProcessor::Unit::kg_s,this->ITSmdot,OutputProcessor::SOVTimeStepType::System,OutputProcessor::SOVStoreType::Average,this->Name
IceThermalStorage.cc,"""Ice Thermal Storage Inlet Temperature""",OutputProcessor::Unit::C,this->ITSInletTemp,OutputProcessor::SOVTimeStepType::System,OutputProcessor::SOVStoreType::Average,this->Name
IceThermalStorage.cc,"""Ice Thermal Storage Outlet Temperature""",OutputProcessor::Unit::C,this->ITSOutletTemp,OutputProcessor::SOVTimeStepType::System,OutputProcessor::SOVStoreType::Average,this->Name
IceThermalStorage.cc,"""Ice Thermal Storage Cooling Discharge Rate""",OutputProcessor::Unit::W,this->ITSCoolingRate_rep,OutputProcessor::SOVTimeStepType::System,OutputProcessor::SOVStoreType::Average,this->Name
IceThermalStorage.cc,"""Ice Thermal Storage Cooling Discharge Energy""",OutputProcessor::Unit::J,this->ITSCoolingEnergy_rep,OutputProcessor::SOVTimeStepType::System,OutputProcessor::SOVStoreType::Summed,this->Name
IceThermalStorage.cc,"""Ice Thermal Storage Cooling Charge Rate""",OutputProcessor::Unit::W,this->ITSChargingRate,OutputProcessor::SOVTimeStepType::System,OutputProcessor::SOVStoreType::Average,this->Name
IceThermalStorage.cc,"""Ice Thermal Storage Cooling Charge Energy""",OutputProcessor::Unit::J,this->ITSChargingEnergy,OutputProcessor::SOVTimeStepType::System,OutputProcessor::SOVStoreType::Summed,this->Name
IceThermalStorage.cc,"""Ice Thermal Storage Cooling Rate""",OutputProcessor::Unit::W,this->CompLoad,OutputProcessor::SOVTimeStepType::System,OutputProcessor::SOVStoreType::Average,this->Name
IceThermalStorage.cc,"""Ice Thermal Storage Change Fraction""",OutputProcessor::Unit::None,this->IceFracChange,OutputProcessor::SOVTimeStepType::System,OutputProcessor::SOVStoreType::Average,this->Name
IceThermalStorage.cc,"""Ice Thermal Storage End Fraction""",OutputProcessor::Unit::None,this->IceFracRemaining,OutputProcessor::SOVTimeStepType::System,OutputProcessor::SOVStoreType::Average,this->Name
IceThermalStorage.cc,"""Ice Thermal Storage On Coil Fraction""",OutputProcessor::Unit::None,this->IceFracOnCoil,OutputProcessor::SOVTimeStepType::System,OutputProcessor::SOVStoreType::Average,this->Name
IceThermalStorage.cc,"""Ice Thermal Storage Mass Flow Rate""",OutputProcessor::Unit::kg_s,this->MassFlowRate,OutputProcessor::SOVTimeStepType::System,OutputProcessor::SOVStoreType::Average,this->Name
IceThermalStorage.cc,"""Ice Thermal Storage Bypass Mass Flow Rate""",OutputProcessor::Unit::kg_s,this->BypassMassFlowRate,OutputProcessor::SOVTimeStepType::System,OutputProcessor::SOVStoreType::Average,this->Name
IceThermalStorage.cc,"""Ice Thermal Storage Tank Mass Flow Rate""",OutputProcessor::Unit::kg_s,this->TankMassFlowRate,OutputProcessor::SOVTimeStepType::System,OutputProcessor::SOVStoreType::Average,this->Name
IceThermalStorage.cc,"""Ice Thermal Storage Fluid Inlet Temperature""",OutputProcessor::Unit::C,this->InletTemp,OutputProcessor::SOVTimeStepType::System,OutputProcessor::SOVStoreType::Average,this->Name
IceThermalStorage.cc,"""Ice Thermal Storage Blended Outlet Temperature""",OutputProcessor::Unit::C,this->OutletTemp,OutputProcessor::SOVTimeStepType::System,OutputProcessor::SOVStoreType::Average,this->Name
IceThermalStorage.cc,"""Ice Thermal Storage Tank Outlet Temperature""",OutputProcessor::Unit::C,this->TankOutletTemp,OutputProcessor::SOVTimeStepType::System,OutputProcessor::SOVStoreType::Average,this->Name
IceThermalStorage.cc,"""Ice Thermal Storage Cooling Discharge Rate""",OutputProcessor::Unit::W,this->DischargingRate,OutputProcessor::SOVTimeStepType::System,OutputProcessor::SOVStoreType::Average,this->Name
IceThermalStorage.cc,"""Ice Thermal Storage Cooling Discharge Energy""",OutputProcessor::Unit::J,this->DischargingEnergy,OutputProcessor::SOVTimeStepType::System,OutputProcessor::SOVStoreType::Summed,this->Name
IceThermalStorage.cc,"""Ice Thermal Storage Cooling Charge Rate""",OutputProcessor::Unit::W,this->ChargingRate,OutputProcessor::SOVTimeStepType::System,OutputProcessor::SOVStoreType::Average,this->Name
IceThermalStorage.cc,"""Ice Thermal Storage Cooling Charge Energy""",OutputProcessor::Unit::J,this->ChargingEnergy,OutputProcessor::SOVTimeStepType::System,OutputProcessor::SOVStoreType::Summed,this->Name
IceThermalStorage.cc,"""Ice Thermal Storage Ancillary Electricity Rate""",OutputProcessor::Unit::W,this->ParasiticElecRate,OutputProcessor::SOVTimeStepType::System,OutputProcessor::SOVStoreType::Average,this->Name
IceThermalStorage.cc,"""Ice Thermal Storage Ancillary Electricity Energy""",OutputProcessor::Unit::J,this->ParasiticElecEnergy,OutputProcessor::SOVTimeStepType::System,OutputProcessor::SOVStoreType::Summed,this->Name
HighTempRadiantSystem.cc,"""Zone Radiant HVAC Heating Rate""",OutputProcessor::Unit::W,highTempRadSys.HeatPower,OutputProcessor::SOVTimeStepType::System,OutputProcessor::SOVStoreType::Average,highTempRadSys.Name
HighTempRadiantSystem.cc,"""Zone Radiant HVAC Heating Energy""",OutputProcessor::Unit::J,highTempRadSys.HeatEnergy,OutputProcessor::SOVTimeStepType::System,OutputProcessor::SOVStoreType::Summed,highTempRadSys.Name
HighTempRadiantSystem.cc,"""Zone Radiant HVAC NaturalGas Rate""",OutputProcessor::Unit::W,highTempRadSys.GasPower,OutputProcessor::SOVTimeStepType::System,OutputProcessor::SOVStoreType::Average,highTempRadSys.Name
HighTempRadiantSystem.cc,"""Zone Radiant HVAC NaturalGas Energy""",OutputProcessor::Unit::J,highTempRadSys.GasEnergy,OutputProcessor::SOVTimeStepType::System,OutputProcessor::SOVStoreType::Summed,highTempRadSys.Name
HighTempRadiantSystem.cc,"""Zone Radiant HVAC Electricity Rate""",OutputProcessor::Unit::W,highTempRadSys.ElecPower,OutputProcessor::SOVTimeStepType::System,OutputProcessor::SOVStoreType::Average,highTempRadSys.Name
HighTempRadiantSystem.cc,"""Zone Radiant HVAC Electricity Energy""",OutputProcessor::Unit::J,highTempRadSys.ElecEnergy,OutputProcessor::SOVTimeStepType::System,OutputProcessor::SOVStoreType::Summed,highTempRadSys.Name
LowTempRadiantSystem.cc,"""Zone Radiant HVAC Heating Rate""",OutputProcessor::Unit::W,thisHydrSys.HeatPower,OutputProcessor::SOVTimeStepType::System,OutputProcessor::SOVStoreType::Average,thisHydrSys.Name
LowTempRadiantSystem.cc,"""Zone Radiant HVAC Heating Energy""",OutputProcessor::Unit::J,thisHydrSys.HeatEnergy,OutputProcessor::SOVTimeStepType::System,OutputProcessor::SOVStoreType::Summed,thisHydrSys.Name
LowTempRadiantSystem.cc,"""Zone Radiant HVAC Heating Fluid Energy""",OutputProcessor::Unit::J,thisHydrSys.HeatEnergy,OutputProcessor::SOVTimeStepType::System,OutputProcessor::SOVStoreType::Summed,thisHydrSys.Name
LowTempRadiantSystem.cc,"""Zone Radiant HVAC Cooling Rate""",OutputProcessor::Unit::W,thisHydrSys.CoolPower,OutputProcessor::SOVTimeStepType::System,OutputProcessor::SOVStoreType::Average,thisHydrSys.Name
LowTempRadiantSystem.cc,"""Zone Radiant HVAC Cooling Energy""",OutputProcessor::Unit::J,thisHydrSys.CoolEnergy,OutputProcessor::SOVTimeStepType::System,OutputProcessor::SOVStoreType::Summed,thisHydrSys.Name
LowTempRadiantSystem.cc,"""Zone Radiant HVAC Cooling Fluid Energy""",OutputProcessor::Unit::J,thisHydrSys.CoolEnergy,OutputProcessor::SOVTimeStepType::System,OutputProcessor::SOVStoreType::Summed,thisHydrSys.Name
LowTempRadiantSystem.cc,"""Zone Radiant HVAC Mass Flow Rate""",OutputProcessor::Unit::kg_s,thisHydrSys.WaterMassFlowRate,OutputProcessor::SOVTimeStepType::System,OutputProcessor::SOVStoreType::Average,thisHydrSys.Name
LowTempRadiantSystem.cc,"""Zone Radiant HVAC Inlet Temperature""",OutputProcessor::Unit::C,thisHydrSys.WaterInletTemp,OutputProcessor::SOVTimeStepType::System,OutputProcessor::SOVStoreType::Average,thisHydrSys.Name
LowTempRadiantSystem.cc,"""Zone Radiant HVAC Outlet Temperature""",OutputProcessor::Unit::C,thisHydrSys.WaterOutletTemp,OutputProcessor::SOVTimeStepType::System,OutputProcessor::SOVStoreType::Average,thisHydrSys.Name
LowTempRadiantSystem.cc,"""Zone Radiant HVAC Moisture Condensation Time""",OutputProcessor::Unit::s,thisHydrSys.CondCausedTimeOff,OutputProcessor::SOVTimeStepType::System,OutputProcessor::SOVStoreType::Summed,thisHydrSys.Name
LowTempRadiantSystem.cc,"""Zone Radiant HVAC Operation Mode""",OutputProcessor::Unit::None,thisHydrSys.OperatingMode,OutputProcessor::SOVTimeStepType::System,OutputProcessor::SOVStoreType::Average,thisHydrSys.Name
LowTempRadiantSystem.cc,"""Zone Radiant HVAC Heating Rate""",OutputProcessor::Unit::W,thisCFloSys.HeatPower,OutputProcessor::SOVTimeStepType::System,OutputProcessor::SOVStoreType::Average,thisCFloSys.Name
LowTempRadiantSystem.cc,"""Zone Radiant HVAC Heating Energy""",OutputProcessor::Unit::J,thisCFloSys.HeatEnergy,OutputProcessor::SOVTimeStepType::System,OutputProcessor::SOVStoreType::Summed,thisCFloSys.Name
LowTempRadiantSystem.cc,"""Zone Radiant HVAC Heating Fluid Heat Transfer Energy""",OutputProcessor::Unit::J,thisCFloSys.HeatEnergy,OutputProcessor::SOVTimeStepType::System,OutputProcessor::SOVStoreType::Summed,thisCFloSys.Name
LowTempRadiantSystem.cc,"""Zone Radiant HVAC Cooling Rate""",OutputProcessor::Unit::W,thisCFloSys.CoolPower,OutputProcessor::SOVTimeStepType::System,OutputProcessor::SOVStoreType::Average,thisCFloSys.Name
LowTempRadiantSystem.cc,"""Zone Radiant HVAC Cooling Energy""",OutputProcessor::Unit::J,thisCFloSys.CoolEnergy,OutputProcessor::SOVTimeStepType::System,OutputProcessor::SOVStoreType::Summed,thisCFloSys.Name
LowTempRadiantSystem.cc,"""Zone Radiant HVAC Cooling Fluid Heat Transfer Energy""",OutputProcessor::Unit::J,thisCFloSys.CoolEnergy,OutputProcessor::SOVTimeStepType::System,OutputProcessor::SOVStoreType::Summed,thisCFloSys.Name
LowTempRadiantSystem.cc,"""Zone Radiant HVAC Mass Flow Rate""",OutputProcessor::Unit::kg_s,thisCFloSys.WaterMassFlowRate,OutputProcessor::SOVTimeStepType::System,OutputProcessor::SOVStoreType::Average,thisCFloSys.Name
LowTempRadiantSystem.cc,"""Zone Radiant HVAC Injection Mass Flow Rate""",OutputProcessor::Unit::kg_s,thisCFloSys.WaterInjectionRate,OutputProcessor::SOVTimeStepType::System,OutputProcessor::SOVStoreType::Average,thisCFloSys.Name
LowTempRadiantSystem.cc,"""Zone Radiant HVAC Recirculation Mass Flow Rate""",OutputProcessor::Unit::kg_s,thisCFloSys.WaterRecircRate,OutputProcessor::SOVTimeStepType::System,OutputProcessor::SOVStoreType::Average,thisCFloSys.Name
LowTempRadiantSystem.cc,"""Zone Radiant HVAC Inlet Temperature""",OutputProcessor::Unit::C,thisCFloSys.WaterInletTemp,OutputProcessor::SOVTimeStepType::System,OutputProcessor::SOVStoreType::Average,thisCFloSys.Name
LowTempRadiantSystem.cc,"""Zone Radiant HVAC Outlet Temperature""",OutputProcessor::Unit::C,thisCFloSys.WaterOutletTemp,OutputProcessor::SOVTimeStepType::System,OutputProcessor::SOVStoreType::Average,thisCFloSys.Name
LowTempRadiantSystem.cc,"""Zone Radiant HVAC Pump Inlet Temperature""",OutputProcessor::Unit::C,thisCFloSys.PumpInletTemp,OutputProcessor::SOVTimeStepType::System,OutputProcessor::SOVStoreType::Average,thisCFloSys.Name
LowTempRadiantSystem.cc,"""Zone Radiant HVAC Pump Electricity Rate""",OutputProcessor::Unit::W,thisCFloSys.PumpPower,OutputProcessor::SOVTimeStepType::System,OutputProcessor::SOVStoreType::Average,thisCFloSys.Name
LowTempRadiantSystem.cc,"""Zone Radiant HVAC Pump Electricity Energy""",OutputProcessor::Unit::J,thisCFloSys.PumpEnergy,OutputProcessor::SOVTimeStepType::System,OutputProcessor::SOVStoreType::Summed,thisCFloSys.Name
LowTempRadiantSystem.cc,"""Zone Radiant HVAC Pump Mass Flow Rate""",OutputProcessor::Unit::kg_s,thisCFloSys.PumpMassFlowRate,OutputProcessor::SOVTimeStepType::System,OutputProcessor::SOVStoreType::Average,thisCFloSys.Name
LowTempRadiantSystem.cc,"""Zone Radiant HVAC Pump Fluid Heat Gain Rate""",OutputProcessor::Unit::W,thisCFloSys.PumpHeattoFluid,OutputProcessor::SOVTimeStepType::System,OutputProcessor::SOVStoreType::Average,thisCFloSys.Name
LowTempRadiantSystem.cc,"""Zone Radiant HVAC Pump Fluid Heat Gain Energy""",OutputProcessor::Unit::J,thisCFloSys.PumpHeattoFluidEnergy,OutputProcessor::SOVTimeStepType::System,OutputProcessor::SOVStoreType::Summed,thisCFloSys.Name
LowTempRadiantSystem.cc,"""Zone Radiant HVAC Moisture Condensation Time""",OutputProcessor::Unit::s,thisCFloSys.CondCausedTimeOff,OutputProcessor::SOVTimeStepType::System,OutputProcessor::SOVStoreType::Summed,thisCFloSys.Name
LowTempRadiantSystem.cc,"""Zone Radiant HVAC Operation Mode""",OutputProcessor::Unit::None,thisCFloSys.OperatingMode,OutputProcessor::SOVTimeStepType::System,OutputProcessor::SOVStoreType::Average,thisCFloSys.Name
LowTempRadiantSystem.cc,"""Zone Radiant HVAC Running Mean Outdoor Dry-Bulb Temperature""",OutputProcessor::Unit::C,thisCFloSys.todayRunningMeanOutdoorDryBulbTemperature,OutputProcessor::SOVTimeStepType::System,OutputProcessor::SOVStoreType::Average,thisCFloSys.Name
LowTempRadiantSystem.cc,"""Zone Radiant HVAC Previous Day Running Mean Outdoor Dry-Bulb Temperature""",OutputProcessor::Unit::C,thisCFloSys.yesterdayRunningMeanOutdoorDryBulbTemperature,OutputProcessor::SOVTimeStepType::System,OutputProcessor::SOVStoreType::Average,thisCFloSys.Name
LowTempRadiantSystem.cc,"""Zone Radiant HVAC Previous Day Average Outdoor Dry-Bulb Temperature""",OutputProcessor::Unit::C,thisCFloSys.yesterdayAverageOutdoorDryBulbTemperature,OutputProcessor::SOVTimeStepType::System,OutputProcessor::SOVStoreType::Average,thisCFloSys.Name
LowTempRadiantSystem.cc,"""Zone Radiant HVAC Electricity Rate""",OutputProcessor::Unit::W,thisElecSys.ElecPower,OutputProcessor::SOVTimeStepType::System,OutputProcessor::SOVStoreType::Average,thisElecSys.Name
LowTempRadiantSystem.cc,"""Zone Radiant HVAC Electricity Energy""",OutputProcessor::Unit::J,thisElecSys.ElecEnergy,OutputProcessor::SOVTimeStepType::System,OutputProcessor::SOVStoreType::Summed,thisElecSys.Name
LowTempRadiantSystem.cc,"""Zone Radiant HVAC Heating Rate""",OutputProcessor::Unit::W,thisElecSys.HeatPower,OutputProcessor::SOVTimeStepType::System,OutputProcessor::SOVStoreType::Average,thisElecSys.Name
LowTempRadiantSystem.cc,"""Zone Radiant HVAC Heating Energy""",OutputProcessor::Unit::J,thisElecSys.HeatEnergy,OutputProcessor::SOVTimeStepType::System,OutputProcessor::SOVStoreType::Summed,thisElecSys.Name
EarthTube.cc,"""Earth Tube Zone Sensible Cooling Energy""",OutputProcessor::Unit::J,thisZnRptET.EarthTubeHeatLoss,OutputProcessor::SOVTimeStepType::System,OutputProcessor::SOVStoreType::NonState,zone.Name
EarthTube.cc,"""Earth Tube Zone Sensible Cooling Rate""",OutputProcessor::Unit::W,thisZnRptET.EarthTubeHeatLossRate,OutputProcessor::SOVTimeStepType::System,OutputProcessor::SOVStoreType::State,zone.Name
EarthTube.cc,"""Earth Tube Zone Sensible Heating Energy""",OutputProcessor::Unit::J,thisZnRptET.EarthTubeHeatGain,OutputProcessor::SOVTimeStepType::System,OutputProcessor::SOVStoreType::NonState,zone.Name
EarthTube.cc,"""Earth Tube Zone Sensible Heating Rate""",OutputProcessor::Unit::W,thisZnRptET.EarthTubeHeatGainRate,OutputProcessor::SOVTimeStepType::System,OutputProcessor::SOVStoreType::State,zone.Name
EarthTube.cc,"""Earth Tube Air Flow Volume""",OutputProcessor::Unit::m3,thisZnRptET.EarthTubeVolume,OutputProcessor::SOVTimeStepType::System,OutputProcessor::SOVStoreType::NonState,zone.Name
EarthTube.cc,"""Earth Tube Current Density Air Volume Flow Rate""",OutputProcessor::Unit::m3_s,thisZnRptET.EarthTubeVolFlowRate,OutputProcessor::SOVTimeStepType::System,OutputProcessor::SOVStoreType::State,zone.Name
EarthTube.cc,"""Earth Tube Standard Density Air Volume Flow Rate""",OutputProcessor::Unit::m3_s,thisZnRptET.EarthTubeVolFlowRateStd,OutputProcessor::SOVTimeStepType::System,OutputProcessor::SOVStoreType::State,zone.Name
EarthTube.cc,"""Earth Tube Air Flow Mass""",OutputProcessor::Unit::kg,thisZnRptET.EarthTubeMass,OutputProcessor::SOVTimeStepType::System,OutputProcessor::SOVStoreType::NonState,zone.Name
EarthTube.cc,"""Earth Tube Air Mass Flow Rate""",OutputProcessor::Unit::kg_s,thisZnRptET.EarthTubeMassFlowRate,OutputProcessor::SOVTimeStepType::System,OutputProcessor::SOVStoreType::State,zone.Name
EarthTube.cc,"""Earth Tube Water Mass Flow Rate""",OutputProcessor::Unit::kg_s,thisZnRptET.EarthTubeWaterMassFlowRate,OutputProcessor::SOVTimeStepType::System,OutputProcessor::SOVStoreType::State,zone.Name
EarthTube.cc,"""Earth Tube Fan Electricity Energy""",OutputProcessor::Unit::J,thisZnRptET.EarthTubeFanElec,OutputProcessor::SOVTimeStepType::System,OutputProcessor::SOVStoreType::NonState,zone.Name
EarthTube.cc,"""Earth Tube Fan Electricity Rate""",OutputProcessor::Unit::W,thisZnRptET.EarthTubeFanElecPower,OutputProcessor::SOVTimeStepType::System,OutputProcessor::SOVStoreType::State,zone.Name
EarthTube.cc,"""Earth Tube Zone Inlet Air Temperature""",OutputProcessor::Unit::C,thisZnRptET.EarthTubeAirTemp,OutputProcessor::SOVTimeStepType::System,OutputProcessor::SOVStoreType::State,zone.Name
EarthTube.cc,"""Earth Tube Ground Interface Temperature""",OutputProcessor::Unit::C,thisEarthTube.GroundTempt,OutputProcessor::SOVTimeStepType::System,OutputProcessor::SOVStoreType::State,zone.Name
EarthTube.cc,"""Earth Tube Outdoor Air Heat Transfer Rate""",OutputProcessor::Unit::W,thisZnRptET.EarthTubeOATreatmentPower,OutputProcessor::SOVTimeStepType::System,OutputProcessor::SOVStoreType::State,zone.Name
EarthTube.cc,"""Earth Tube Zone Inlet Wet Bulb Temperature""",OutputProcessor::Unit::C,thisZnRptET.EarthTubeWetBulbTemp,OutputProcessor::SOVTimeStepType::System,OutputProcessor::SOVStoreType::State,zone.Name
EarthTube.cc,"""Earth Tube Zone Inlet Humidity Ratio""",OutputProcessor::Unit::kgWater_kgDryAir,thisZnRptET.EarthTubeHumRat,OutputProcessor::SOVTimeStepType::System,OutputProcessor::SOVStoreType::State,zone.Name
EarthTube.cc,"format(""Earth Tube Node Temperature {}"", nodeNum)",OutputProcessor::Unit::C,thisEarthTube.tCurrent[nodeNum - 1],OutputProcessor::SOVTimeStepType::Zone,OutputProcessor::SOVStoreType::State,zone.Name
EarthTube.cc,"format(""Earth Tube Undisturbed Ground Temperature {}"", nodeNum)",OutputProcessor::Unit::C,thisEarthTube.tUndist[nodeNum - 1],OutputProcessor::SOVTimeStepType::Zone,OutputProcessor::SOVStoreType::State,zone.Name
EarthTube.cc,"""Earth Tube Upper Boundary Ground Temperature""",OutputProcessor::Unit::C,thisEarthTube.tUpperBound,OutputProcessor::SOVTimeStepType::Zone,OutputProcessor::SOVStoreType::State,zone.Name
EarthTube.cc,"""Earth Tube Lower Boundary Ground Temperature""",OutputProcessor::Unit::C,thisEarthTube.tLowerBound,OutputProcessor::SOVTimeStepType::Zone,OutputProcessor::SOVStoreType::State,zone.Name
DXCoils.cc,"""Cooling Coil Total Cooling Rate""",OutputProcessor::Unit::W,thisDXCoil.TotalCoolingEnergyRate,OutputProcessor::SOVTimeStepType::System,OutputProcessor::SOVStoreType::Average,thisDXCoil.Name
DXCoils.cc,"""Cooling Coil Total Cooling Energy""",OutputProcessor::Unit::J,thisDXCoil.TotalCoolingEnergy,OutputProcessor::SOVTimeStepType::System,OutputProcessor::SOVStoreType::Summed,thisDXCoil.Name
DXCoils.cc,"""Cooling Coil Sensible Cooling Rate""",OutputProcessor::Unit::W,thisDXCoil.SensCoolingEnergyRate,OutputProcessor::SOVTimeStepType::System,OutputProcessor::SOVStoreType::Average,thisDXCoil.Name
DXCoils.cc,"""Cooling Coil Sensible Cooling Energy""",OutputProcessor::Unit::J,thisDXCoil.SensCoolingEnergy,OutputProcessor::SOVTimeStepType::System,OutputProcessor::SOVStoreType::Summed,thisDXCoil.Name
DXCoils.cc,"""Cooling Coil Latent Cooling Rate""",OutputProcessor::Unit::W,thisDXCoil.LatCoolingEnergyRate,OutputProcessor::SOVTimeStepType::System,OutputProcessor::SOVStoreType::Average,thisDXCoil.Name
DXCoils.cc,"""Cooling Coil Latent Cooling Energy""",OutputProcessor::Unit::J,thisDXCoil.LatCoolingEnergy,OutputProcessor::SOVTimeStepType::System,OutputProcessor::SOVStoreType::Summed,thisDXCoil.Name
DXCoils.cc,"""Cooling Coil Electricity Rate""",OutputProcessor::Unit::W,thisDXCoil.ElecCoolingPower,OutputProcessor::SOVTimeStepType::System,OutputProcessor::SOVStoreType::Average,thisDXCoil.Name
DXCoils.cc,"""Cooling Coil Electricity Energy""",OutputProcessor::Unit::J,thisDXCoil.ElecCoolingConsumption,OutputProcessor::SOVTimeStepType::System,OutputProcessor::SOVStoreType::Summed,thisDXCoil.Name
DXCoils.cc,"""Cooling Coil Runtime Fraction""",OutputProcessor::Unit::None,thisDXCoil.CoolingCoilRuntimeFraction,OutputProcessor::SOVTimeStepType::System,OutputProcessor::SOVStoreType::Average,thisDXCoil.Name
DXCoils.cc,"""Secondary Coil Heat Rejection Rate""",OutputProcessor::Unit::W,thisDXCoil.SecCoilSensibleHeatGainRate,OutputProcessor::SOVTimeStepType::System,OutputProcessor::SOVStoreType::Average,thisDXCoil.Name
DXCoils.cc,"""Cooling Coil Condensate Volume Flow Rate""",OutputProcessor::Unit::m3_s,thisDXCoil.CondensateVdot,OutputProcessor::SOVTimeStepType::System,OutputProcessor::SOVStoreType::Average,thisDXCoil.Name
DXCoils.cc,"""Cooling Coil Condensate Volume""",OutputProcessor::Unit::m3,thisDXCoil.CondensateVol,OutputProcessor::SOVTimeStepType::System,OutputProcessor::SOVStoreType::Summed,thisDXCoil.Name
DXCoils.cc,"""Cooling Coil Condenser Inlet Temperature""",OutputProcessor::Unit::C,thisDXCoil.CondInletTemp,OutputProcessor::SOVTimeStepType::System,OutputProcessor::SOVStoreType::Average,thisDXCoil.Name
DXCoils.cc,"""Cooling Coil Evaporative Condenser Water Volume""",OutputProcessor::Unit::m3,thisDXCoil.EvapWaterConsump,OutputProcessor::SOVTimeStepType::System,OutputProcessor::SOVStoreType::Summed,thisDXCoil.Name
DXCoils.cc,"""Cooling Coil Evaporative Condenser Mains Supply Water Volume""",OutputProcessor::Unit::m3,thisDXCoil.EvapWaterConsump,OutputProcessor::SOVTimeStepType::System,OutputProcessor::SOVStoreType::Summed,thisDXCoil.Name
DXCoils.cc,"""Cooling Coil Evaporative Condenser Pump Electricity Rate""",OutputProcessor::Unit::W,thisDXCoil.EvapCondPumpElecPower,OutputProcessor::SOVTimeStepType::System,OutputProcessor::SOVStoreType::Average,thisDXCoil.Name
DXCoils.cc,"""Cooling Coil Evaporative Condenser Pump Electricity Energy""",OutputProcessor::Unit::J,thisDXCoil.EvapCondPumpElecConsumption,OutputProcessor::SOVTimeStepType::System,OutputProcessor::SOVStoreType::Summed,thisDXCoil.Name
DXCoils.cc,"""Cooling Coil Basin Heater Electricity Rate""",OutputProcessor::Unit::W,thisDXCoil.BasinHeaterPower,OutputProcessor::SOVTimeStepType::System,OutputProcessor::SOVStoreType::Average,thisDXCoil.Name
DXCoils.cc,"""Cooling Coil Basin Heater Electricity Energy""",OutputProcessor::Unit::J,thisDXCoil.BasinHeaterConsumption,OutputProcessor::SOVTimeStepType::System,OutputProcessor::SOVStoreType::Summed,thisDXCoil.Name
DXCoils.cc,"""Cooling Coil Stage 2 Runtime Fraction""",OutputProcessor::Unit::None,thisDXCoil.CoolingCoilStg2RuntimeFrac,OutputProcessor::SOVTimeStepType::System,OutputProcessor::SOVStoreType::Average,thisDXCoil.Name
DXCoils.cc,"""Cooling Coil Dehumidification Mode""",OutputProcessor::Unit::None,thisDXCoil.DehumidificationMode,OutputProcessor::SOVTimeStepType::System,OutputProcessor::SOVStoreType::Average,thisDXCoil.Name
DXCoils.cc,"""Heating Coil Heating Rate""",OutputProcessor::Unit::W,thisDXCoil.TotalHeatingEnergyRate,OutputProcessor::SOVTimeStepType::System,OutputProcessor::SOVStoreType::Average,thisDXCoil.Name
DXCoils.cc,"""Heating Coil Heating Energy""",OutputProcessor::Unit::J,thisDXCoil.TotalHeatingEnergy,OutputProcessor::SOVTimeStepType::System,OutputProcessor::SOVStoreType::Summed,thisDXCoil.Name
DXCoils.cc,"""Heating Coil Electricity Rate""",OutputProcessor::Unit::W,thisDXCoil.ElecHeatingPower,OutputProcessor::SOVTimeStepType::System,OutputProcessor::SOVStoreType::Average,thisDXCoil.Name
DXCoils.cc,"""Heating Coil Electricity Energy""",OutputProcessor::Unit::J,thisDXCoil.ElecHeatingConsumption,OutputProcessor::SOVTimeStepType::System,OutputProcessor::SOVStoreType::Summed,thisDXCoil.Name
DXCoils.cc,"""Heating Coil Defrost Electricity Rate""",OutputProcessor::Unit::W,thisDXCoil.DefrostPower,OutputProcessor::SOVTimeStepType::System,OutputProcessor::SOVStoreType::Average,thisDXCoil.Name
DXCoils.cc,"""Heating Coil Defrost Electricity Energy""",OutputProcessor::Unit::J,thisDXCoil.DefrostConsumption,OutputProcessor::SOVTimeStepType::System,OutputProcessor::SOVStoreType::Summed,thisDXCoil.Name
DXCoils.cc,"""Heating Coil Crankcase Heater Electricity Rate""",OutputProcessor::Unit::W,thisDXCoil.CrankcaseHeaterPower,OutputProcessor::SOVTimeStepType::System,OutputProcessor::SOVStoreType::Average,thisDXCoil.Name
DXCoils.cc,"""Heating Coil Crankcase Heater Electricity Energy""",OutputProcessor::Unit::J,thisDXCoil.CrankcaseHeaterConsumption,OutputProcessor::SOVTimeStepType::System,OutputProcessor::SOVStoreType::Summed,thisDXCoil.Name
DXCoils.cc,"""Heating Coil Runtime Fraction""",OutputProcessor::Unit::None,thisDXCoil.HeatingCoilRuntimeFraction,OutputProcessor::SOVTimeStepType::System,OutputProcessor::SOVStoreType::Average,thisDXCoil.Name
DXCoils.cc,"""Secondary Coil Total Heat Removal Rate""",OutputProcessor::Unit::W,thisDXCoil.SecCoilTotalHeatRemovalRate,OutputProcessor::SOVTimeStepType::System,OutputProcessor::SOVStoreType::Average,thisDXCoil.Name
DXCoils.cc,"""Secondary Coil Sensible Heat Removal Rate""",OutputProcessor::Unit::W,thisDXCoil.SecCoilSensibleHeatRemovalRate,OutputProcessor::SOVTimeStepType::System,OutputProcessor::SOVStoreType::Average,thisDXCoil.Name
DXCoils.cc,"""Secondary Coil Latent Heat Removal Rate""",OutputProcessor::Unit::W,thisDXCoil.SecCoilLatentHeatRemovalRate,OutputProcessor::SOVTimeStepType::System,OutputProcessor::SOVStoreType::Average,thisDXCoil.Name
DXCoils.cc,"""Secondary Coil Sensible Heat Ratio""",OutputProcessor::Unit::None,thisDXCoil.SecCoilSHR,OutputProcessor::SOVTimeStepType::System,OutputProcessor::SOVStoreType::Average,thisDXCoil.Name
DXCoils.cc,"""Secondary Coil Compressor Part Load Ratio""",OutputProcessor::Unit::None,thisDXCoil.CompressorPartLoadRatio,OutputProcessor::SOVTimeStepType::System,OutputProcessor::SOVStoreType::Average,thisDXCoil.Name
DXCoils.cc,"""Cooling Coil Total Cooling Rate""",OutputProcessor::Unit::W,thisDXCoil.TotalCoolingEnergyRate,OutputProcessor::SOVTimeStepType::System,OutputProcessor::SOVStoreType::Average,thisDXCoil.Name
DXCoils.cc,"""Cooling Coil Total Cooling Energy""",OutputProcessor::Unit::J,thisDXCoil.TotalCoolingEnergy,OutputProcessor::SOVTimeStepType::System,OutputProcessor::SOVStoreType::Summed,thisDXCoil.Name
DXCoils.cc,"""Cooling Coil Sensible Cooling Rate""",OutputProcessor::Unit::W,thisDXCoil.SensCoolingEnergyRate,OutputProcessor::SOVTimeStepType::System,OutputProcessor::SOVStoreType::Average,thisDXCoil.Name
DXCoils.cc,"""Cooling Coil Sensible Cooling Energy""",OutputProcessor::Unit::J,thisDXCoil.SensCoolingEnergy,OutputProcessor::SOVTimeStepType::System,OutputProcessor::SOVStoreType::Summed,thisDXCoil.Name
DXCoils.cc,"""Cooling Coil Latent Cooling Rate""",OutputProcessor::Unit::W,thisDXCoil.LatCoolingEnergyRate,OutputProcessor::SOVTimeStepType::System,OutputProcessor::SOVStoreType::Average,thisDXCoil.Name
DXCoils.cc,"""Cooling Coil Latent Cooling Energy""",OutputProcessor::Unit::J,thisDXCoil.LatCoolingEnergy,OutputProcessor::SOVTimeStepType::System,OutputProcessor::SOVStoreType::Summed,thisDXCoil.Name
DXCoils.cc,"""Cooling Coil Electricity Rate""",OutputProcessor::Unit::W,thisDXCoil.ElecCoolingPower,OutputProcessor::SOVTimeStepType::System,OutputProcessor::SOVStoreType::Average,thisDXCoil.Name
DXCoils.cc,"""Cooling Coil Electricity Energy""",OutputProcessor::Unit::J,thisDXCoil.ElecCoolingConsumption,OutputProcessor::SOVTimeStepType::System,OutputProcessor::SOVStoreType::Summed,thisDXCoil.Name
DXCoils.cc,"""Cooling Coil Runtime Fraction""",OutputProcessor::Unit::None,thisDXCoil.CoolingCoilRuntimeFraction,OutputProcessor::SOVTimeStepType::System,OutputProcessor::SOVStoreType::Average,thisDXCoil.Name
DXCoils.cc,"""Secondary Coil Heat Rejection Rate""",OutputProcessor::Unit::W,thisDXCoil.SecCoilSensibleHeatGainRate,OutputProcessor::SOVTimeStepType::System,OutputProcessor::SOVStoreType::Average,thisDXCoil.Name
DXCoils.cc,"""Cooling Coil Condenser Inlet Temperature""",OutputProcessor::Unit::C,thisDXCoil.CondInletTemp,OutputProcessor::SOVTimeStepType::System,OutputProcessor::SOVStoreType::Average,thisDXCoil.Name
DXCoils.cc,"""Cooling Coil Evaporative Condenser Water Volume""",OutputProcessor::Unit::m3,thisDXCoil.EvapWaterConsump,OutputProcessor::SOVTimeStepType::System,OutputProcessor::SOVStoreType::Summed,thisDXCoil.Name
DXCoils.cc,"""Cooling Coil Evaporative Condenser Mains Supply Water Volume""",OutputProcessor::Unit::m3,thisDXCoil.EvapWaterConsump,OutputProcessor::SOVTimeStepType::System,OutputProcessor::SOVStoreType::Summed,thisDXCoil.Name
DXCoils.cc,"""Cooling Coil Evaporative Condenser Pump Electricity Rate""",OutputProcessor::Unit::W,thisDXCoil.EvapCondPumpElecPower,OutputProcessor::SOVTimeStepType::System,OutputProcessor::SOVStoreType::Average,thisDXCoil.Name
DXCoils.cc,"""Cooling Coil Evaporative Condenser Pump Electricity Energy""",OutputProcessor::Unit::J,thisDXCoil.EvapCondPumpElecConsumption,OutputProcessor::SOVTimeStepType::System,OutputProcessor::SOVStoreType::Summed,thisDXCoil.Name
DXCoils.cc,"""Cooling Coil Basin Heater Electricity Rate""",OutputProcessor::Unit::W,thisDXCoil.BasinHeaterPower,OutputProcessor::SOVTimeStepType::System,OutputProcessor::SOVStoreType::Average,thisDXCoil.Name
DXCoils.cc,"""Cooling Coil Basin Heater Electricity Energy""",OutputProcessor::Unit::J,thisDXCoil.BasinHeaterConsumption,OutputProcessor::SOVTimeStepType::System,OutputProcessor::SOVStoreType::Summed,thisDXCoil.Name
DXCoils.cc,"""Cooling Coil Total Cooling Rate""",OutputProcessor::Unit::W,thisDXCoil.TotalCoolingEnergyRate,OutputProcessor::SOVTimeStepType::System,OutputProcessor::SOVStoreType::Average,thisDXCoil.Name
DXCoils.cc,"""Cooling Coil Total Cooling Energy""",OutputProcessor::Unit::J,thisDXCoil.TotalCoolingEnergy,OutputProcessor::SOVTimeStepType::System,OutputProcessor::SOVStoreType::Summed,thisDXCoil.Name
DXCoils.cc,"""Cooling Coil Total Cooling Energy""",OutputProcessor::Unit::J,thisDXCoil.TotalCoolingEnergy,OutputProcessor::SOVTimeStepType::System,OutputProcessor::SOVStoreType::Summed,thisDXCoil.Name
DXCoils.cc,"""Cooling Coil Sensible Cooling Rate""",OutputProcessor::Unit::W,thisDXCoil.SensCoolingEnergyRate,OutputProcessor::SOVTimeStepType::System,OutputProcessor::SOVStoreType::Average,thisDXCoil.Name
DXCoils.cc,"""Cooling Coil Sensible Cooling Energy""",OutputProcessor::Unit::J,thisDXCoil.SensCoolingEnergy,OutputProcessor::SOVTimeStepType::System,OutputProcessor::SOVStoreType::Summed,thisDXCoil.Name
DXCoils.cc,"""Cooling Coil Latent Cooling Rate""",OutputProcessor::Unit::W,thisDXCoil.LatCoolingEnergyRate,OutputProcessor::SOVTimeStepType::System,OutputProcessor::SOVStoreType::Average,thisDXCoil.Name
DXCoils.cc,"""Cooling Coil Latent Cooling Energy""",OutputProcessor::Unit::J,thisDXCoil.LatCoolingEnergy,OutputProcessor::SOVTimeStepType::System,OutputProcessor::SOVStoreType::Summed,thisDXCoil.Name
DXCoils.cc,"""Cooling Coil Runtime Fraction""",OutputProcessor::Unit::None,thisDXCoil.CoolingCoilRuntimeFraction,OutputProcessor::SOVTimeStepType::System,OutputProcessor::SOVStoreType::Average,thisDXCoil.Name
DXCoils.cc,"""Cooling Coil Crankcase Heater Electricity Rate""",OutputProcessor::Unit::W,thisDXCoil.CrankcaseHeaterPower,OutputProcessor::SOVTimeStepType::System,OutputProcessor::SOVStoreType::Average,thisDXCoil.Name
DXCoils.cc,"""Cooling Coil Crankcase Heater Electricity Energy""",OutputProcessor::Unit::J,thisDXCoil.CrankcaseHeaterConsumption,OutputProcessor::SOVTimeStepType::System,OutputProcessor::SOVStoreType::Summed,thisDXCoil.Name
DXCoils.cc,"""Cooling Coil Total Water Heating Rate""",OutputProcessor::Unit::W,thisDXCoil.TotalHeatingEnergyRate,OutputProcessor::SOVTimeStepType::System,OutputProcessor::SOVStoreType::Average,thisDXCoil.Name
DXCoils.cc,"""Cooling Coil Total Water Heating Energy""",OutputProcessor::Unit::J,thisDXCoil.TotalHeatingEnergy,OutputProcessor::SOVTimeStepType::System,OutputProcessor::SOVStoreType::Summed,thisDXCoil.Name
DXCoils.cc,"""Cooling Coil Water Heating Electricity Rate""",OutputProcessor::Unit::W,thisDXCoil.ElecWaterHeatingPower,OutputProcessor::SOVTimeStepType::System,OutputProcessor::SOVStoreType::Average,thisDXCoil.Name
DXCoils.cc,"""Cooling Coil Water Heating Electricity Energy""",OutputProcessor::Unit::J,thisDXCoil.ElecWaterHeatingConsumption,OutputProcessor::SOVTimeStepType::System,OutputProcessor::SOVStoreType::Summed,thisDXCoil.Name
DXCoils.cc,"""Cooling Coil Total Cooling Rate""",OutputProcessor::Unit::W,thisDXCoil.TotalCoolingEnergyRate,OutputProcessor::SOVTimeStepType::System,OutputProcessor::SOVStoreType::Average,thisDXCoil.Name
DXCoils.cc,"""Cooling Coil Total Cooling Energy""",OutputProcessor::Unit::J,thisDXCoil.TotalCoolingEnergy,OutputProcessor::SOVTimeStepType::System,OutputProcessor::SOVStoreType::Summed,thisDXCoil.Name
DXCoils.cc,"""Cooling Coil Sensible Cooling Rate""",OutputProcessor::Unit::W,thisDXCoil.SensCoolingEnergyRate,OutputProcessor::SOVTimeStepType::System,OutputProcessor::SOVStoreType::Average,thisDXCoil.Name
DXCoils.cc,"""Cooling Coil Sensible Cooling Energy""",OutputProcessor::Unit::J,thisDXCoil.SensCoolingEnergy,OutputProcessor::SOVTimeStepType::System,OutputProcessor::SOVStoreType::Summed,thisDXCoil.Name
DXCoils.cc,"""Cooling Coil Latent Cooling Rate""",OutputProcessor::Unit::W,thisDXCoil.LatCoolingEnergyRate,OutputProcessor::SOVTimeStepType::System,OutputProcessor::SOVStoreType::Average,thisDXCoil.Name
DXCoils.cc,"""Cooling Coil Latent Cooling Energy""",OutputProcessor::Unit::J,thisDXCoil.LatCoolingEnergy,OutputProcessor::SOVTimeStepType::System,OutputProcessor::SOVStoreType::Summed,thisDXCoil.Name
DXCoils.cc,"""Cooling Coil Electricity Rate""",OutputProcessor::Unit::W,thisDXCoil.ElecCoolingPower,OutputProcessor::SOVTimeStepType::System,OutputProcessor::SOVStoreType::Average,thisDXCoil.Name
DXCoils.cc,"""Cooling Coil Electricity Energy""",OutputProcessor::Unit::J,thisDXCoil.ElecCoolingConsumption,OutputProcessor::SOVTimeStepType::System,OutputProcessor::SOVStoreType::Summed,thisDXCoil.Name
DXCoils.cc,"format(""Cooling Coil {} Rate"", sFuelType)",OutputProcessor::Unit::W,thisDXCoil.FuelUsed,OutputProcessor::SOVTimeStepType::System,OutputProcessor::SOVStoreType::Average,thisDXCoil.Name
DXCoils.cc,"format(""Cooling Coil {} Energy"", sFuelType)",OutputProcessor::Unit::J,thisDXCoil.FuelConsumed,OutputProcessor::SOVTimeStepType::System,OutputProcessor::SOVStoreType::Summed,thisDXCoil.Name
DXCoils.cc,"""Cooling Coil Runtime Fraction""",OutputProcessor::Unit::None,thisDXCoil.CoolingCoilRuntimeFraction,OutputProcessor::SOVTimeStepType::System,OutputProcessor::SOVStoreType::Average,thisDXCoil.Name
DXCoils.cc,"""Cooling Coil Condenser Inlet Temperature""",OutputProcessor::Unit::C,thisDXCoil.CondInletTemp,OutputProcessor::SOVTimeStepType::System,OutputProcessor::SOVStoreType::Average,thisDXCoil.Name
DXCoils.cc,"""Cooling Coil Evaporative Condenser Water Volume""",OutputProcessor::Unit::m3,thisDXCoil.EvapWaterConsump,OutputProcessor::SOVTimeStepType::System,OutputProcessor::SOVStoreType::Summed,thisDXCoil.Name
DXCoils.cc,"""Cooling Coil Evaporative Condenser Mains Supply Water Volume""",OutputProcessor::Unit::m3,thisDXCoil.EvapWaterConsump,OutputProcessor::SOVTimeStepType::System,OutputProcessor::SOVStoreType::Summed,thisDXCoil.Name
DXCoils.cc,"""Cooling Coil Evaporative Condenser Pump Electricity Rate""",OutputProcessor::Unit::W,thisDXCoil.EvapCondPumpElecPower,OutputProcessor::SOVTimeStepType::System,OutputProcessor::SOVStoreType::Average,thisDXCoil.Name
DXCoils.cc,"""Cooling Coil Evaporative Condenser Pump Electricity Energy""",OutputProcessor::Unit::J,thisDXCoil.EvapCondPumpElecConsumption,OutputProcessor::SOVTimeStepType::System,OutputProcessor::SOVStoreType::Summed,thisDXCoil.Name
DXCoils.cc,"""Cooling Coil Basin Heater Electricity Rate""",OutputProcessor::Unit::W,thisDXCoil.BasinHeaterPower,OutputProcessor::SOVTimeStepType::System,OutputProcessor::SOVStoreType::Average,thisDXCoil.Name
DXCoils.cc,"""Cooling Coil Basin Heater Electricity Energy""",OutputProcessor::Unit::J,thisDXCoil.BasinHeaterConsumption,OutputProcessor::SOVTimeStepType::System,OutputProcessor::SOVStoreType::Summed,thisDXCoil.Name
DXCoils.cc,"""Secondary Coil Heat Rejection Rate""",OutputProcessor::Unit::W,thisDXCoil.SecCoilSensibleHeatGainRate,OutputProcessor::SOVTimeStepType::System,OutputProcessor::SOVStoreType::Average,thisDXCoil.Name
DXCoils.cc,"""Heating Coil Heating Rate""",OutputProcessor::Unit::W,thisDXCoil.TotalHeatingEnergyRate,OutputProcessor::SOVTimeStepType::System,OutputProcessor::SOVStoreType::Average,thisDXCoil.Name
DXCoils.cc,"""Heating Coil Heating Energy""",OutputProcessor::Unit::J,thisDXCoil.TotalHeatingEnergy,OutputProcessor::SOVTimeStepType::System,OutputProcessor::SOVStoreType::Summed,thisDXCoil.Name
DXCoils.cc,"""Heating Coil Electricity Rate""",OutputProcessor::Unit::W,thisDXCoil.ElecHeatingPower,OutputProcessor::SOVTimeStepType::System,OutputProcessor::SOVStoreType::Average,thisDXCoil.Name
DXCoils.cc,"""Heating Coil Electricity Energy""",OutputProcessor::Unit::J,thisDXCoil.ElecHeatingConsumption,OutputProcessor::SOVTimeStepType::System,OutputProcessor::SOVStoreType::Summed,thisDXCoil.Name
DXCoils.cc,"format(""Heating Coil {} Rate"", sFuelType)",OutputProcessor::Unit::W,thisDXCoil.FuelUsed,OutputProcessor::SOVTimeStepType::System,OutputProcessor::SOVStoreType::Average,thisDXCoil.Name
DXCoils.cc,"format(""Heating Coil {} Energy"", sFuelType)",OutputProcessor::Unit::J,thisDXCoil.FuelConsumed,OutputProcessor::SOVTimeStepType::System,OutputProcessor::SOVStoreType::Summed,thisDXCoil.Name
DXCoils.cc,"format(""Heating Coil Defrost {} Rate"", sFuelType)",OutputProcessor::Unit::W,thisDXCoil.DefrostPower,OutputProcessor::SOVTimeStepType::System,OutputProcessor::SOVStoreType::Average,thisDXCoil.Name
DXCoils.cc,"format(""Heating Coil Defrost {} Energy"", sFuelType)",OutputProcessor::Unit::J,thisDXCoil.DefrostConsumption,OutputProcessor::SOVTimeStepType::System,OutputProcessor::SOVStoreType::Summed,thisDXCoil.Name
DXCoils.cc,"""Heating Coil Defrost Electricity Rate""",OutputProcessor::Unit::W,thisDXCoil.DefrostPower,OutputProcessor::SOVTimeStepType::System,OutputProcessor::SOVStoreType::Average,thisDXCoil.Name
DXCoils.cc,"""Heating Coil Defrost Electricity Energy""",OutputProcessor::Unit::J,thisDXCoil.DefrostConsumption,OutputProcessor::SOVTimeStepType::System,OutputProcessor::SOVStoreType::Summed,thisDXCoil.Name
DXCoils.cc,"""Heating Coil Crankcase Heater Electricity Rate""",OutputProcessor::Unit::W,thisDXCoil.CrankcaseHeaterPower,OutputProcessor::SOVTimeStepType::System,OutputProcessor::SOVStoreType::Average,thisDXCoil.Name
DXCoils.cc,"""Heating Coil Crankcase Heater Electricity Energy""",OutputProcessor::Unit::J,thisDXCoil.CrankcaseHeaterConsumption,OutputProcessor::SOVTimeStepType::System,OutputProcessor::SOVStoreType::Summed,thisDXCoil.Name
DXCoils.cc,"""Heating Coil Runtime Fraction""",OutputProcessor::Unit::None,thisDXCoil.HeatingCoilRuntimeFraction,OutputProcessor::SOVTimeStepType::System,OutputProcessor::SOVStoreType::Average,thisDXCoil.Name
DXCoils.cc,"""Secondary Coil Total Heat Removal Rate""",OutputProcessor::Unit::W,thisDXCoil.SecCoilTotalHeatRemovalRate,OutputProcessor::SOVTimeStepType::System,OutputProcessor::SOVStoreType::Average,thisDXCoil.Name
DXCoils.cc,"""Secondary Coil Sensible Heat Removal Rate""",OutputProcessor::Unit::W,thisDXCoil.SecCoilSensibleHeatRemovalRate,OutputProcessor::SOVTimeStepType::System,OutputProcessor::SOVStoreType::Average,thisDXCoil.Name
DXCoils.cc,"""Secondary Coil Latent Heat Removal Rate""",OutputProcessor::Unit::W,thisDXCoil.SecCoilLatentHeatRemovalRate,OutputProcessor::SOVTimeStepType::System,OutputProcessor::SOVStoreType::Average,thisDXCoil.Name
DXCoils.cc,"""Secondary Coil Sensible Heat Ratio""",OutputProcessor::Unit::None,thisDXCoil.SecCoilSHR,OutputProcessor::SOVTimeStepType::System,OutputProcessor::SOVStoreType::Average,thisDXCoil.Name
DXCoils.cc,"""Cooling Coil Total Cooling Rate""",OutputProcessor::Unit::W,thisDXCoil.TotalCoolingEnergyRate,OutputProcessor::SOVTimeStepType::System,OutputProcessor::SOVStoreType::Average,thisDXCoil.Name
DXCoils.cc,"""Cooling Coil Total Cooling Energy""",OutputProcessor::Unit::J,thisDXCoil.TotalCoolingEnergy,OutputProcessor::SOVTimeStepType::System,OutputProcessor::SOVStoreType::Summed,thisDXCoil.Name
DXCoils.cc,"""Cooling Coil Sensible Cooling Rate""",OutputProcessor::Unit::W,thisDXCoil.SensCoolingEnergyRate,OutputProcessor::SOVTimeStepType::System,OutputProcessor::SOVStoreType::Average,thisDXCoil.Name
DXCoils.cc,"""Cooling Coil Sensible Cooling Energy""",OutputProcessor::Unit::J,thisDXCoil.SensCoolingEnergy,OutputProcessor::SOVTimeStepType::System,OutputProcessor::SOVStoreType::Summed,thisDXCoil.Name
DXCoils.cc,"""Cooling Coil Latent Cooling Rate""",OutputProcessor::Unit::W,thisDXCoil.LatCoolingEnergyRate,OutputProcessor::SOVTimeStepType::System,OutputProcessor::SOVStoreType::Average,thisDXCoil.Name
DXCoils.cc,"""Cooling Coil Latent Cooling Energy""",OutputProcessor::Unit::J,thisDXCoil.LatCoolingEnergy,OutputProcessor::SOVTimeStepType::System,OutputProcessor::SOVStoreType::Summed,thisDXCoil.Name
DXCoils.cc,"""Cooling Coil Runtime Fraction""",OutputProcessor::Unit::None,thisDXCoil.CoolingCoilRuntimeFraction,OutputProcessor::SOVTimeStepType::System,OutputProcessor::SOVStoreType::Average,thisDXCoil.Name
DXCoils.cc,"""Cooling Coil Condensate Volume Flow Rate""",OutputProcessor::Unit::m3_s,thisDXCoil.CondensateVdot,OutputProcessor::SOVTimeStepType::System,OutputProcessor::SOVStoreType::Average,thisDXCoil.Name
DXCoils.cc,"""Cooling Coil Condensate Volume""",OutputProcessor::Unit::m3,thisDXCoil.CondensateVol,OutputProcessor::SOVTimeStepType::System,OutputProcessor::SOVStoreType::Summed,thisDXCoil.Name
DXCoils.cc,"""Heating Coil Heating Rate""",OutputProcessor::Unit::W,thisDXCoil.TotalHeatingEnergyRate,OutputProcessor::SOVTimeStepType::System,OutputProcessor::SOVStoreType::Average,thisDXCoil.Name
DXCoils.cc,"""Heating Coil Heating Energy""",OutputProcessor::Unit::J,thisDXCoil.TotalHeatingEnergy,OutputProcessor::SOVTimeStepType::System,OutputProcessor::SOVStoreType::Summed,thisDXCoil.Name
DXCoils.cc,"""Heating Coil Runtime Fraction""",OutputProcessor::Unit::None,thisDXCoil.HeatingCoilRuntimeFraction,OutputProcessor::SOVTimeStepType::System,OutputProcessor::SOVStoreType::Average,thisDXCoil.Name
DXCoils.cc,"""Cooling Coil Total Cooling Rate""",OutputProcessor::Unit::W,thisDXCoil.TotalCoolingEnergyRate,OutputProcessor::SOVTimeStepType::System,OutputProcessor::SOVStoreType::Average,thisDXCoil.Name
DXCoils.cc,"""Cooling Coil Total Cooling Energy""",OutputProcessor::Unit::J,thisDXCoil.TotalCoolingEnergy,OutputProcessor::SOVTimeStepType::System,OutputProcessor::SOVStoreType::Summed,thisDXCoil.Name
DXCoils.cc,"""Cooling Coil Sensible Cooling Rate""",OutputProcessor::Unit::W,thisDXCoil.SensCoolingEnergyRate,OutputProcessor::SOVTimeStepType::System,OutputProcessor::SOVStoreType::Average,thisDXCoil.Name
DXCoils.cc,"""Cooling Coil Sensible Cooling Energy""",OutputProcessor::Unit::J,thisDXCoil.SensCoolingEnergy,OutputProcessor::SOVTimeStepType::System,OutputProcessor::SOVStoreType::Summed,thisDXCoil.Name
DXCoils.cc,"""Cooling Coil Latent Cooling Rate""",OutputProcessor::Unit::W,thisDXCoil.LatCoolingEnergyRate,OutputProcessor::SOVTimeStepType::System,OutputProcessor::SOVStoreType::Average,thisDXCoil.Name
DXCoils.cc,"""Cooling Coil Latent Cooling Energy""",OutputProcessor::Unit::J,thisDXCoil.LatCoolingEnergy,OutputProcessor::SOVTimeStepType::System,OutputProcessor::SOVStoreType::Summed,thisDXCoil.Name
DXCoils.cc,"""Cooling Coil Runtime Fraction""",OutputProcessor::Unit::None,thisDXCoil.CoolingCoilRuntimeFraction,OutputProcessor::SOVTimeStepType::System,OutputProcessor::SOVStoreType::Average,thisDXCoil.Name
DXCoils.cc,"""Cooling Coil VRF Evaporating Temperature""",OutputProcessor::Unit::C,thisDXCoil.EvaporatingTemp,OutputProcessor::SOVTimeStepType::System,OutputProcessor::SOVStoreType::Average,thisDXCoil.Name
DXCoils.cc,"""Cooling Coil VRF Super Heating Degrees""",OutputProcessor::Unit::C,thisDXCoil.ActualSH,OutputProcessor::SOVTimeStepType::System,OutputProcessor::SOVStoreType::Average,thisDXCoil.Name
DXCoils.cc,"""Cooling Coil Condensate Volume Flow Rate""",OutputProcessor::Unit::m3_s,thisDXCoil.CondensateVdot,OutputProcessor::SOVTimeStepType::System,OutputProcessor::SOVStoreType::Average,thisDXCoil.Name
DXCoils.cc,"""Cooling Coil Condensate Volume""",OutputProcessor::Unit::m3,thisDXCoil.CondensateVol,OutputProcessor::SOVTimeStepType::System,OutputProcessor::SOVStoreType::Summed,thisDXCoil.Name
DXCoils.cc,"""Heating Coil Heating Rate""",OutputProcessor::Unit::W,thisDXCoil.TotalHeatingEnergyRate,OutputProcessor::SOVTimeStepType::System,OutputProcessor::SOVStoreType::Average,thisDXCoil.Name
DXCoils.cc,"""Heating Coil Heating Energy""",OutputProcessor::Unit::J,thisDXCoil.TotalHeatingEnergy,OutputProcessor::SOVTimeStepType::System,OutputProcessor::SOVStoreType::Summed,thisDXCoil.Name
DXCoils.cc,"""Heating Coil Runtime Fraction""",OutputProcessor::Unit::None,thisDXCoil.HeatingCoilRuntimeFraction,OutputProcessor::SOVTimeStepType::System,OutputProcessor::SOVStoreType::Average,thisDXCoil.Name
DXCoils.cc,"""Heating Coil VRF Condensing Temperature""",OutputProcessor::Unit::C,thisDXCoil.CondensingTemp,OutputProcessor::SOVTimeStepType::System,OutputProcessor::SOVStoreType::Average,thisDXCoil.Name
DXCoils.cc,"""Heating Coil VRF Subcooling Degrees""",OutputProcessor::Unit::C,thisDXCoil.ActualSC,OutputProcessor::SOVTimeStepType::System,OutputProcessor::SOVStoreType::Average,thisDXCoil.Name
DXCoils.cc,"""Cooling Coil Crankcase Heater Electricity Rate""",OutputProcessor::Unit::W,state.dataDXCoils->DXCoil(DXCoilNumTemp).CrankcaseHeaterPower,OutputProcessor::SOVTimeStepType::System,OutputProcessor::SOVStoreType::Average,state.dataDXCoils->DXCoil(DXCoilNumTemp).Name
DXCoils.cc,"""Cooling Coil Crankcase Heater Electricity Energy""",OutputProcessor::Unit::J,state.dataDXCoils->DXCoil(DXCoilNumTemp).CrankcaseHeaterConsumption,OutputProcessor::SOVTimeStepType::System,OutputProcessor::SOVStoreType::Summed,state.dataDXCoils->DXCoil(DXCoilNumTemp).Name
ElectricBaseboardRadiator.cc,"""Baseboard Total Heating Rate""",OutputProcessor::Unit::W,elecBaseboard.TotPower,OutputProcessor::SOVTimeStepType::System,OutputProcessor::SOVStoreType::Average,elecBaseboard.EquipName
ElectricBaseboardRadiator.cc,"""Baseboard Convective Heating Rate""",OutputProcessor::Unit::W,elecBaseboard.ConvPower,OutputProcessor::SOVTimeStepType::System,OutputProcessor::SOVStoreType::Average,elecBaseboard.EquipName
ElectricBaseboardRadiator.cc,"""Baseboard Radiant Heating Rate""",OutputProcessor::Unit::W,elecBaseboard.RadPower,OutputProcessor::SOVTimeStepType::System,OutputProcessor::SOVStoreType::Average,elecBaseboard.EquipName
ElectricBaseboardRadiator.cc,"""Baseboard Electricity Energy""",OutputProcessor::Unit::J,elecBaseboard.ElecUseLoad,OutputProcessor::SOVTimeStepType::System,OutputProcessor::SOVStoreType::Summed,elecBaseboard.EquipName
ElectricBaseboardRadiator.cc,"""Baseboard Electricity Rate""",OutputProcessor::Unit::W,elecBaseboard.ElecUseRate,OutputProcessor::SOVTimeStepType::System,OutputProcessor::SOVStoreType::Average,elecBaseboard.EquipName
ElectricBaseboardRadiator.cc,"""Baseboard Total Heating Energy""",OutputProcessor::Unit::J,elecBaseboard.TotEnergy,OutputProcessor::SOVTimeStepType::System,OutputProcessor::SOVStoreType::Summed,elecBaseboard.EquipName
ElectricBaseboardRadiator.cc,"""Baseboard Convective Heating Energy""",OutputProcessor::Unit::J,elecBaseboard.ConvEnergy,OutputProcessor::SOVTimeStepType::System,OutputProcessor::SOVStoreType::Summed,elecBaseboard.EquipName
ElectricBaseboardRadiator.cc,"""Baseboard Radiant Heating Energy""",OutputProcessor::Unit::J,elecBaseboard.RadEnergy,OutputProcessor::SOVTimeStepType::System,OutputProcessor::SOVStoreType::Summed,elecBaseboard.EquipName
ExhaustAirSystemManager.cc,"""Central Exhaust Fan Mass Flow Rate""",OutputProcessor::Unit::kg_s,thisExhSys.centralFan_MassFlowRate,OutputProcessor::SOVTimeStepType::System,OutputProcessor::SOVStoreType::Average,thisExhSys.Name
ExhaustAirSystemManager.cc,"""Central Exhaust Fan Volumetric Flow Rate Standard""",OutputProcessor::Unit::m3_s,thisExhSys.centralFan_VolumeFlowRate_Std,OutputProcessor::SOVTimeStepType::System,OutputProcessor::SOVStoreType::Average,thisExhSys.Name
ExhaustAirSystemManager.cc,"""Central Exhaust Fan Volumetric Flow Rate Current""",OutputProcessor::Unit::m3_s,thisExhSys.centralFan_VolumeFlowRate_Cur,OutputProcessor::SOVTimeStepType::System,OutputProcessor::SOVStoreType::Average,thisExhSys.Name
ExhaustAirSystemManager.cc,"""Central Exhaust Fan Power""",OutputProcessor::Unit::W,thisExhSys.centralFan_Power,OutputProcessor::SOVTimeStepType::System,OutputProcessor::SOVStoreType::Average,thisExhSys.Name
ExhaustAirSystemManager.cc,"""Central Exhaust Fan Energy""",OutputProcessor::Unit::J,thisExhSys.centralFan_Energy,OutputProcessor::SOVTimeStepType::System,OutputProcessor::SOVStoreType::Summed,thisExhSys.Name
ExhaustAirSystemManager.cc,"""Central Exhaust Fan Mass Flow Rate""",OutputProcessor::Unit::kg_s,thisExhSys.centralFan_MassFlowRate,OutputProcessor::SOVTimeStepType::System,OutputProcessor::SOVStoreType::Average,thisExhSys.Name
ExhaustAirSystemManager.cc,"""Central Exhaust Fan Volumetric Flow Rate Standard""",OutputProcessor::Unit::m3_s,thisExhSys.centralFan_VolumeFlowRate_Std,OutputProcessor::SOVTimeStepType::System,OutputProcessor::SOVStoreType::Average,thisExhSys.Name
ExhaustAirSystemManager.cc,"""Central Exhaust Fan Volumetric Flow Rate Current""",OutputProcessor::Unit::m3_s,thisExhSys.centralFan_VolumeFlowRate_Cur,OutputProcessor::SOVTimeStepType::System,OutputProcessor::SOVStoreType::Average,thisExhSys.Name
ExhaustAirSystemManager.cc,"""Central Exhaust Fan Power""",OutputProcessor::Unit::W,thisExhSys.centralFan_Power,OutputProcessor::SOVTimeStepType::System,OutputProcessor::SOVStoreType::Average,thisExhSys.Name
ExhaustAirSystemManager.cc,"""Central Exhaust Fan Energy""",OutputProcessor::Unit::J,thisExhSys.centralFan_Energy,OutputProcessor::SOVTimeStepType::System,OutputProcessor::SOVStoreType::Summed,thisExhSys.Name
PurchasedAirManager.cc,"""Zone Ideal Loads Supply Air Sensible Heating Energy""",OutputProcessor::Unit::J,PurchAir(PurchAirNum).SenHeatEnergy,OutputProcessor::SOVTimeStepType::System,OutputProcessor::SOVStoreType::Summed,PurchAir(PurchAirNum).Name
PurchasedAirManager.cc,"""Zone Ideal Loads Supply Air Latent Heating Energy""",OutputProcessor::Unit::J,PurchAir(PurchAirNum).LatHeatEnergy,OutputProcessor::SOVTimeStepType::System,OutputProcessor::SOVStoreType::Summed,PurchAir(PurchAirNum).Name
PurchasedAirManager.cc,"""Zone Ideal Loads Supply Air Total Heating Energy""",OutputProcessor::Unit::J,PurchAir(PurchAirNum).TotHeatEnergy,OutputProcessor::SOVTimeStepType::System,OutputProcessor::SOVStoreType::Summed,PurchAir(PurchAirNum).Name
PurchasedAirManager.cc,"""Zone Ideal Loads Supply Air Sensible Cooling Energy""",OutputProcessor::Unit::J,PurchAir(PurchAirNum).SenCoolEnergy,OutputProcessor::SOVTimeStepType::System,OutputProcessor::SOVStoreType::Summed,PurchAir(PurchAirNum).Name
PurchasedAirManager.cc,"""Zone Ideal Loads Supply Air Latent Cooling Energy""",OutputProcessor::Unit::J,PurchAir(PurchAirNum).LatCoolEnergy,OutputProcessor::SOVTimeStepType::System,OutputProcessor::SOVStoreType::Summed,PurchAir(PurchAirNum).Name
PurchasedAirManager.cc,"""Zone Ideal Loads Supply Air Total Cooling Energy""",OutputProcessor::Unit::J,PurchAir(PurchAirNum).TotCoolEnergy,OutputProcessor::SOVTimeStepType::System,OutputProcessor::SOVStoreType::Summed,PurchAir(PurchAirNum).Name
PurchasedAirManager.cc,"""Zone Ideal Loads Zone Sensible Heating Energy""",OutputProcessor::Unit::J,PurchAir(PurchAirNum).ZoneSenHeatEnergy,OutputProcessor::SOVTimeStepType::System,OutputProcessor::SOVStoreType::Summed,PurchAir(PurchAirNum).Name
PurchasedAirManager.cc,"""Zone Ideal Loads Zone Latent Heating Energy""",OutputProcessor::Unit::J,PurchAir(PurchAirNum).ZoneLatHeatEnergy,OutputProcessor::SOVTimeStepType::System,OutputProcessor::SOVStoreType::Summed,PurchAir(PurchAirNum).Name
PurchasedAirManager.cc,"""Zone Ideal Loads Zone Total Heating Energy""",OutputProcessor::Unit::J,PurchAir(PurchAirNum).ZoneTotHeatEnergy,OutputProcessor::SOVTimeStepType::System,OutputProcessor::SOVStoreType::Summed,PurchAir(PurchAirNum).Name
PurchasedAirManager.cc,"""Zone Ideal Loads Zone Sensible Cooling Energy""",OutputProcessor::Unit::J,PurchAir(PurchAirNum).ZoneSenCoolEnergy,OutputProcessor::SOVTimeStepType::System,OutputProcessor::SOVStoreType::Summed,PurchAir(PurchAirNum).Name
PurchasedAirManager.cc,"""Zone Ideal Loads Zone Latent Cooling Energy""",OutputProcessor::Unit::J,PurchAir(PurchAirNum).ZoneLatCoolEnergy,OutputProcessor::SOVTimeStepType::System,OutputProcessor::SOVStoreType::Summed,PurchAir(PurchAirNum).Name
PurchasedAirManager.cc,"""Zone Ideal Loads Zone Total Cooling Energy""",OutputProcessor::Unit::J,PurchAir(PurchAirNum).ZoneTotCoolEnergy,OutputProcessor::SOVTimeStepType::System,OutputProcessor::SOVStoreType::Summed,PurchAir(PurchAirNum).Name
PurchasedAirManager.cc,"""Zone Ideal Loads Outdoor Air Sensible Heating Energy""",OutputProcessor::Unit::J,PurchAir(PurchAirNum).OASenHeatEnergy,OutputProcessor::SOVTimeStepType::System,OutputProcessor::SOVStoreType::Summed,PurchAir(PurchAirNum).Name
PurchasedAirManager.cc,"""Zone Ideal Loads Outdoor Air Latent Heating Energy""",OutputProcessor::Unit::J,PurchAir(PurchAirNum).OALatHeatEnergy,OutputProcessor::SOVTimeStepType::System,OutputProcessor::SOVStoreType::Summed,PurchAir(PurchAirNum).Name
PurchasedAirManager.cc,"""Zone Ideal Loads Outdoor Air Total Heating Energy""",OutputProcessor::Unit::J,PurchAir(PurchAirNum).OATotHeatEnergy,OutputProcessor::SOVTimeStepType::System,OutputProcessor::SOVStoreType::Summed,PurchAir(PurchAirNum).Name
PurchasedAirManager.cc,"""Zone Ideal Loads Outdoor Air Sensible Cooling Energy""",OutputProcessor::Unit::J,PurchAir(PurchAirNum).OASenCoolEnergy,OutputProcessor::SOVTimeStepType::System,OutputProcessor::SOVStoreType::Summed,PurchAir(PurchAirNum).Name
PurchasedAirManager.cc,"""Zone Ideal Loads Outdoor Air Latent Cooling Energy""",OutputProcessor::Unit::J,PurchAir(PurchAirNum).OALatCoolEnergy,OutputProcessor::SOVTimeStepType::System,OutputProcessor::SOVStoreType::Summed,PurchAir(PurchAirNum).Name
PurchasedAirManager.cc,"""Zone Ideal Loads Outdoor Air Total Cooling Energy""",OutputProcessor::Unit::J,PurchAir(PurchAirNum).OATotCoolEnergy,OutputProcessor::SOVTimeStepType::System,OutputProcessor::SOVStoreType::Summed,PurchAir(PurchAirNum).Name
PurchasedAirManager.cc,"""Zone Ideal Loads Heat Recovery Sensible Heating Energy""",OutputProcessor::Unit::J,PurchAir(PurchAirNum).HtRecSenHeatEnergy,OutputProcessor::SOVTimeStepType::System,OutputProcessor::SOVStoreType::Summed,PurchAir(PurchAirNum).Name
PurchasedAirManager.cc,"""Zone Ideal Loads Heat Recovery Latent Heating Energy""",OutputProcessor::Unit::J,PurchAir(PurchAirNum).HtRecLatHeatEnergy,OutputProcessor::SOVTimeStepType::System,OutputProcessor::SOVStoreType::Summed,PurchAir(PurchAirNum).Name
PurchasedAirManager.cc,"""Zone Ideal Loads Heat Recovery Total Heating Energy""",OutputProcessor::Unit::J,PurchAir(PurchAirNum).HtRecTotHeatEnergy,OutputProcessor::SOVTimeStepType::System,OutputProcessor::SOVStoreType::Summed,PurchAir(PurchAirNum).Name
PurchasedAirManager.cc,"""Zone Ideal Loads Heat Recovery Sensible Cooling Energy""",OutputProcessor::Unit::J,PurchAir(PurchAirNum).HtRecSenCoolEnergy,OutputProcessor::SOVTimeStepType::System,OutputProcessor::SOVStoreType::Summed,PurchAir(PurchAirNum).Name
PurchasedAirManager.cc,"""Zone Ideal Loads Heat Recovery Latent Cooling Energy""",OutputProcessor::Unit::J,PurchAir(PurchAirNum).HtRecLatCoolEnergy,OutputProcessor::SOVTimeStepType::System,OutputProcessor::SOVStoreType::Summed,PurchAir(PurchAirNum).Name
PurchasedAirManager.cc,"""Zone Ideal Loads Heat Recovery Total Cooling Energy""",OutputProcessor::Unit::J,PurchAir(PurchAirNum).HtRecTotCoolEnergy,OutputProcessor::SOVTimeStepType::System,OutputProcessor::SOVStoreType::Summed,PurchAir(PurchAirNum).Name
PurchasedAirManager.cc,"""Zone Ideal Loads Supply Air Sensible Heating Rate""",OutputProcessor::Unit::W,PurchAir(PurchAirNum).SenHeatRate,OutputProcessor::SOVTimeStepType::System,OutputProcessor::SOVStoreType::Average,PurchAir(PurchAirNum).Name
PurchasedAirManager.cc,"""Zone Ideal Loads Supply Air Latent Heating Rate""",OutputProcessor::Unit::W,PurchAir(PurchAirNum).LatHeatRate,OutputProcessor::SOVTimeStepType::System,OutputProcessor::SOVStoreType::Average,PurchAir(PurchAirNum).Name
PurchasedAirManager.cc,"""Zone Ideal Loads Supply Air Total Heating Rate""",OutputProcessor::Unit::W,PurchAir(PurchAirNum).TotHeatRate,OutputProcessor::SOVTimeStepType::System,OutputProcessor::SOVStoreType::Average,PurchAir(PurchAirNum).Name
PurchasedAirManager.cc,"""Zone Ideal Loads Supply Air Sensible Cooling Rate""",OutputProcessor::Unit::W,PurchAir(PurchAirNum).SenCoolRate,OutputProcessor::SOVTimeStepType::System,OutputProcessor::SOVStoreType::Average,PurchAir(PurchAirNum).Name
PurchasedAirManager.cc,"""Zone Ideal Loads Supply Air Latent Cooling Rate""",OutputProcessor::Unit::W,PurchAir(PurchAirNum).LatCoolRate,OutputProcessor::SOVTimeStepType::System,OutputProcessor::SOVStoreType::Average,PurchAir(PurchAirNum).Name
PurchasedAirManager.cc,"""Zone Ideal Loads Supply Air Total Cooling Rate""",OutputProcessor::Unit::W,PurchAir(PurchAirNum).TotCoolRate,OutputProcessor::SOVTimeStepType::System,OutputProcessor::SOVStoreType::Average,PurchAir(PurchAirNum).Name
PurchasedAirManager.cc,"""Zone Ideal Loads Zone Sensible Heating Rate""",OutputProcessor::Unit::W,PurchAir(PurchAirNum).ZoneSenHeatRate,OutputProcessor::SOVTimeStepType::System,OutputProcessor::SOVStoreType::Average,PurchAir(PurchAirNum).Name
PurchasedAirManager.cc,"""Zone Ideal Loads Zone Latent Heating Rate""",OutputProcessor::Unit::W,PurchAir(PurchAirNum).ZoneLatHeatRate,OutputProcessor::SOVTimeStepType::System,OutputProcessor::SOVStoreType::Average,PurchAir(PurchAirNum).Name
PurchasedAirManager.cc,"""Zone Ideal Loads Zone Total Heating Rate""",OutputProcessor::Unit::W,PurchAir(PurchAirNum).ZoneTotHeatRate,OutputProcessor::SOVTimeStepType::System,OutputProcessor::SOVStoreType::Average,PurchAir(PurchAirNum).Name
PurchasedAirManager.cc,"""Zone Ideal Loads Zone Sensible Cooling Rate""",OutputProcessor::Unit::W,PurchAir(PurchAirNum).ZoneSenCoolRate,OutputProcessor::SOVTimeStepType::System,OutputProcessor::SOVStoreType::Average,PurchAir(PurchAirNum).Name
PurchasedAirManager.cc,"""Zone Ideal Loads Zone Latent Cooling Rate""",OutputProcessor::Unit::W,PurchAir(PurchAirNum).ZoneLatCoolRate,OutputProcessor::SOVTimeStepType::System,OutputProcessor::SOVStoreType::Average,PurchAir(PurchAirNum).Name
PurchasedAirManager.cc,"""Zone Ideal Loads Zone Total Cooling Rate""",OutputProcessor::Unit::W,PurchAir(PurchAirNum).ZoneTotCoolRate,OutputProcessor::SOVTimeStepType::System,OutputProcessor::SOVStoreType::Average,PurchAir(PurchAirNum).Name
PurchasedAirManager.cc,"""Zone Ideal Loads Outdoor Air Sensible Heating Rate""",OutputProcessor::Unit::W,PurchAir(PurchAirNum).OASenHeatRate,OutputProcessor::SOVTimeStepType::System,OutputProcessor::SOVStoreType::Average,PurchAir(PurchAirNum).Name
PurchasedAirManager.cc,"""Zone Ideal Loads Outdoor Air Latent Heating Rate""",OutputProcessor::Unit::W,PurchAir(PurchAirNum).OALatHeatRate,OutputProcessor::SOVTimeStepType::System,OutputProcessor::SOVStoreType::Average,PurchAir(PurchAirNum).Name
PurchasedAirManager.cc,"""Zone Ideal Loads Outdoor Air Total Heating Rate""",OutputProcessor::Unit::W,PurchAir(PurchAirNum).OATotHeatRate,OutputProcessor::SOVTimeStepType::System,OutputProcessor::SOVStoreType::Average,PurchAir(PurchAirNum).Name
PurchasedAirManager.cc,"""Zone Ideal Loads Outdoor Air Sensible Cooling Rate""",OutputProcessor::Unit::W,PurchAir(PurchAirNum).OASenCoolRate,OutputProcessor::SOVTimeStepType::System,OutputProcessor::SOVStoreType::Average,PurchAir(PurchAirNum).Name
PurchasedAirManager.cc,"""Zone Ideal Loads Outdoor Air Latent Cooling Rate""",OutputProcessor::Unit::W,PurchAir(PurchAirNum).OALatCoolRate,OutputProcessor::SOVTimeStepType::System,OutputProcessor::SOVStoreType::Average,PurchAir(PurchAirNum).Name
PurchasedAirManager.cc,"""Zone Ideal Loads Outdoor Air Total Cooling Rate""",OutputProcessor::Unit::W,PurchAir(PurchAirNum).OATotCoolRate,OutputProcessor::SOVTimeStepType::System,OutputProcessor::SOVStoreType::Average,PurchAir(PurchAirNum).Name
PurchasedAirManager.cc,"""Zone Ideal Loads Heat Recovery Sensible Heating Rate""",OutputProcessor::Unit::W,PurchAir(PurchAirNum).HtRecSenHeatRate,OutputProcessor::SOVTimeStepType::System,OutputProcessor::SOVStoreType::Average,PurchAir(PurchAirNum).Name
PurchasedAirManager.cc,"""Zone Ideal Loads Heat Recovery Latent Heating Rate""",OutputProcessor::Unit::W,PurchAir(PurchAirNum).HtRecLatHeatRate,OutputProcessor::SOVTimeStepType::System,OutputProcessor::SOVStoreType::Average,PurchAir(PurchAirNum).Name
PurchasedAirManager.cc,"""Zone Ideal Loads Heat Recovery Total Heating Rate""",OutputProcessor::Unit::W,PurchAir(PurchAirNum).HtRecTotHeatRate,OutputProcessor::SOVTimeStepType::System,OutputProcessor::SOVStoreType::Average,PurchAir(PurchAirNum).Name
PurchasedAirManager.cc,"""Zone Ideal Loads Heat Recovery Sensible Cooling Rate""",OutputProcessor::Unit::W,PurchAir(PurchAirNum).HtRecSenCoolRate,OutputProcessor::SOVTimeStepType::System,OutputProcessor::SOVStoreType::Average,PurchAir(PurchAirNum).Name
PurchasedAirManager.cc,"""Zone Ideal Loads Heat Recovery Latent Cooling Rate""",OutputProcessor::Unit::W,PurchAir(PurchAirNum).HtRecLatCoolRate,OutputProcessor::SOVTimeStepType::System,OutputProcessor::SOVStoreType::Average,PurchAir(PurchAirNum).Name
PurchasedAirManager.cc,"""Zone Ideal Loads Heat Recovery Total Cooling Rate""",OutputProcessor::Unit::W,PurchAir(PurchAirNum).HtRecTotCoolRate,OutputProcessor::SOVTimeStepType::System,OutputProcessor::SOVStoreType::Average,PurchAir(PurchAirNum).Name
PurchasedAirManager.cc,"""Zone Ideal Loads Economizer Active Time""",OutputProcessor::Unit::hr,PurchAir(PurchAirNum).TimeEconoActive,OutputProcessor::SOVTimeStepType::System,OutputProcessor::SOVStoreType::Summed,PurchAir(PurchAirNum).Name
PurchasedAirManager.cc,"""Zone Ideal Loads Heat Recovery Active Time""",OutputProcessor::Unit::hr,PurchAir(PurchAirNum).TimeHtRecActive,OutputProcessor::SOVTimeStepType::System,OutputProcessor::SOVStoreType::Summed,PurchAir(PurchAirNum).Name
PurchasedAirManager.cc,"""Zone Ideal Loads Hybrid Ventilation Available Status""",OutputProcessor::Unit::None,PurchAir(PurchAirNum).AvailStatus,OutputProcessor::SOVTimeStepType::System,OutputProcessor::SOVStoreType::Average,PurchAir(PurchAirNum).Name
PurchasedAirManager.cc,"""Zone Ideal Loads Outdoor Air Mass Flow Rate""",OutputProcessor::Unit::kg_s,PurchAir(PurchAirNum).OutdoorAirMassFlowRate,OutputProcessor::SOVTimeStepType::System,OutputProcessor::SOVStoreType::Average,PurchAir(PurchAirNum).Name
PurchasedAirManager.cc,"""Zone Ideal Loads Outdoor Air Standard Density Volume Flow Rate""",OutputProcessor::Unit::m3_s,PurchAir(PurchAirNum).OutdoorAirVolFlowRateStdRho,OutputProcessor::SOVTimeStepType::System,OutputProcessor::SOVStoreType::Average,PurchAir(PurchAirNum).Name
PurchasedAirManager.cc,"""Zone Ideal Loads Supply Air Mass Flow Rate""",OutputProcessor::Unit::kg_s,PurchAir(PurchAirNum).SupplyAirMassFlowRate,OutputProcessor::SOVTimeStepType::System,OutputProcessor::SOVStoreType::Average,PurchAir(PurchAirNum).Name
PurchasedAirManager.cc,"""Zone Ideal Loads Supply Air Standard Density Volume Flow Rate""",OutputProcessor::Unit::m3_s,PurchAir(PurchAirNum).SupplyAirVolFlowRateStdRho,OutputProcessor::SOVTimeStepType::System,OutputProcessor::SOVStoreType::Average,PurchAir(PurchAirNum).Name
PurchasedAirManager.cc,"""Zone Ideal Loads Supply Air Temperature""",OutputProcessor::Unit::C,PurchAir(PurchAirNum).SupplyTemp,OutputProcessor::SOVTimeStepType::System,OutputProcessor::SOVStoreType::Average,PurchAir(PurchAirNum).Name
PurchasedAirManager.cc,"""Zone Ideal Loads Supply Air Humidity Ratio""",OutputProcessor::Unit::kgWater_kgDryAir,PurchAir(PurchAirNum).SupplyHumRat,OutputProcessor::SOVTimeStepType::System,OutputProcessor::SOVStoreType::Average,PurchAir(PurchAirNum).Name
PurchasedAirManager.cc,"""Zone Ideal Loads Mixed Air Temperature""",OutputProcessor::Unit::C,PurchAir(PurchAirNum).MixedAirTemp,OutputProcessor::SOVTimeStepType::System,OutputProcessor::SOVStoreType::Average,PurchAir(PurchAirNum).Name
PurchasedAirManager.cc,"""Zone Ideal Loads Mixed Air Humidity Ratio""",OutputProcessor::Unit::kgWater_kgDryAir,PurchAir(PurchAirNum).MixedAirHumRat,OutputProcessor::SOVTimeStepType::System,OutputProcessor::SOVStoreType::Average,PurchAir(PurchAirNum).Name
HeatBalanceHAMTManager.cc,"""HAMT Surface Average Water Content Ratio""",OutputProcessor::Unit::kg_kg,state.dataHeatBalHAMTMgr->watertot(sid),OutputProcessor::SOVTimeStepType::Zone,OutputProcessor::SOVStoreType::State,state.dataSurface->Surface(sid).Name
HeatBalanceHAMTManager.cc,"""HAMT Surface Inside Face Temperature""",OutputProcessor::Unit::C,state.dataHeatBalHAMTMgr->surftemp(sid),OutputProcessor::SOVTimeStepType::Zone,OutputProcessor::SOVStoreType::State,state.dataSurface->Surface(sid).Name
HeatBalanceHAMTManager.cc,"""HAMT Surface Inside Face Relative Humidity""",OutputProcessor::Unit::Perc,state.dataHeatBalHAMTMgr->surfrh(sid),OutputProcessor::SOVTimeStepType::Zone,OutputProcessor::SOVStoreType::State,state.dataSurface->Surface(sid).Name
HeatBalanceHAMTManager.cc,"""HAMT Surface Inside Face Vapor Pressure""",OutputProcessor::Unit::Pa,state.dataHeatBalHAMTMgr->surfvp(sid),OutputProcessor::SOVTimeStepType::Zone,OutputProcessor::SOVStoreType::State,state.dataSurface->Surface(sid).Name
HeatBalanceHAMTManager.cc,"""HAMT Surface Outside Face Temperature""",OutputProcessor::Unit::C,state.dataHeatBalHAMTMgr->surfexttemp(sid),OutputProcessor::SOVTimeStepType::Zone,OutputProcessor::SOVStoreType::State,state.dataSurface->Surface(sid).Name
HeatBalanceHAMTManager.cc,"""HAMT Surface Outside Face Relative Humidity""",OutputProcessor::Unit::Perc,state.dataHeatBalHAMTMgr->surfextrh(sid),OutputProcessor::SOVTimeStepType::Zone,OutputProcessor::SOVStoreType::State,state.dataSurface->Surface(sid).Name
HeatBalanceHAMTManager.cc,"format(""HAMT Surface Temperature Cell {}"", concell)",OutputProcessor::Unit::C,cells(cellid).temp,OutputProcessor::SOVTimeStepType::Zone,OutputProcessor::SOVStoreType::State,state.dataSurface->Surface(sid).Name
HeatBalanceHAMTManager.cc,"format(""HAMT Surface Water Content Cell {}"", concell)",OutputProcessor::Unit::kg_kg,cells(cellid).wreport,OutputProcessor::SOVTimeStepType::Zone,OutputProcessor::SOVStoreType::State,state.dataSurface->Surface(sid).Name
HeatBalanceHAMTManager.cc,"format(""HAMT Surface Relative Humidity Cell {}"", concell)",OutputProcessor::Unit::Perc,cells(cellid).rhp,OutputProcessor::SOVTimeStepType::Zone,OutputProcessor::SOVStoreType::State,state.dataSurface->Surface(sid).Name
Fans.cc,"""Fan Electricity Rate""",OutputProcessor::Unit::W,thisFan.FanPower,OutputProcessor::SOVTimeStepType::System,OutputProcessor::SOVStoreType::Average,thisFan.FanName
Fans.cc,"""Fan Rise in Air Temperature""",OutputProcessor::Unit::deltaC,thisFan.DeltaTemp,OutputProcessor::SOVTimeStepType::System,OutputProcessor::SOVStoreType::Average,thisFan.FanName
Fans.cc,"""Fan Heat Gain to Air""",OutputProcessor::Unit::W,thisFan.PowerLossToAir,OutputProcessor::SOVTimeStepType::System,OutputProcessor::SOVStoreType::Average,thisFan.FanName
Fans.cc,"""Fan Electricity Energy""",OutputProcessor::Unit::J,thisFan.FanEnergy,OutputProcessor::SOVTimeStepType::System,OutputProcessor::SOVStoreType::Summed,thisFan.FanName
Fans.cc,"""Fan Air Mass Flow Rate""",OutputProcessor::Unit::kg_s,thisFan.OutletAirMassFlowRate,OutputProcessor::SOVTimeStepType::System,OutputProcessor::SOVStoreType::Average,thisFan.FanName
Fans.cc,"""Fan Unbalanced Air Mass Flow Rate""",OutputProcessor::Unit::kg_s,thisFan.UnbalancedOutletMassFlowRate,OutputProcessor::SOVTimeStepType::System,OutputProcessor::SOVStoreType::Average,thisFan.FanName
Fans.cc,"""Fan Balanced Air Mass Flow Rate""",OutputProcessor::Unit::kg_s,thisFan.BalancedOutletMassFlowRate,OutputProcessor::SOVTimeStepType::System,OutputProcessor::SOVStoreType::Average,thisFan.FanName
Fans.cc,"""Fan Runtime Fraction""",OutputProcessor::Unit::None,Fan(FanNum).FanRuntimeFraction,OutputProcessor::SOVTimeStepType::System,OutputProcessor::SOVStoreType::Average,Fan(FanNum).FanName
WindowAC.cc,"""Zone Window Air Conditioner Total Cooling Rate""",OutputProcessor::Unit::W,state.dataWindowAC->WindAC(WindACNum).TotCoolEnergyRate,OutputProcessor::SOVTimeStepType::System,OutputProcessor::SOVStoreType::Average,state.dataWindowAC->WindAC(WindACNum).Name
WindowAC.cc,"""Zone Window Air Conditioner Total Cooling Energy""",OutputProcessor::Unit::J,state.dataWindowAC->WindAC(WindACNum).TotCoolEnergy,OutputProcessor::SOVTimeStepType::System,OutputProcessor::SOVStoreType::Summed,state.dataWindowAC->WindAC(WindACNum).Name
WindowAC.cc,"""Zone Window Air Conditioner Sensible Cooling Rate""",OutputProcessor::Unit::W,state.dataWindowAC->WindAC(WindACNum).SensCoolEnergyRate,OutputProcessor::SOVTimeStepType::System,OutputProcessor::SOVStoreType::Average,state.dataWindowAC->WindAC(WindACNum).Name
WindowAC.cc,"""Zone Window Air Conditioner Sensible Cooling Energy""",OutputProcessor::Unit::J,state.dataWindowAC->WindAC(WindACNum).SensCoolEnergy,OutputProcessor::SOVTimeStepType::System,OutputProcessor::SOVStoreType::Summed,state.dataWindowAC->WindAC(WindACNum).Name
WindowAC.cc,"""Zone Window Air Conditioner Latent Cooling Rate""",OutputProcessor::Unit::W,state.dataWindowAC->WindAC(WindACNum).LatCoolEnergyRate,OutputProcessor::SOVTimeStepType::System,OutputProcessor::SOVStoreType::Average,state.dataWindowAC->WindAC(WindACNum).Name
WindowAC.cc,"""Zone Window Air Conditioner Latent Cooling Energy""",OutputProcessor::Unit::J,state.dataWindowAC->WindAC(WindACNum).LatCoolEnergy,OutputProcessor::SOVTimeStepType::System,OutputProcessor::SOVStoreType::Summed,state.dataWindowAC->WindAC(WindACNum).Name
WindowAC.cc,"""Zone Window Air Conditioner Electricity Rate""",OutputProcessor::Unit::W,state.dataWindowAC->WindAC(WindACNum).ElecPower,OutputProcessor::SOVTimeStepType::System,OutputProcessor::SOVStoreType::Average,state.dataWindowAC->WindAC(WindACNum).Name
WindowAC.cc,"""Zone Window Air Conditioner Electricity Energy""",OutputProcessor::Unit::J,state.dataWindowAC->WindAC(WindACNum).ElecConsumption,OutputProcessor::SOVTimeStepType::System,OutputProcessor::SOVStoreType::Summed,state.dataWindowAC->WindAC(WindACNum).Name
WindowAC.cc,"""Zone Window Air Conditioner Fan Part Load Ratio""",OutputProcessor::Unit::None,state.dataWindowAC->WindAC(WindACNum).FanPartLoadRatio,OutputProcessor::SOVTimeStepType::System,OutputProcessor::SOVStoreType::Average,state.dataWindowAC->WindAC(WindACNum).Name
WindowAC.cc,"""Zone Window Air Conditioner Compressor Part Load Ratio""",OutputProcessor::Unit::None,state.dataWindowAC->WindAC(WindACNum).CompPartLoadRatio,OutputProcessor::SOVTimeStepType::System,OutputProcessor::SOVStoreType::Average,state.dataWindowAC->WindAC(WindACNum).Name
WindowAC.cc,"""Zone Window Air Conditioner Fan Availability Status""",OutputProcessor::Unit::None,state.dataWindowAC->WindAC(WindACNum).AvailStatus,OutputProcessor::SOVTimeStepType::System,OutputProcessor::SOVStoreType::Average,state.dataWindowAC->WindAC(WindACNum).Name
HeatPumpWaterToWaterHEATING.cc,"""Heat Pump Electricity Rate""",OutputProcessor::Unit::W,thisGSHP.Power,OutputProcessor::SOVTimeStepType::System,OutputProcessor::SOVStoreType::Average,thisGSHP.Name
HeatPumpWaterToWaterHEATING.cc,"""Heat Pump Electricity Energy""",OutputProcessor::Unit::J,thisGSHP.Energy,OutputProcessor::SOVTimeStepType::System,OutputProcessor::SOVStoreType::Summed,thisGSHP.Name
HeatPumpWaterToWaterHEATING.cc,"""Heat Pump Load Side Heat Transfer Rate""",OutputProcessor::Unit::W,thisGSHP.QLoad,OutputProcessor::SOVTimeStepType::System,OutputProcessor::SOVStoreType::Average,thisGSHP.Name
HeatPumpWaterToWaterHEATING.cc,"""Heat Pump Load Side Heat Transfer Energy""",OutputProcessor::Unit::J,thisGSHP.QLoadEnergy,OutputProcessor::SOVTimeStepType::System,OutputProcessor::SOVStoreType::Summed,thisGSHP.Name
HeatPumpWaterToWaterHEATING.cc,"""Heat Pump Source Side Heat Transfer Rate""",OutputProcessor::Unit::W,thisGSHP.QSource,OutputProcessor::SOVTimeStepType::System,OutputProcessor::SOVStoreType::Average,thisGSHP.Name
HeatPumpWaterToWaterHEATING.cc,"""Heat Pump Source Side Heat Transfer Energy""",OutputProcessor::Unit::J,thisGSHP.QSourceEnergy,OutputProcessor::SOVTimeStepType::System,OutputProcessor::SOVStoreType::Summed,thisGSHP.Name
HeatPumpWaterToWaterHEATING.cc,"""Heat Pump Load Side Outlet Temperature""",OutputProcessor::Unit::C,thisGSHP.LoadSideWaterOutletTemp,OutputProcessor::SOVTimeStepType::System,OutputProcessor::SOVStoreType::Average,thisGSHP.Name
HeatPumpWaterToWaterHEATING.cc,"""Heat Pump Load Side Inlet Temperature""",OutputProcessor::Unit::C,thisGSHP.LoadSideWaterInletTemp,OutputProcessor::SOVTimeStepType::System,OutputProcessor::SOVStoreType::Average,thisGSHP.Name
HeatPumpWaterToWaterHEATING.cc,"""Heat Pump Source Side Outlet Temperature""",OutputProcessor::Unit::C,thisGSHP.SourceSideWaterOutletTemp,OutputProcessor::SOVTimeStepType::System,OutputProcessor::SOVStoreType::Average,thisGSHP.Name
HeatPumpWaterToWaterHEATING.cc,"""Heat Pump Source Side Inlet Temperature""",OutputProcessor::Unit::C,thisGSHP.SourceSideWaterInletTemp,OutputProcessor::SOVTimeStepType::System,OutputProcessor::SOVStoreType::Average,thisGSHP.Name
HeatPumpWaterToWaterHEATING.cc,"""Heat Pump Load Side Mass Flow Rate""",OutputProcessor::Unit::kg_s,thisGSHP.LoadSideWaterMassFlowRate,OutputProcessor::SOVTimeStepType::System,OutputProcessor::SOVStoreType::Average,thisGSHP.Name
HeatPumpWaterToWaterHEATING.cc,"""Heat Pump Source Side Mass Flow Rate""",OutputProcessor::Unit::kg_s,thisGSHP.SourceSideWaterMassFlowRate,OutputProcessor::SOVTimeStepType::System,OutputProcessor::SOVStoreType::Average,thisGSHP.Name
ChillerAbsorption.cc,"""Chiller Electricity Rate""",OutputProcessor::Unit::W,this->Report.PumpingPower,OutputProcessor::SOVTimeStepType::System,OutputProcessor::SOVStoreType::Average,this->Name
ChillerAbsorption.cc,"""Chiller Electricity Energy""",OutputProcessor::Unit::J,this->Report.PumpingEnergy,OutputProcessor::SOVTimeStepType::System,OutputProcessor::SOVStoreType::Summed,this->Name
ChillerAbsorption.cc,"""Chiller Evaporator Cooling Rate""",OutputProcessor::Unit::W,this->Report.QEvap,OutputProcessor::SOVTimeStepType::System,OutputProcessor::SOVStoreType::Average,this->Name
ChillerAbsorption.cc,"""Chiller Evaporator Cooling Energy""",OutputProcessor::Unit::J,this->Report.EvapEnergy,OutputProcessor::SOVTimeStepType::System,OutputProcessor::SOVStoreType::Summed,this->Name
ChillerAbsorption.cc,"""Chiller Evaporator Inlet Temperature""",OutputProcessor::Unit::C,this->Report.EvapInletTemp,OutputProcessor::SOVTimeStepType::System,OutputProcessor::SOVStoreType::Average,this->Name
ChillerAbsorption.cc,"""Chiller Evaporator Outlet Temperature""",OutputProcessor::Unit::C,this->Report.EvapOutletTemp,OutputProcessor::SOVTimeStepType::System,OutputProcessor::SOVStoreType::Average,this->Name
ChillerAbsorption.cc,"""Chiller Evaporator Mass Flow Rate""",OutputProcessor::Unit::kg_s,this->Report.Evapmdot,OutputProcessor::SOVTimeStepType::System,OutputProcessor::SOVStoreType::Average,this->Name
ChillerAbsorption.cc,"""Chiller Condenser Heat Transfer Rate""",OutputProcessor::Unit::W,this->Report.QCond,OutputProcessor::SOVTimeStepType::System,OutputProcessor::SOVStoreType::Average,this->Name
ChillerAbsorption.cc,"""Chiller Condenser Heat Transfer Energy""",OutputProcessor::Unit::J,this->Report.CondEnergy,OutputProcessor::SOVTimeStepType::System,OutputProcessor::SOVStoreType::Summed,this->Name
ChillerAbsorption.cc,"""Chiller Condenser Inlet Temperature""",OutputProcessor::Unit::C,this->Report.CondInletTemp,OutputProcessor::SOVTimeStepType::System,OutputProcessor::SOVStoreType::Average,this->Name
ChillerAbsorption.cc,"""Chiller Condenser Outlet Temperature""",OutputProcessor::Unit::C,this->Report.CondOutletTemp,OutputProcessor::SOVTimeStepType::System,OutputProcessor::SOVStoreType::Average,this->Name
ChillerAbsorption.cc,"""Chiller Condenser Mass Flow Rate""",OutputProcessor::Unit::kg_s,this->Report.Condmdot,OutputProcessor::SOVTimeStepType::System,OutputProcessor::SOVStoreType::Average,this->Name
ChillerAbsorption.cc,"""Chiller Hot Water Consumption Rate""",OutputProcessor::Unit::W,this->Report.QGenerator,OutputProcessor::SOVTimeStepType::System,OutputProcessor::SOVStoreType::Average,this->Name
ChillerAbsorption.cc,"""Chiller Source Hot Water Energy""",OutputProcessor::Unit::J,this->Report.GeneratorEnergy,OutputProcessor::SOVTimeStepType::System,OutputProcessor::SOVStoreType::Summed,this->Name
ChillerAbsorption.cc,"""Chiller Source Steam Rate""",OutputProcessor::Unit::W,this->Report.QGenerator,OutputProcessor::SOVTimeStepType::System,OutputProcessor::SOVStoreType::Average,this->Name
ChillerAbsorption.cc,"""Chiller Source Steam Energy""",OutputProcessor::Unit::J,this->Report.GeneratorEnergy,OutputProcessor::SOVTimeStepType::System,OutputProcessor::SOVStoreType::Summed,this->Name
ChillerAbsorption.cc,"""Chiller Source Steam Rate""",OutputProcessor::Unit::W,this->Report.QGenerator,OutputProcessor::SOVTimeStepType::System,OutputProcessor::SOVStoreType::Average,this->Name
ChillerAbsorption.cc,"""Chiller Source Steam Energy""",OutputProcessor::Unit::J,this->Report.GeneratorEnergy,OutputProcessor::SOVTimeStepType::System,OutputProcessor::SOVStoreType::Summed,this->Name
ChillerAbsorption.cc,"""Chiller COP""",OutputProcessor::Unit::W_W,this->Report.ActualCOP,OutputProcessor::SOVTimeStepType::System,OutputProcessor::SOVStoreType::Average,this->Name
WaterCoils.cc,"""Heating Coil Heating Energy""",OutputProcessor::Unit::J,waterCoil.TotWaterHeatingCoilEnergy,OutputProcessor::SOVTimeStepType::System,OutputProcessor::SOVStoreType::Summed,waterCoil.Name
WaterCoils.cc,"""Heating Coil Source Side Heat Transfer Energy""",OutputProcessor::Unit::J,waterCoil.TotWaterHeatingCoilEnergy,OutputProcessor::SOVTimeStepType::System,OutputProcessor::SOVStoreType::Summed,waterCoil.Name
WaterCoils.cc,"""Heating Coil Heating Rate""",OutputProcessor::Unit::W,waterCoil.TotWaterHeatingCoilRate,OutputProcessor::SOVTimeStepType::System,OutputProcessor::SOVStoreType::Average,waterCoil.Name
WaterCoils.cc,"""Heating Coil U Factor Times Area Value""",OutputProcessor::Unit::W_K,waterCoil.UACoilVariable,OutputProcessor::SOVTimeStepType::System,OutputProcessor::SOVStoreType::Average,waterCoil.Name
WaterCoils.cc,"""Cooling Coil Total Cooling Energy""",OutputProcessor::Unit::J,waterCoil.TotWaterCoolingCoilEnergy,OutputProcessor::SOVTimeStepType::System,OutputProcessor::SOVStoreType::Summed,waterCoil.Name
WaterCoils.cc,"""Cooling Coil Source Side Heat Transfer Energy""",OutputProcessor::Unit::J,waterCoil.TotWaterCoolingCoilEnergy,OutputProcessor::SOVTimeStepType::System,OutputProcessor::SOVStoreType::Summed,waterCoil.Name
WaterCoils.cc,"""Cooling Coil Sensible Cooling Energy""",OutputProcessor::Unit::J,waterCoil.SenWaterCoolingCoilEnergy,OutputProcessor::SOVTimeStepType::System,OutputProcessor::SOVStoreType::Summed,waterCoil.Name
WaterCoils.cc,"""Cooling Coil Total Cooling Rate""",OutputProcessor::Unit::W,waterCoil.TotWaterCoolingCoilRate,OutputProcessor::SOVTimeStepType::System,OutputProcessor::SOVStoreType::Average,waterCoil.Name
WaterCoils.cc,"""Cooling Coil Sensible Cooling Rate""",OutputProcessor::Unit::W,waterCoil.SenWaterCoolingCoilRate,OutputProcessor::SOVTimeStepType::System,OutputProcessor::SOVStoreType::Average,waterCoil.Name
WaterCoils.cc,"""Cooling Coil Condensate Volume Flow Rate""",OutputProcessor::Unit::m3_s,waterCoil.CondensateVdot,OutputProcessor::SOVTimeStepType::System,OutputProcessor::SOVStoreType::Average,waterCoil.Name
WaterCoils.cc,"""Cooling Coil Condensate Volume""",OutputProcessor::Unit::m3,waterCoil.CondensateVol,OutputProcessor::SOVTimeStepType::System,OutputProcessor::SOVStoreType::Summed,waterCoil.Name
WaterCoils.cc,"""Cooling Coil Total Cooling Energy""",OutputProcessor::Unit::J,waterCoil.TotWaterCoolingCoilEnergy,OutputProcessor::SOVTimeStepType::System,OutputProcessor::SOVStoreType::Summed,waterCoil.Name
WaterCoils.cc,"""Cooling Coil Source Side Heat Transfer Energy""",OutputProcessor::Unit::J,waterCoil.TotWaterCoolingCoilEnergy,OutputProcessor::SOVTimeStepType::System,OutputProcessor::SOVStoreType::Summed,waterCoil.Name
WaterCoils.cc,"""Cooling Coil Sensible Cooling Energy""",OutputProcessor::Unit::J,waterCoil.SenWaterCoolingCoilEnergy,OutputProcessor::SOVTimeStepType::System,OutputProcessor::SOVStoreType::Summed,waterCoil.Name
WaterCoils.cc,"""Cooling Coil Total Cooling Rate""",OutputProcessor::Unit::W,waterCoil.TotWaterCoolingCoilRate,OutputProcessor::SOVTimeStepType::System,OutputProcessor::SOVStoreType::Average,waterCoil.Name
WaterCoils.cc,"""Cooling Coil Sensible Cooling Rate""",OutputProcessor::Unit::W,waterCoil.SenWaterCoolingCoilRate,OutputProcessor::SOVTimeStepType::System,OutputProcessor::SOVStoreType::Average,waterCoil.Name
WaterCoils.cc,"""Cooling Coil Wetted Area Fraction""",OutputProcessor::Unit::None,waterCoil.SurfAreaWetFraction,OutputProcessor::SOVTimeStepType::System,OutputProcessor::SOVStoreType::Average,waterCoil.Name
WaterCoils.cc,"""Cooling Coil Condensate Volume Flow Rate""",OutputProcessor::Unit::m3_s,waterCoil.CondensateVdot,OutputProcessor::SOVTimeStepType::System,OutputProcessor::SOVStoreType::Average,waterCoil.Name
WaterCoils.cc,"""Cooling Coil Condensate Volume""",OutputProcessor::Unit::m3,waterCoil.CondensateVol,OutputProcessor::SOVTimeStepType::System,OutputProcessor::SOVStoreType::Summed,waterCoil.Name
HVACCooledBeam.cc,"""Zone Air Terminal Beam Sensible Cooling Energy""",OutputProcessor::Unit::J,CoolBeam(CBNum).BeamCoolingEnergy,OutputProcessor::SOVTimeStepType::System,OutputProcessor::SOVStoreType::Summed,CoolBeam(CBNum).Name
HVACCooledBeam.cc,"""Zone Air Terminal Beam Chilled Water Energy""",OutputProcessor::Unit::J,CoolBeam(CBNum).BeamCoolingEnergy,OutputProcessor::SOVTimeStepType::System,OutputProcessor::SOVStoreType::Summed,CoolBeam(CBNum).Name
HVACCooledBeam.cc,"""Zone Air Terminal Beam Sensible Cooling Rate""",OutputProcessor::Unit::W,CoolBeam(CBNum).BeamCoolingRate,OutputProcessor::SOVTimeStepType::System,OutputProcessor::SOVStoreType::Average,CoolBeam(CBNum).Name
HVACCooledBeam.cc,"""Zone Air Terminal Supply Air Sensible Cooling Energy""",OutputProcessor::Unit::J,CoolBeam(CBNum).SupAirCoolingEnergy,OutputProcessor::SOVTimeStepType::System,OutputProcessor::SOVStoreType::Summed,CoolBeam(CBNum).Name
HVACCooledBeam.cc,"""Zone Air Terminal Supply Air Sensible Cooling Rate""",OutputProcessor::Unit::W,CoolBeam(CBNum).SupAirCoolingRate,OutputProcessor::SOVTimeStepType::System,OutputProcessor::SOVStoreType::Average,CoolBeam(CBNum).Name
HVACCooledBeam.cc,"""Zone Air Terminal Supply Air Sensible Heating Energy""",OutputProcessor::Unit::J,CoolBeam(CBNum).SupAirHeatingEnergy,OutputProcessor::SOVTimeStepType::System,OutputProcessor::SOVStoreType::Summed,CoolBeam(CBNum).Name
HVACCooledBeam.cc,"""Zone Air Terminal Supply Air Sensible Heating Rate""",OutputProcessor::Unit::W,CoolBeam(CBNum).SupAirHeatingRate,OutputProcessor::SOVTimeStepType::System,OutputProcessor::SOVStoreType::Average,CoolBeam(CBNum).Name
HVACCooledBeam.cc,"""Zone Air Terminal Outdoor Air Volume Flow Rate""",OutputProcessor::Unit::m3_s,CoolBeam(CBNum).OutdoorAirFlowRate,OutputProcessor::SOVTimeStepType::System,OutputProcessor::SOVStoreType::Average,CoolBeam(CBNum).Name
PlantCentralGSHP.cc,"""Chiller Heater System Cooling Electricity Energy""",OutputProcessor::Unit::J,this->Report.TotElecCooling,OutputProcessor::SOVTimeStepType::System,OutputProcessor::SOVStoreType::Summed,this->Name
PlantCentralGSHP.cc,"""Chiller Heater System Heating Electricity Energy""",OutputProcessor::Unit::J,this->Report.TotElecHeating,OutputProcessor::SOVTimeStepType::System,OutputProcessor::SOVStoreType::Summed,this->Name
PlantCentralGSHP.cc,"""Chiller Heater System Cooling Electricity Rate""",OutputProcessor::Unit::W,this->Report.TotElecCoolingPwr,OutputProcessor::SOVTimeStepType::System,OutputProcessor::SOVStoreType::Average,this->Name
PlantCentralGSHP.cc,"""Chiller Heater System Heating Electricity Rate""",OutputProcessor::Unit::W,this->Report.TotElecHeatingPwr,OutputProcessor::SOVTimeStepType::System,OutputProcessor::SOVStoreType::Average,this->Name
PlantCentralGSHP.cc,"""Chiller Heater System Cooling Energy""",OutputProcessor::Unit::J,this->Report.CoolingEnergy,OutputProcessor::SOVTimeStepType::System,OutputProcessor::SOVStoreType::Summed,this->Name
PlantCentralGSHP.cc,"""Chiller Heater System Heating Energy""",OutputProcessor::Unit::J,this->Report.HeatingEnergy,OutputProcessor::SOVTimeStepType::System,OutputProcessor::SOVStoreType::Summed,this->Name
PlantCentralGSHP.cc,"""Chiller Heater System Source Heat Transfer Energy""",OutputProcessor::Unit::J,this->Report.GLHEEnergy,OutputProcessor::SOVTimeStepType::System,OutputProcessor::SOVStoreType::Summed,this->Name
PlantCentralGSHP.cc,"""Chiller Heater System Cooling Rate""",OutputProcessor::Unit::W,this->Report.CoolingRate,OutputProcessor::SOVTimeStepType::System,OutputProcessor::SOVStoreType::Average,this->Name
PlantCentralGSHP.cc,"""Chiller Heater System Heating Rate""",OutputProcessor::Unit::W,this->Report.HeatingRate,OutputProcessor::SOVTimeStepType::System,OutputProcessor::SOVStoreType::Average,this->Name
PlantCentralGSHP.cc,"""Chiller Heater System Source Heat Transfer Rate""",OutputProcessor::Unit::W,this->Report.GLHERate,OutputProcessor::SOVTimeStepType::System,OutputProcessor::SOVStoreType::Average,this->Name
PlantCentralGSHP.cc,"""Chiller Heater System Cooling Mass Flow Rate""",OutputProcessor::Unit::kg_s,this->Report.CHWmdot,OutputProcessor::SOVTimeStepType::System,OutputProcessor::SOVStoreType::Average,this->Name
PlantCentralGSHP.cc,"""Chiller Heater System Heating Mass Flow Rate""",OutputProcessor::Unit::kg_s,this->Report.HWmdot,OutputProcessor::SOVTimeStepType::System,OutputProcessor::SOVStoreType::Average,this->Name
PlantCentralGSHP.cc,"""Chiller Heater System Source Mass Flow Rate""",OutputProcessor::Unit::kg_s,this->Report.GLHEmdot,OutputProcessor::SOVTimeStepType::System,OutputProcessor::SOVStoreType::Average,this->Name
PlantCentralGSHP.cc,"""Chiller Heater System Cooling Inlet Temperature""",OutputProcessor::Unit::C,this->Report.CHWInletTemp,OutputProcessor::SOVTimeStepType::System,OutputProcessor::SOVStoreType::Average,this->Name
PlantCentralGSHP.cc,"""Chiller Heater System Heating Inlet Temperature""",OutputProcessor::Unit::C,this->Report.HWInletTemp,OutputProcessor::SOVTimeStepType::System,OutputProcessor::SOVStoreType::Average,this->Name
PlantCentralGSHP.cc,"""Chiller Heater System Source Inlet Temperature""",OutputProcessor::Unit::C,this->Report.GLHEInletTemp,OutputProcessor::SOVTimeStepType::System,OutputProcessor::SOVStoreType::Average,this->Name
PlantCentralGSHP.cc,"""Chiller Heater System Cooling Outlet Temperature""",OutputProcessor::Unit::C,this->Report.CHWOutletTemp,OutputProcessor::SOVTimeStepType::System,OutputProcessor::SOVStoreType::Average,this->Name
PlantCentralGSHP.cc,"""Chiller Heater System Heating Outlet Temperature""",OutputProcessor::Unit::C,this->Report.HWOutletTemp,OutputProcessor::SOVTimeStepType::System,OutputProcessor::SOVStoreType::Average,this->Name
PlantCentralGSHP.cc,"""Chiller Heater System Source Outlet Temperature""",OutputProcessor::Unit::C,this->Report.GLHEOutletTemp,OutputProcessor::SOVTimeStepType::System,OutputProcessor::SOVStoreType::Average,this->Name
PlantCentralGSHP.cc,"format(""Chiller Heater Operation Mode Unit {}"", ChillerHeaterNum)",OutputProcessor::Unit::None,this->ChillerHeater(ChillerHeaterNum).Report.CurrentMode,OutputProcessor::SOVTimeStepType::System,OutputProcessor::SOVStoreType::Average,this->ChillerHeater(ChillerHeaterNum).Name
PlantCentralGSHP.cc,"format(""Chiller Heater Part Load Ratio Unit {}"", ChillerHeaterNum)",OutputProcessor::Unit::None,this->ChillerHeater(ChillerHeaterNum).Report.ChillerPartLoadRatio,OutputProcessor::SOVTimeStepType::System,OutputProcessor::SOVStoreType::Average,this->ChillerHeater(ChillerHeaterNum).Name
PlantCentralGSHP.cc,"format(""Chiller Heater Cycling Ratio Unit {}"", ChillerHeaterNum)",OutputProcessor::Unit::None,this->ChillerHeater(ChillerHeaterNum).Report.ChillerCyclingRatio,OutputProcessor::SOVTimeStepType::System,OutputProcessor::SOVStoreType::Average,this->ChillerHeater(ChillerHeaterNum).Name
PlantCentralGSHP.cc,"format(""Chiller Heater Cooling Electricity Rate Unit {}"", ChillerHeaterNum)",OutputProcessor::Unit::W,this->ChillerHeater(ChillerHeaterNum).Report.CoolingPower,OutputProcessor::SOVTimeStepType::System,OutputProcessor::SOVStoreType::Average,this->ChillerHeater(ChillerHeaterNum).Name
PlantCentralGSHP.cc,"format(""Chiller Heater Heating Electricity Rate Unit {}"", ChillerHeaterNum)",OutputProcessor::Unit::W,this->ChillerHeater(ChillerHeaterNum).Report.HeatingPower,OutputProcessor::SOVTimeStepType::System,OutputProcessor::SOVStoreType::Average,this->ChillerHeater(ChillerHeaterNum).Name
PlantCentralGSHP.cc,"format(""Chiller Heater Cooling Electricity Energy Unit {}"", ChillerHeaterNum)",OutputProcessor::Unit::J,this->ChillerHeater(ChillerHeaterNum).Report.CoolingEnergy,OutputProcessor::SOVTimeStepType::System,OutputProcessor::SOVStoreType::Summed,this->ChillerHeater(ChillerHeaterNum).Name
PlantCentralGSHP.cc,"format(""Chiller Heater Heating Electricity Energy Unit {}"", ChillerHeaterNum)",OutputProcessor::Unit::J,this->ChillerHeater(ChillerHeaterNum).Report.HeatingEnergy,OutputProcessor::SOVTimeStepType::System,OutputProcessor::SOVStoreType::Summed,this->ChillerHeater(ChillerHeaterNum).Name
PlantCentralGSHP.cc,"format(""Chiller Heater Cooling Rate Unit {}"", ChillerHeaterNum)",OutputProcessor::Unit::W,this->ChillerHeater(ChillerHeaterNum).Report.QEvap,OutputProcessor::SOVTimeStepType::System,OutputProcessor::SOVStoreType::Average,this->ChillerHeater(ChillerHeaterNum).Name
PlantCentralGSHP.cc,"format(""Chiller Heater Cooling Energy Unit {}"", ChillerHeaterNum)",OutputProcessor::Unit::J,this->ChillerHeater(ChillerHeaterNum).Report.EvapEnergy,OutputProcessor::SOVTimeStepType::System,OutputProcessor::SOVStoreType::Summed,this->ChillerHeater(ChillerHeaterNum).Name
PlantCentralGSHP.cc,"format(""Chiller Heater False Load Heat Transfer Rate Unit {}"", ChillerHeaterNum)",OutputProcessor::Unit::W,this->ChillerHeater(ChillerHeaterNum).Report.ChillerFalseLoadRate,OutputProcessor::SOVTimeStepType::System,OutputProcessor::SOVStoreType::Average,this->ChillerHeater(ChillerHeaterNum).Name
PlantCentralGSHP.cc,"format(""Chiller Heater False Load Heat Transfer Energy Unit {}"", ChillerHeaterNum)",OutputProcessor::Unit::J,this->ChillerHeater(ChillerHeaterNum).Report.ChillerFalseLoad,OutputProcessor::SOVTimeStepType::System,OutputProcessor::SOVStoreType::Summed,this->ChillerHeater(ChillerHeaterNum).Name
PlantCentralGSHP.cc,"format(""Chiller Heater Evaporator Inlet Temperature Unit {}"", ChillerHeaterNum)",OutputProcessor::Unit::C,this->ChillerHeater(ChillerHeaterNum).Report.EvapInletTemp,OutputProcessor::SOVTimeStepType::System,OutputProcessor::SOVStoreType::Average,this->ChillerHeater(ChillerHeaterNum).Name
PlantCentralGSHP.cc,"format(""Chiller Heater Evaporator Outlet Temperature Unit {}"", ChillerHeaterNum)",OutputProcessor::Unit::C,this->ChillerHeater(ChillerHeaterNum).Report.EvapOutletTemp,OutputProcessor::SOVTimeStepType::System,OutputProcessor::SOVStoreType::Average,this->ChillerHeater(ChillerHeaterNum).Name
PlantCentralGSHP.cc,"format(""Chiller Heater Evaporator Mass Flow Rate Unit {}"", ChillerHeaterNum)",OutputProcessor::Unit::kg_s,this->ChillerHeater(ChillerHeaterNum).Report.Evapmdot,OutputProcessor::SOVTimeStepType::System,OutputProcessor::SOVStoreType::Average,this->ChillerHeater(ChillerHeaterNum).Name
PlantCentralGSHP.cc,"format(""Chiller Heater Condenser Heat Transfer Rate Unit {}"", ChillerHeaterNum)",OutputProcessor::Unit::W,this->ChillerHeater(ChillerHeaterNum).Report.QCond,OutputProcessor::SOVTimeStepType::System,OutputProcessor::SOVStoreType::Average,this->ChillerHeater(ChillerHeaterNum).Name
PlantCentralGSHP.cc,"format(""Chiller Heater Condenser Heat Transfer Energy Unit {}"", ChillerHeaterNum)",OutputProcessor::Unit::J,this->ChillerHeater(ChillerHeaterNum).Report.CondEnergy,OutputProcessor::SOVTimeStepType::System,OutputProcessor::SOVStoreType::Summed,this->ChillerHeater(ChillerHeaterNum).Name
PlantCentralGSHP.cc,"format(""Chiller Heater COP Unit {}"", ChillerHeaterNum)",OutputProcessor::Unit::W_W,this->ChillerHeater(ChillerHeaterNum).Report.ActualCOP,OutputProcessor::SOVTimeStepType::System,OutputProcessor::SOVStoreType::Average,this->ChillerHeater(ChillerHeaterNum).Name
PlantCentralGSHP.cc,"format(""Chiller Heater Capacity Temperature Modifier Multiplier Unit {}"", ChillerHeaterNum)",OutputProcessor::Unit::None,this->ChillerHeater(ChillerHeaterNum).Report.ChillerCapFT,OutputProcessor::SOVTimeStepType::System,OutputProcessor::SOVStoreType::Average,this->ChillerHeater(ChillerHeaterNum).Name
PlantCentralGSHP.cc,"format(""Chiller Heater EIR Temperature Modifier Multiplier Unit {}"", ChillerHeaterNum)",OutputProcessor::Unit::None,this->ChillerHeater(ChillerHeaterNum).Report.ChillerEIRFT,OutputProcessor::SOVTimeStepType::System,OutputProcessor::SOVStoreType::Average,this->ChillerHeater(ChillerHeaterNum).Name
PlantCentralGSHP.cc,"format(""Chiller Heater EIR Part Load Modifier Multiplier Unit {}"", ChillerHeaterNum)",OutputProcessor::Unit::None,this->ChillerHeater(ChillerHeaterNum).Report.ChillerEIRFPLR,OutputProcessor::SOVTimeStepType::System,OutputProcessor::SOVStoreType::Average,this->ChillerHeater(ChillerHeaterNum).Name
PlantCentralGSHP.cc,"format(""Chiller Heater Condenser Inlet Temperature Unit {}"", ChillerHeaterNum)",OutputProcessor::Unit::C,this->ChillerHeater(ChillerHeaterNum).Report.CondInletTemp,OutputProcessor::SOVTimeStepType::System,OutputProcessor::SOVStoreType::Average,this->ChillerHeater(ChillerHeaterNum).Name
PlantCentralGSHP.cc,"format(""Chiller Heater Condenser Outlet Temperature Unit {}"", ChillerHeaterNum)",OutputProcessor::Unit::C,this->ChillerHeater(ChillerHeaterNum).Report.CondOutletTemp,OutputProcessor::SOVTimeStepType::System,OutputProcessor::SOVStoreType::Average,this->ChillerHeater(ChillerHeaterNum).Name
PlantCentralGSHP.cc,"format(""Chiller Heater Condenser Mass Flow Rate Unit {}"", ChillerHeaterNum)",OutputProcessor::Unit::kg_s,this->ChillerHeater(ChillerHeaterNum).Report.Condmdot,OutputProcessor::SOVTimeStepType::System,OutputProcessor::SOVStoreType::Average,this->ChillerHeater(ChillerHeaterNum).Name
PondGroundHeatExchanger.cc,"""Pond Heat Exchanger Heat Transfer Rate""",OutputProcessor::Unit::W,this->HeatTransferRate,OutputProcessor::SOVTimeStepType::Plant,OutputProcessor::SOVStoreType::Average,this->Name
PondGroundHeatExchanger.cc,"""Pond Heat Exchanger Heat Transfer Energy""",OutputProcessor::Unit::J,this->Energy,OutputProcessor::SOVTimeStepType::Plant,OutputProcessor::SOVStoreType::Summed,this->Name
PondGroundHeatExchanger.cc,"""Pond Heat Exchanger Mass Flow Rate""",OutputProcessor::Unit::kg_s,this->MassFlowRate,OutputProcessor::SOVTimeStepType::Plant,OutputProcessor::SOVStoreType::Average,this->Name
PondGroundHeatExchanger.cc,"""Pond Heat Exchanger Inlet Temperature""",OutputProcessor::Unit::C,this->InletTemp,OutputProcessor::SOVTimeStepType::Plant,OutputProcessor::SOVStoreType::Average,this->Name
PondGroundHeatExchanger.cc,"""Pond Heat Exchanger Outlet Temperature""",OutputProcessor::Unit::C,this->OutletTemp,OutputProcessor::SOVTimeStepType::Plant,OutputProcessor::SOVStoreType::Average,this->Name
PondGroundHeatExchanger.cc,"""Pond Heat Exchanger Bulk Temperature""",OutputProcessor::Unit::C,this->PondTemp,OutputProcessor::SOVTimeStepType::Plant,OutputProcessor::SOVStoreType::Average,this->Name
ICEngineElectricGenerator.cc,"""Generator Produced AC Electricity Rate""",OutputProcessor::Unit::W,this->ElecPowerGenerated,OutputProcessor::SOVTimeStepType::System,OutputProcessor::SOVStoreType::Average,this->Name
ICEngineElectricGenerator.cc,"""Generator Produced AC Electricity Energy""",OutputProcessor::Unit::J,this->ElecEnergyGenerated,OutputProcessor::SOVTimeStepType::System,OutputProcessor::SOVStoreType::Summed,this->Name
ICEngineElectricGenerator.cc,"format(""Generator {} Rate"", sFuelType)",OutputProcessor::Unit::W,this->FuelEnergyUseRate,OutputProcessor::SOVTimeStepType::System,OutputProcessor::SOVStoreType::Average,this->Name
ICEngineElectricGenerator.cc,"format(""Generator {} Energy"", sFuelType)",OutputProcessor::Unit::J,this->FuelEnergy,OutputProcessor::SOVTimeStepType::System,OutputProcessor::SOVStoreType::Summed,this->Name
ICEngineElectricGenerator.cc,"""Generator Fuel HHV Basis Rate""",OutputProcessor::Unit::W,this->FuelEnergyUseRate,OutputProcessor::SOVTimeStepType::System,OutputProcessor::SOVStoreType::Average,this->Name
ICEngineElectricGenerator.cc,"""Generator Fuel HHV Basis Energy""",OutputProcessor::Unit::J,this->FuelEnergy,OutputProcessor::SOVTimeStepType::System,OutputProcessor::SOVStoreType::Summed,this->Name
ICEngineElectricGenerator.cc,"format(""Generator {} Mass Flow Rate"", sFuelType)",OutputProcessor::Unit::kg_s,this->FuelMdot,OutputProcessor::SOVTimeStepType::System,OutputProcessor::SOVStoreType::Average,this->Name
ICEngineElectricGenerator.cc,"""Generator Exhaust Air Temperature""",OutputProcessor::Unit::C,this->ExhaustStackTemp,OutputProcessor::SOVTimeStepType::System,OutputProcessor::SOVStoreType::Average,this->Name
ICEngineElectricGenerator.cc,"""Generator Heat Recovery Mass Flow Rate""",OutputProcessor::Unit::kg_s,this->HeatRecMdotActual,OutputProcessor::SOVTimeStepType::System,OutputProcessor::SOVStoreType::Average,this->Name
ICEngineElectricGenerator.cc,"""Generator Jacket Heat Recovery Rate""",OutputProcessor::Unit::W,this->QJacketRecovered,OutputProcessor::SOVTimeStepType::System,OutputProcessor::SOVStoreType::Average,this->Name
ICEngineElectricGenerator.cc,"""Generator Jacket Heat Recovery Energy""",OutputProcessor::Unit::J,this->JacketEnergyRec,OutputProcessor::SOVTimeStepType::System,OutputProcessor::SOVStoreType::Summed,this->Name
ICEngineElectricGenerator.cc,"""Generator Lube Heat Recovery Rate""",OutputProcessor::Unit::W,this->QLubeOilRecovered,OutputProcessor::SOVTimeStepType::System,OutputProcessor::SOVStoreType::Average,this->Name
ICEngineElectricGenerator.cc,"""Generator Lube Heat Recovery Energy""",OutputProcessor::Unit::J,this->LubeOilEnergyRec,OutputProcessor::SOVTimeStepType::System,OutputProcessor::SOVStoreType::Summed,this->Name
ICEngineElectricGenerator.cc,"""Generator Exhaust Heat Recovery Rate""",OutputProcessor::Unit::W,this->QExhaustRecovered,OutputProcessor::SOVTimeStepType::System,OutputProcessor::SOVStoreType::Average,this->Name
ICEngineElectricGenerator.cc,"""Generator Exhaust Heat Recovery Energy""",OutputProcessor::Unit::J,this->ExhaustEnergyRec,OutputProcessor::SOVTimeStepType::System,OutputProcessor::SOVStoreType::Summed,this->Name
ICEngineElectricGenerator.cc,"""Generator Produced Thermal Rate""",OutputProcessor::Unit::W,this->QTotalHeatRecovered,OutputProcessor::SOVTimeStepType::System,OutputProcessor::SOVStoreType::Average,this->Name
ICEngineElectricGenerator.cc,"""Generator Produced Thermal Energy""",OutputProcessor::Unit::J,this->TotalHeatEnergyRec,OutputProcessor::SOVTimeStepType::System,OutputProcessor::SOVStoreType::Summed,this->Name
ICEngineElectricGenerator.cc,"""Generator Heat Recovery Inlet Temperature""",OutputProcessor::Unit::C,this->HeatRecInletTemp,OutputProcessor::SOVTimeStepType::System,OutputProcessor::SOVStoreType::Average,this->Name
ICEngineElectricGenerator.cc,"""Generator Heat Recovery Outlet Temperature""",OutputProcessor::Unit::C,this->HeatRecOutletTemp,OutputProcessor::SOVTimeStepType::System,OutputProcessor::SOVStoreType::Average,this->Name
SystemAvailabilityManager.cc,"""Availability Manager Scheduled Control Status""",OutputProcessor::Unit::None,schedMgr.AvailStatus,OutputProcessor::SOVTimeStepType::System,OutputProcessor::SOVStoreType::Average,schedMgr.Name
SystemAvailabilityManager.cc,"""Availability Manager Scheduled On Control Status""",OutputProcessor::Unit::None,schedOnMgr.AvailStatus,OutputProcessor::SOVTimeStepType::System,OutputProcessor::SOVStoreType::Average,schedOnMgr.Name
SystemAvailabilityManager.cc,"""Availability Manager Scheduled Off Control Status""",OutputProcessor::Unit::None,schedOffMgr.AvailStatus,OutputProcessor::SOVTimeStepType::System,OutputProcessor::SOVStoreType::Average,schedOffMgr.Name
SystemAvailabilityManager.cc,"""Availability Manager Night Cycle Control Status""",OutputProcessor::Unit::None,nightCycleMgr.AvailStatus,OutputProcessor::SOVTimeStepType::System,OutputProcessor::SOVStoreType::Average,nightCycleMgr.Name
SystemAvailabilityManager.cc,"""Availability Manager Optimum Start Control Status""",OutputProcessor::Unit::None,optimumStartMgr.AvailStatus,OutputProcessor::SOVTimeStepType::System,OutputProcessor::SOVStoreType::Average,optimumStartMgr.Name
SystemAvailabilityManager.cc,"""Availability Manager Optimum Start Time Before Occupancy""",OutputProcessor::Unit::hr,optimumStartMgr.NumHoursBeforeOccupancy,OutputProcessor::SOVTimeStepType::System,OutputProcessor::SOVStoreType::Average,optimumStartMgr.Name
SystemAvailabilityManager.cc,"""Availability Manager Differential Thermostat Control Status""",OutputProcessor::Unit::None,diffThermoMgr.AvailStatus,OutputProcessor::SOVTimeStepType::System,OutputProcessor::SOVStoreType::Average,diffThermoMgr.Name
SystemAvailabilityManager.cc,"""Availability Manager High Temperature Turn Off Control Status""",OutputProcessor::Unit::None,hiTurnOffMgr.AvailStatus,OutputProcessor::SOVTimeStepType::System,OutputProcessor::SOVStoreType::Average,hiTurnOffMgr.Name
SystemAvailabilityManager.cc,"""Availability Manager High Temperature Turn On Control Status""",OutputProcessor::Unit::None,hiTurnOnMgr.AvailStatus,OutputProcessor::SOVTimeStepType::System,OutputProcessor::SOVStoreType::Average,hiTurnOnMgr.Name
SystemAvailabilityManager.cc,"""Availability Manager Low Temperature Turn Off Control Status""",OutputProcessor::Unit::None,loTurnOffMgr.AvailStatus,OutputProcessor::SOVTimeStepType::System,OutputProcessor::SOVStoreType::Average,loTurnOffMgr.Name
SystemAvailabilityManager.cc,"""Availability Manager Low Temperature Turn On Control Status""",OutputProcessor::Unit::None,loTurnOnMgr.AvailStatus,OutputProcessor::SOVTimeStepType::System,OutputProcessor::SOVStoreType::Average,loTurnOnMgr.Name
SystemAvailabilityManager.cc,"""Availability Manager Night Ventilation Control Status""",OutputProcessor::Unit::None,nightVentMgr.AvailStatus,OutputProcessor::SOVTimeStepType::System,OutputProcessor::SOVStoreType::Average,nightVentMgr.Name
SystemAvailabilityManager.cc,"""Availability Manager Hybrid Ventilation Control Status""",OutputProcessor::Unit::None,state.dataSystemAvailabilityManager->HybridVentData(SysAvailNum).VentilationCtrl,OutputProcessor::SOVTimeStepType::System,OutputProcessor::SOVStoreType::Average,state.dataSystemAvailabilityManager->HybridVentData(SysAvailNum).AirLoopName
SystemAvailabilityManager.cc,"""Availability Manager Hybrid Ventilation Control Mode""",OutputProcessor::Unit::None,state.dataSystemAvailabilityManager->HybridVentData(SysAvailNum).ControlMode,OutputProcessor::SOVTimeStepType::System,OutputProcessor::SOVStoreType::Average,state.dataSystemAvailabilityManager->HybridVentData(SysAvailNum).AirLoopName
SystemAvailabilityManager.cc,"""Availability Manager Hybrid Ventilation Control Status""",OutputProcessor::Unit::None,state.dataSystemAvailabilityManager->HybridVentData(SysAvailNum).VentilationCtrl,OutputProcessor::SOVTimeStepType::System,OutputProcessor::SOVStoreType::Average,state.dataSystemAvailabilityManager->HybridVentData(SysAvailNum).ControlZoneName
SystemAvailabilityManager.cc,"""Availability Manager Hybrid Ventilation Control Mode""",OutputProcessor::Unit::None,state.dataSystemAvailabilityManager->HybridVentData(SysAvailNum).ControlMode,OutputProcessor::SOVTimeStepType::System,OutputProcessor::SOVStoreType::Average,state.dataSystemAvailabilityManager->HybridVentData(SysAvailNum).ControlZoneName
SystemAvailabilityManager.cc,"""Hybrid Ventilation Control HVAC System Operation Elapsed Time""",OutputProcessor::Unit::min,state.dataSystemAvailabilityManager->HybridVentData(SysAvailNum).TimeOperDuration,OutputProcessor::SOVTimeStepType::System,OutputProcessor::SOVStoreType::Average,state.dataSystemAvailabilityManager->HybridVentData(SysAvailNum).Name
SystemAvailabilityManager.cc,"""Hybrid Ventilation Control Natural Ventilation Elapsed Time""",OutputProcessor::Unit::min,state.dataSystemAvailabilityManager->HybridVentData(SysAvailNum).TimeVentDuration,OutputProcessor::SOVTimeStepType::System,OutputProcessor::SOVStoreType::Average,state.dataSystemAvailabilityManager->HybridVentData(SysAvailNum).Name
SystemAvailabilityManager.cc,"""Hybrid Ventilation Operative Temperature""",OutputProcessor::Unit::C,state.dataSystemAvailabilityManager->HybridVentData(SysAvailNum).OperativeTemp,OutputProcessor::SOVTimeStepType::System,OutputProcessor::SOVStoreType::Average,state.dataSystemAvailabilityManager->HybridVentData(SysAvailNum).Name
SystemAvailabilityManager.cc,"""Hybrid Ventilation Lower Limit Operative Temperature""",OutputProcessor::Unit::C,state.dataSystemAvailabilityManager->HybridVentData(SysAvailNum).minAdaTem,OutputProcessor::SOVTimeStepType::System,OutputProcessor::SOVStoreType::Average,state.dataSystemAvailabilityManager->HybridVentData(SysAvailNum).Name
SystemAvailabilityManager.cc,"""Hybrid Ventilation Upper Limit Operative Temperature""",OutputProcessor::Unit::C,state.dataSystemAvailabilityManager->HybridVentData(SysAvailNum).maxAdaTem,OutputProcessor::SOVTimeStepType::System,OutputProcessor::SOVStoreType::Average,state.dataSystemAvailabilityManager->HybridVentData(SysAvailNum).Name
SystemAvailabilityManager.cc,"""Hybrid Ventilation CO2 Concentration""",OutputProcessor::Unit::ppm,state.dataSystemAvailabilityManager->HybridVentData(SysAvailNum).CO2,OutputProcessor::SOVTimeStepType::System,OutputProcessor::SOVStoreType::Average,state.dataSystemAvailabilityManager->HybridVentData(SysAvailNum).Name
HeatBalanceSurfaceManager.cc,"""Surface Inside Face Temperature""",OutputProcessor::Unit::C,state.dataHeatBalSurf->SurfTempIn(loop),OutputProcessor::SOVTimeStepType::Zone,OutputProcessor::SOVStoreType::State,surface.Name
HeatBalanceSurfaceManager.cc,"""Surface Inside Face Interior Movable Insulation Temperature""",OutputProcessor::Unit::C,state.dataHeatBalSurf->SurfTempInMovInsRep(loop),OutputProcessor::SOVTimeStepType::Zone,OutputProcessor::SOVStoreType::State,surface.Name
HeatBalanceSurfaceManager.cc,"""Surface Outside Face Temperature""",OutputProcessor::Unit::C,state.dataHeatBalSurf->SurfTempOut(loop),OutputProcessor::SOVTimeStepType::Zone,OutputProcessor::SOVStoreType::State,surface.Name
HeatBalanceSurfaceManager.cc,"""Surface Inside Face Adjacent Air Temperature""",OutputProcessor::Unit::C,state.dataHeatBal->SurfTempEffBulkAir(loop),OutputProcessor::SOVTimeStepType::Zone,OutputProcessor::SOVStoreType::State,surface.Name
HeatBalanceSurfaceManager.cc,"""Surface Inside Face Convection Heat Transfer Coefficient""",OutputProcessor::Unit::W_m2K,state.dataHeatBalSurf->SurfHConvInt(loop),OutputProcessor::SOVTimeStepType::Zone,OutputProcessor::SOVStoreType::State,surface.Name
HeatBalanceSurfaceManager.cc,"""Surface Inside Face Convection Heat Gain Rate""",OutputProcessor::Unit::W,state.dataHeatBalSurf->SurfQdotConvInRep(loop),OutputProcessor::SOVTimeStepType::Zone,OutputProcessor::SOVStoreType::State,surface.Name
HeatBalanceSurfaceManager.cc,"""Surface Inside Face Convection Heat Gain Rate per Area""",OutputProcessor::Unit::W_m2,state.dataHeatBalSurf->SurfQdotConvInPerArea(loop),OutputProcessor::SOVTimeStepType::Zone,OutputProcessor::SOVStoreType::State,surface.Name
HeatBalanceSurfaceManager.cc,"""Surface Inside Face Convection Heat Gain Energy""",OutputProcessor::Unit::J,state.dataHeatBalSurf->SurfQConvInRep(loop),OutputProcessor::SOVTimeStepType::Zone,OutputProcessor::SOVStoreType::Summed,surface.Name
HeatBalanceSurfaceManager.cc,"""Surface Inside Face Net Surface Thermal Radiation Heat Gain Rate""",OutputProcessor::Unit::W,state.dataHeatBalSurf->SurfQdotRadNetSurfInRep(loop),OutputProcessor::SOVTimeStepType::Zone,OutputProcessor::SOVStoreType::State,surface.Name
HeatBalanceSurfaceManager.cc,"""Surface Inside Face Net Surface Thermal Radiation Heat Gain Rate per Area""",OutputProcessor::Unit::W_m2,state.dataHeatBalSurf->SurfQdotRadNetLWInPerArea(loop),OutputProcessor::SOVTimeStepType::Zone,OutputProcessor::SOVStoreType::State,surface.Name
HeatBalanceSurfaceManager.cc,"""Surface Inside Face Net Surface Thermal Radiation Heat Gain Energy""",OutputProcessor::Unit::J,state.dataHeatBalSurf->SurfQRadNetSurfInRep(loop),OutputProcessor::SOVTimeStepType::Zone,OutputProcessor::SOVStoreType::Summed,surface.Name
HeatBalanceSurfaceManager.cc,"""Surface Inside Face Solar Radiation Heat Gain Rate""",OutputProcessor::Unit::W,state.dataHeatBalSurf->SurfQdotRadSolarInRep(loop),OutputProcessor::SOVTimeStepType::Zone,OutputProcessor::SOVStoreType::State,surface.Name
HeatBalanceSurfaceManager.cc,"""Surface Inside Face Solar Radiation Heat Gain Rate per Area""",OutputProcessor::Unit::W_m2,state.dataHeatBalSurf->SurfQdotRadSolarInRepPerArea(loop),OutputProcessor::SOVTimeStepType::Zone,OutputProcessor::SOVStoreType::State,surface.Name
HeatBalanceSurfaceManager.cc,"""Surface Inside Face Solar Radiation Heat Gain Energy""",OutputProcessor::Unit::J,state.dataHeatBalSurf->SurfQRadSolarInRep(loop),OutputProcessor::SOVTimeStepType::Zone,OutputProcessor::SOVStoreType::Summed,surface.Name
HeatBalanceSurfaceManager.cc,"""Surface Inside Face Lights Radiation Heat Gain Rate""",OutputProcessor::Unit::W,state.dataHeatBalSurf->SurfQdotRadLightsInRep(loop),OutputProcessor::SOVTimeStepType::Zone,OutputProcessor::SOVStoreType::State,surface.Name
HeatBalanceSurfaceManager.cc,"""Surface Inside Face Lights Radiation Heat Gain Rate per Area""",OutputProcessor::Unit::W_m2,state.dataHeatBalSurf->SurfQdotRadLightsInPerArea(loop),OutputProcessor::SOVTimeStepType::Zone,OutputProcessor::SOVStoreType::State,surface.Name
HeatBalanceSurfaceManager.cc,"""Surface Inside Face Lights Radiation Heat Gain Energy""",OutputProcessor::Unit::J,state.dataHeatBalSurf->SurfQRadLightsInRep(loop),OutputProcessor::SOVTimeStepType::Zone,OutputProcessor::SOVStoreType::Summed,surface.Name
HeatBalanceSurfaceManager.cc,"""Surface Inside Face Internal Gains Radiation Heat Gain Rate""",OutputProcessor::Unit::W,state.dataHeatBalSurf->SurfQdotRadIntGainsInRep(loop),OutputProcessor::SOVTimeStepType::Zone,OutputProcessor::SOVStoreType::State,surface.Name
HeatBalanceSurfaceManager.cc,"""Surface Inside Face Internal Gains Radiation Heat Gain Rate per Area""",OutputProcessor::Unit::W_m2,state.dataHeatBal->SurfQdotRadIntGainsInPerArea(loop),OutputProcessor::SOVTimeStepType::Zone,OutputProcessor::SOVStoreType::State,surface.Name
HeatBalanceSurfaceManager.cc,"""Surface Inside Face Internal Gains Radiation Heat Gain Energy""",OutputProcessor::Unit::J,state.dataHeatBalSurf->SurfQRadIntGainsInRep(loop),OutputProcessor::SOVTimeStepType::Zone,OutputProcessor::SOVStoreType::Summed,surface.Name
HeatBalanceSurfaceManager.cc,"""Surface Inside Face System Radiation Heat Gain Rate""",OutputProcessor::Unit::W,state.dataHeatBalSurf->SurfQdotRadHVACInRep(loop),OutputProcessor::SOVTimeStepType::Zone,OutputProcessor::SOVStoreType::State,surface.Name
HeatBalanceSurfaceManager.cc,"""Surface Inside Face System Radiation Heat Gain Rate per Area""",OutputProcessor::Unit::W_m2,state.dataHeatBalSurf->SurfQdotRadHVACInPerArea(loop),OutputProcessor::SOVTimeStepType::Zone,OutputProcessor::SOVStoreType::State,surface.Name
HeatBalanceSurfaceManager.cc,"""Surface Inside Face System Radiation Heat Gain Energy""",OutputProcessor::Unit::J,state.dataHeatBalSurf->SurfQRadHVACInRep(loop),OutputProcessor::SOVTimeStepType::Zone,OutputProcessor::SOVStoreType::Summed,surface.Name
HeatBalanceSurfaceManager.cc,"""Surface Outside Face Outdoor Air Drybulb Temperature""",OutputProcessor::Unit::C,state.dataSurface->SurfOutDryBulbTemp(loop),OutputProcessor::SOVTimeStepType::Zone,OutputProcessor::SOVStoreType::State,surface.Name
HeatBalanceSurfaceManager.cc,"""Surface Outside Face Outdoor Air Wetbulb Temperature""",OutputProcessor::Unit::C,state.dataSurface->SurfOutWetBulbTemp(loop),OutputProcessor::SOVTimeStepType::Zone,OutputProcessor::SOVStoreType::State,surface.Name
HeatBalanceSurfaceManager.cc,"""Surface Outside Face Outdoor Air Wind Speed""",OutputProcessor::Unit::m_s,state.dataSurface->SurfOutWindSpeed(loop),OutputProcessor::SOVTimeStepType::Zone,OutputProcessor::SOVStoreType::State,surface.Name
HeatBalanceSurfaceManager.cc,"""Surface Outside Face Outdoor Air Wind Direction""",OutputProcessor::Unit::deg,state.dataSurface->SurfOutWindDir(loop),OutputProcessor::SOVTimeStepType::Zone,OutputProcessor::SOVStoreType::State,surface.Name
HeatBalanceSurfaceManager.cc,"""Surface Outside Face Convection Heat Gain Rate""",OutputProcessor::Unit::W,state.dataHeatBalSurf->SurfQdotConvOutRep(loop),OutputProcessor::SOVTimeStepType::Zone,OutputProcessor::SOVStoreType::State,surface.Name
HeatBalanceSurfaceManager.cc,"""Surface Outside Face Convection Heat Gain Rate per Area""",OutputProcessor::Unit::W_m2,state.dataHeatBalSurf->SurfQdotConvOutPerArea(loop),OutputProcessor::SOVTimeStepType::Zone,OutputProcessor::SOVStoreType::State,surface.Name
HeatBalanceSurfaceManager.cc,"""Surface Outside Face Convection Heat Gain Energy""",OutputProcessor::Unit::J,state.dataHeatBalSurf->SurfQConvOutReport(loop),OutputProcessor::SOVTimeStepType::Zone,OutputProcessor::SOVStoreType::Summed,surface.Name
HeatBalanceSurfaceManager.cc,"""Surface Outside Face Convection Heat Transfer Coefficient""",OutputProcessor::Unit::W_m2K,state.dataHeatBalSurf->SurfHConvExt(loop),OutputProcessor::SOVTimeStepType::Zone,OutputProcessor::SOVStoreType::State,surface.Name
HeatBalanceSurfaceManager.cc,"""Surface Outside Face Net Thermal Radiation Heat Gain Rate""",OutputProcessor::Unit::W,state.dataHeatBalSurf->SurfQdotRadOutRep(loop),OutputProcessor::SOVTimeStepType::Zone,OutputProcessor::SOVStoreType::State,surface.Name
HeatBalanceSurfaceManager.cc,"""Surface Outside Face Net Thermal Radiation Heat Gain Rate per Area""",OutputProcessor::Unit::W_m2,state.dataHeatBalSurf->SurfQdotRadOutRepPerArea(loop),OutputProcessor::SOVTimeStepType::Zone,OutputProcessor::SOVStoreType::State,surface.Name
HeatBalanceSurfaceManager.cc,"""Surface Outside Face Net Thermal Radiation Heat Gain Energy""",OutputProcessor::Unit::J,state.dataHeatBalSurf->SurfQRadOutReport(loop),OutputProcessor::SOVTimeStepType::Zone,OutputProcessor::SOVStoreType::Summed,surface.Name
HeatBalanceSurfaceManager.cc,"""Surface Outside Face Thermal Radiation to Air Heat Transfer Coefficient""",OutputProcessor::Unit::W_m2K,state.dataHeatBalSurf->SurfHAirExt(loop),OutputProcessor::SOVTimeStepType::Zone,OutputProcessor::SOVStoreType::State,surface.Name
HeatBalanceSurfaceManager.cc,"""Surface Outside Face Thermal Radiation to Sky Heat Transfer Coefficient""",OutputProcessor::Unit::W_m2K,state.dataHeatBalSurf->SurfHSkyExt(loop),OutputProcessor::SOVTimeStepType::Zone,OutputProcessor::SOVStoreType::State,surface.Name
HeatBalanceSurfaceManager.cc,"""Surface Outside Face Thermal Radiation to Ground Heat Transfer Coefficient""",OutputProcessor::Unit::W_m2K,state.dataHeatBalSurf->SurfHGrdExt(loop),OutputProcessor::SOVTimeStepType::Zone,OutputProcessor::SOVStoreType::State,surface.Name
HeatBalanceSurfaceManager.cc,"""Surface Outside Face Thermal Radiation to Air Heat Transfer Rate""",OutputProcessor::Unit::W,state.dataHeatBalSurf->SurfQAirExtReport(loop),OutputProcessor::SOVTimeStepType::Zone,OutputProcessor::SOVStoreType::State,surface.Name
HeatBalanceSurfaceManager.cc,"""Surface Outside Face Heat Emission to Air Rate""",OutputProcessor::Unit::W,state.dataHeatBalSurf->SurfQHeatEmiReport(loop),OutputProcessor::SOVTimeStepType::Zone,OutputProcessor::SOVStoreType::State,surface.Name
HeatBalanceSurfaceManager.cc,"""Surface Outside Face Solar Radiation Heat Gain Rate""",OutputProcessor::Unit::W,state.dataHeatBal->SurfOpaqSWOutAbsTotalReport(loop),OutputProcessor::SOVTimeStepType::Zone,OutputProcessor::SOVStoreType::Average,surface.Name
HeatBalanceSurfaceManager.cc,"""Surface Outside Face Solar Radiation Heat Gain Rate per Area""",OutputProcessor::Unit::W_m2,state.dataHeatBalSurf->SurfOpaqQRadSWOutAbs(loop),OutputProcessor::SOVTimeStepType::Zone,OutputProcessor::SOVStoreType::Average,surface.Name
HeatBalanceSurfaceManager.cc,"""Surface Outside Face Solar Radiation Heat Gain Energy""",OutputProcessor::Unit::J,state.dataHeatBal->SurfOpaqSWOutAbsEnergyReport(loop),OutputProcessor::SOVTimeStepType::Zone,OutputProcessor::SOVStoreType::Summed,surface.Name
HeatBalanceSurfaceManager.cc,"""Surface Inside Face Conduction Heat Transfer Rate""",OutputProcessor::Unit::W,state.dataHeatBalSurf->SurfOpaqInsFaceCond(loop),OutputProcessor::SOVTimeStepType::Zone,OutputProcessor::SOVStoreType::State,surface.Name
HeatBalanceSurfaceManager.cc,"""Surface Inside Face Conduction Heat Gain Rate""",OutputProcessor::Unit::W,state.dataHeatBalSurf->SurfOpaqInsFaceCondGainRep(loop),OutputProcessor::SOVTimeStepType::Zone,OutputProcessor::SOVStoreType::State,surface.Name
HeatBalanceSurfaceManager.cc,"""Surface Inside Face Conduction Heat Loss Rate""",OutputProcessor::Unit::W,state.dataHeatBalSurf->SurfOpaqInsFaceCondLossRep(loop),OutputProcessor::SOVTimeStepType::Zone,OutputProcessor::SOVStoreType::State,surface.Name
HeatBalanceSurfaceManager.cc,"""Surface Inside Face Conduction Heat Transfer Rate per Area""",OutputProcessor::Unit::W_m2,state.dataHeatBalSurf->SurfOpaqInsFaceCondFlux(loop),OutputProcessor::SOVTimeStepType::Zone,OutputProcessor::SOVStoreType::State,surface.Name
HeatBalanceSurfaceManager.cc,"""Surface Inside Face Conduction Heat Transfer Energy""",OutputProcessor::Unit::J,state.dataHeatBalSurf->SurfOpaqInsFaceCondEnergy(loop),OutputProcessor::SOVTimeStepType::Zone,OutputProcessor::SOVStoreType::Summed,surface.Name
HeatBalanceSurfaceManager.cc,"""Surface Outside Face Conduction Heat Transfer Rate""",OutputProcessor::Unit::W,state.dataHeatBalSurf->SurfOpaqOutFaceCond(loop),OutputProcessor::SOVTimeStepType::Zone,OutputProcessor::SOVStoreType::State,surface.Name
HeatBalanceSurfaceManager.cc,"""Surface Outside Face Conduction Heat Gain Rate""",OutputProcessor::Unit::W,state.dataHeatBalSurf->SurfOpaqExtFaceCondGainRep(loop),OutputProcessor::SOVTimeStepType::Zone,OutputProcessor::SOVStoreType::State,surface.Name
HeatBalanceSurfaceManager.cc,"""Surface Outside Face Conduction Heat Loss Rate""",OutputProcessor::Unit::W,state.dataHeatBalSurf->SurfOpaqExtFaceCondLossRep(loop),OutputProcessor::SOVTimeStepType::Zone,OutputProcessor::SOVStoreType::State,surface.Name
HeatBalanceSurfaceManager.cc,"""Surface Outside Face Conduction Heat Transfer Rate per Area""",OutputProcessor::Unit::W_m2,state.dataHeatBalSurf->SurfOpaqOutFaceCondFlux(loop),OutputProcessor::SOVTimeStepType::Zone,OutputProcessor::SOVStoreType::State,surface.Name
HeatBalanceSurfaceManager.cc,"""Surface Outside Face Conduction Heat Transfer Energy""",OutputProcessor::Unit::J,state.dataHeatBalSurf->SurfOpaqOutFaceCondEnergy(loop),OutputProcessor::SOVTimeStepType::Zone,OutputProcessor::SOVStoreType::Summed,surface.Name
HeatBalanceSurfaceManager.cc,"""Surface Average Face Conduction Heat Transfer Rate""",OutputProcessor::Unit::W,state.dataHeatBalSurf->SurfOpaqAvgFaceCond(loop),OutputProcessor::SOVTimeStepType::Zone,OutputProcessor::SOVStoreType::State,surface.Name
HeatBalanceSurfaceManager.cc,"""Surface Average Face Conduction Heat Gain Rate""",OutputProcessor::Unit::W,state.dataHeatBalSurf->SurfOpaqAvgFaceCondGainRep(loop),OutputProcessor::SOVTimeStepType::Zone,OutputProcessor::SOVStoreType::State,surface.Name
HeatBalanceSurfaceManager.cc,"""Surface Average Face Conduction Heat Loss Rate""",OutputProcessor::Unit::W,state.dataHeatBalSurf->SurfOpaqAvgFaceCondLossRep(loop),OutputProcessor::SOVTimeStepType::Zone,OutputProcessor::SOVStoreType::State,surface.Name
HeatBalanceSurfaceManager.cc,"""Surface Average Face Conduction Heat Transfer Rate per Area""",OutputProcessor::Unit::W_m2,state.dataHeatBalSurf->SurfOpaqAvgFaceCondFlux(loop),OutputProcessor::SOVTimeStepType::Zone,OutputProcessor::SOVStoreType::State,surface.Name
HeatBalanceSurfaceManager.cc,"""Surface Average Face Conduction Heat Transfer Energy""",OutputProcessor::Unit::J,state.dataHeatBalSurf->SurfOpaqAvgFaceCondEnergy(loop),OutputProcessor::SOVTimeStepType::Zone,OutputProcessor::SOVStoreType::Summed,surface.Name
HeatBalanceSurfaceManager.cc,"""Surface Heat Storage Rate""",OutputProcessor::Unit::W,state.dataHeatBalSurf->SurfOpaqStorageCond(loop),OutputProcessor::SOVTimeStepType::Zone,OutputProcessor::SOVStoreType::State,surface.Name
HeatBalanceSurfaceManager.cc,"""Surface Heat Storage Gain Rate""",OutputProcessor::Unit::W,state.dataHeatBalSurf->SurfOpaqStorageCondGainRep(loop),OutputProcessor::SOVTimeStepType::Zone,OutputProcessor::SOVStoreType::State,surface.Name
HeatBalanceSurfaceManager.cc,"""Surface Heat Storage Loss Rate""",OutputProcessor::Unit::W,state.dataHeatBalSurf->SurfOpaqStorageCondLossRep(loop),OutputProcessor::SOVTimeStepType::Zone,OutputProcessor::SOVStoreType::State,surface.Name
HeatBalanceSurfaceManager.cc,"""Surface Heat Storage Rate per Area""",OutputProcessor::Unit::W_m2,state.dataHeatBalSurf->SurfOpaqStorageCondFlux(loop),OutputProcessor::SOVTimeStepType::Zone,OutputProcessor::SOVStoreType::State,surface.Name
HeatBalanceSurfaceManager.cc,"""Surface Heat Storage Energy""",OutputProcessor::Unit::J,state.dataHeatBalSurf->SurfOpaqStorageCondEnergy(loop),OutputProcessor::SOVTimeStepType::Zone,OutputProcessor::SOVStoreType::Summed,surface.Name
HeatBalanceSurfaceManager.cc,"""Surface Inside Face Beam Solar Radiation Heat Gain Rate""",OutputProcessor::Unit::W,state.dataHeatBalSurf->SurfOpaqInsFaceBeamSolAbsorbed(loop),OutputProcessor::SOVTimeStepType::Zone,OutputProcessor::SOVStoreType::State,surface.Name
HeatBalanceSurfaceManager.cc,"""Surface Internal Source Location Temperature""",OutputProcessor::Unit::C,state.dataHeatBalSurf->SurfTempSource(loop),OutputProcessor::SOVTimeStepType::Zone,OutputProcessor::SOVStoreType::State,surface.Name
HeatBalanceSurfaceManager.cc,"""Surface Internal User Specified Location Temperature""",OutputProcessor::Unit::C,state.dataHeatBalSurf->SurfTempUserLoc(loop),OutputProcessor::SOVTimeStepType::Zone,OutputProcessor::SOVStoreType::State,surface.Name
HeatBalanceSurfaceManager.cc,"""Surface Shading Device Is On Time Fraction""",OutputProcessor::Unit::None,state.dataSurface->SurfWinFracTimeShadingDeviceOn(loop),OutputProcessor::SOVTimeStepType::Zone,OutputProcessor::SOVStoreType::Average,surface.Name
HeatBalanceSurfaceManager.cc,"""Surface Storm Window On Off Status""",OutputProcessor::Unit::None,state.dataSurface->SurfWinStormWinFlag(loop),OutputProcessor::SOVTimeStepType::Zone,OutputProcessor::SOVStoreType::State,surface.Name
HeatBalanceSurfaceManager.cc,"""Surface Window Blind Slat Angle""",OutputProcessor::Unit::deg,state.dataSurface->SurfWinSlatAngThisTSDeg(loop),OutputProcessor::SOVTimeStepType::Zone,OutputProcessor::SOVStoreType::State,surface.Name
HeatBalanceSurfaceManager.cc,"""Surface Inside Face Convection Classification Index""",OutputProcessor::Unit::None,state.dataSurface->surfIntConv(loop).convClassRpt,OutputProcessor::SOVTimeStepType::Zone,OutputProcessor::SOVStoreType::Average,surface.Name
HeatBalanceSurfaceManager.cc,"""Surface Inside Face Convection Model Equation Index""",OutputProcessor::Unit::None,state.dataSurface->surfIntConv(loop).hcModelEqRpt,OutputProcessor::SOVTimeStepType::Zone,OutputProcessor::SOVStoreType::Average,surface.Name
HeatBalanceSurfaceManager.cc,"""Surface Inside Face Convection Reference Air Index""",OutputProcessor::Unit::None,state.dataSurface->SurfTAirRefRpt(loop),OutputProcessor::SOVTimeStepType::Zone,OutputProcessor::SOVStoreType::Average,surface.Name
HeatBalanceSurfaceManager.cc,"""Surface Outside Face Convection Classification Index""",OutputProcessor::Unit::None,state.dataSurface->surfExtConv(loop).convClassRpt,OutputProcessor::SOVTimeStepType::Zone,OutputProcessor::SOVStoreType::Average,surface.Name
HeatBalanceSurfaceManager.cc,"""Surface Outside Face Forced Convection Model Equation Index""",OutputProcessor::Unit::None,state.dataSurface->surfExtConv(loop).hfModelEqRpt,OutputProcessor::SOVTimeStepType::Zone,OutputProcessor::SOVStoreType::Average,surface.Name
HeatBalanceSurfaceManager.cc,"""Surface Outside Face Natural Convection Model Equation Index""",OutputProcessor::Unit::None,state.dataSurface->surfExtConv(loop).hnModelEqRpt,OutputProcessor::SOVTimeStepType::Zone,OutputProcessor::SOVStoreType::Average,surface.Name
HeatBalanceSurfaceManager.cc,"""Surface Inside Face Heat Source Gain Rate per Area""",OutputProcessor::Unit::W_m2,state.dataHeatBalSurf->SurfQAdditionalHeatSourceInside(loop),OutputProcessor::SOVTimeStepType::Zone,OutputProcessor::SOVStoreType::Average,surface.Name
HeatBalanceSurfaceManager.cc,"""Surface Outside Face Heat Source Gain Rate per Area""",OutputProcessor::Unit::W_m2,state.dataHeatBalSurf->SurfQAdditionalHeatSourceOutside(loop),OutputProcessor::SOVTimeStepType::Zone,OutputProcessor::SOVStoreType::Average,surface.Name
HeatBalanceSurfaceManager.cc,"""Surface Construction Index""",OutputProcessor::Unit::None,surface.Construction,OutputProcessor::SOVTimeStepType::Zone,OutputProcessor::SOVStoreType::Average,surface.Name
HeatBalanceSurfaceManager.cc,"""Site Total Surface Heat Emission to Air""",OutputProcessor::Unit::J,state.dataHeatBalSurf->SumSurfaceHeatEmission,OutputProcessor::SOVTimeStepType::Zone,OutputProcessor::SOVStoreType::Summed,"""Environment"""
HeatBalanceSurfaceManager.cc,"""Zone Heat Index""",OutputProcessor::Unit::C,state.dataHeatBal->Resilience(ZoneNum).ZoneHeatIndex,OutputProcessor::SOVTimeStepType::Zone,OutputProcessor::SOVStoreType::State,state.dataHeatBal->Zone(ZoneNum).Name
HeatBalanceSurfaceManager.cc,"""Zone Humidity Index""",OutputProcessor::Unit::None,state.dataHeatBal->Resilience(ZoneNum).ZoneHumidex,OutputProcessor::SOVTimeStepType::Zone,OutputProcessor::SOVStoreType::State,state.dataHeatBal->Zone(ZoneNum).Name
HeatBalanceSurfaceManager.cc,"""Surface Inside Face Heat Balance Calculation Iteration Count""",OutputProcessor::Unit::None,state.dataHeatBal->InsideSurfIterations,OutputProcessor::SOVTimeStepType::Zone,OutputProcessor::SOVStoreType::Summed,"""Simulation"""
CoolTower.cc,"""Zone Cooltower Sensible Heat Loss Energy""",OutputProcessor::Unit::J,state.dataCoolTower->CoolTowerSys(CoolTowerNum).SenHeatLoss,OutputProcessor::SOVTimeStepType::System,OutputProcessor::SOVStoreType::Summed,Zone(state.dataCoolTower->CoolTowerSys(CoolTowerNum).ZonePtr).Name
CoolTower.cc,"""Zone Cooltower Sensible Heat Loss Rate""",OutputProcessor::Unit::W,state.dataCoolTower->CoolTowerSys(CoolTowerNum).SenHeatPower,OutputProcessor::SOVTimeStepType::System,OutputProcessor::SOVStoreType::Average,Zone(state.dataCoolTower->CoolTowerSys(CoolTowerNum).ZonePtr).Name
CoolTower.cc,"""Zone Cooltower Latent Heat Loss Energy""",OutputProcessor::Unit::J,state.dataCoolTower->CoolTowerSys(CoolTowerNum).LatHeatLoss,OutputProcessor::SOVTimeStepType::System,OutputProcessor::SOVStoreType::Summed,Zone(state.dataCoolTower->CoolTowerSys(CoolTowerNum).ZonePtr).Name
CoolTower.cc,"""Zone Cooltower Latent Heat Loss Rate""",OutputProcessor::Unit::W,state.dataCoolTower->CoolTowerSys(CoolTowerNum).LatHeatPower,OutputProcessor::SOVTimeStepType::System,OutputProcessor::SOVStoreType::Average,Zone(state.dataCoolTower->CoolTowerSys(CoolTowerNum).ZonePtr).Name
CoolTower.cc,"""Zone Cooltower Air Volume""",OutputProcessor::Unit::m3,state.dataCoolTower->CoolTowerSys(CoolTowerNum).CoolTAirVol,OutputProcessor::SOVTimeStepType::System,OutputProcessor::SOVStoreType::Summed,Zone(state.dataCoolTower->CoolTowerSys(CoolTowerNum).ZonePtr).Name
CoolTower.cc,"""Zone Cooltower Current Density Air Volume Flow Rate""",OutputProcessor::Unit::m3_s,state.dataCoolTower->CoolTowerSys(CoolTowerNum).AirVolFlowRate,OutputProcessor::SOVTimeStepType::System,OutputProcessor::SOVStoreType::Average,Zone(state.dataCoolTower->CoolTowerSys(CoolTowerNum).ZonePtr).Name
CoolTower.cc,"""Zone Cooltower Standard Density Air Volume Flow Rate""",OutputProcessor::Unit::m3_s,state.dataCoolTower->CoolTowerSys(CoolTowerNum).AirVolFlowRateStd,OutputProcessor::SOVTimeStepType::System,OutputProcessor::SOVStoreType::Average,Zone(state.dataCoolTower->CoolTowerSys(CoolTowerNum).ZonePtr).Name
CoolTower.cc,"""Zone Cooltower Air Mass""",OutputProcessor::Unit::kg,state.dataCoolTower->CoolTowerSys(CoolTowerNum).CoolTAirMass,OutputProcessor::SOVTimeStepType::System,OutputProcessor::SOVStoreType::Summed,Zone(state.dataCoolTower->CoolTowerSys(CoolTowerNum).ZonePtr).Name
CoolTower.cc,"""Zone Cooltower Air Mass Flow Rate""",OutputProcessor::Unit::kg_s,state.dataCoolTower->CoolTowerSys(CoolTowerNum).AirMassFlowRate,OutputProcessor::SOVTimeStepType::System,OutputProcessor::SOVStoreType::Average,Zone(state.dataCoolTower->CoolTowerSys(CoolTowerNum).ZonePtr).Name
CoolTower.cc,"""Zone Cooltower Air Inlet Temperature""",OutputProcessor::Unit::C,state.dataCoolTower->CoolTowerSys(CoolTowerNum).InletDBTemp,OutputProcessor::SOVTimeStepType::System,OutputProcessor::SOVStoreType::Average,Zone(state.dataCoolTower->CoolTowerSys(CoolTowerNum).ZonePtr).Name
CoolTower.cc,"""Zone Cooltower Air Inlet Humidity Ratio""",OutputProcessor::Unit::kgWater_kgDryAir,state.dataCoolTower->CoolTowerSys(CoolTowerNum).InletHumRat,OutputProcessor::SOVTimeStepType::System,OutputProcessor::SOVStoreType::Average,Zone(state.dataCoolTower->CoolTowerSys(CoolTowerNum).ZonePtr).Name
CoolTower.cc,"""Zone Cooltower Air Outlet Temperature""",OutputProcessor::Unit::C,state.dataCoolTower->CoolTowerSys(CoolTowerNum).OutletTemp,OutputProcessor::SOVTimeStepType::System,OutputProcessor::SOVStoreType::Average,Zone(state.dataCoolTower->CoolTowerSys(CoolTowerNum).ZonePtr).Name
CoolTower.cc,"""Zone Cooltower Air Outlet Humidity Ratio""",OutputProcessor::Unit::kgWater_kgDryAir,state.dataCoolTower->CoolTowerSys(CoolTowerNum).OutletHumRat,OutputProcessor::SOVTimeStepType::System,OutputProcessor::SOVStoreType::Average,Zone(state.dataCoolTower->CoolTowerSys(CoolTowerNum).ZonePtr).Name
CoolTower.cc,"""Zone Cooltower Pump Electricity Rate""",OutputProcessor::Unit::W,state.dataCoolTower->CoolTowerSys(CoolTowerNum).PumpElecPower,OutputProcessor::SOVTimeStepType::System,OutputProcessor::SOVStoreType::Average,Zone(state.dataCoolTower->CoolTowerSys(CoolTowerNum).ZonePtr).Name
CoolTower.cc,"""Zone Cooltower Pump Electricity Energy""",OutputProcessor::Unit::J,state.dataCoolTower->CoolTowerSys(CoolTowerNum).PumpElecConsump,OutputProcessor::SOVTimeStepType::System,OutputProcessor::SOVStoreType::Summed,Zone(state.dataCoolTower->CoolTowerSys(CoolTowerNum).ZonePtr).Name
CoolTower.cc,"""Zone Cooltower Water Volume""",OutputProcessor::Unit::m3,state.dataCoolTower->CoolTowerSys(CoolTowerNum).CoolTWaterConsump,OutputProcessor::SOVTimeStepType::System,OutputProcessor::SOVStoreType::Summed,Zone(state.dataCoolTower->CoolTowerSys(CoolTowerNum).ZonePtr).Name
CoolTower.cc,"""Zone Cooltower Mains Water Volume""",OutputProcessor::Unit::m3,state.dataCoolTower->CoolTowerSys(CoolTowerNum).CoolTWaterConsump,OutputProcessor::SOVTimeStepType::System,OutputProcessor::SOVStoreType::Summed,Zone(state.dataCoolTower->CoolTowerSys(CoolTowerNum).ZonePtr).Name
CoolTower.cc,"""Zone Cooltower Water Volume""",OutputProcessor::Unit::m3,state.dataCoolTower->CoolTowerSys(CoolTowerNum).CoolTWaterConsump,OutputProcessor::SOVTimeStepType::System,OutputProcessor::SOVStoreType::Summed,Zone(state.dataCoolTower->CoolTowerSys(CoolTowerNum).ZonePtr).Name
CoolTower.cc,"""Zone Cooltower Storage Tank Water Volume""",OutputProcessor::Unit::m3,state.dataCoolTower->CoolTowerSys(CoolTowerNum).CoolTWaterConsump,OutputProcessor::SOVTimeStepType::System,OutputProcessor::SOVStoreType::Summed,Zone(state.dataCoolTower->CoolTowerSys(CoolTowerNum).ZonePtr).Name
CoolTower.cc,"""Zone Cooltower Starved Mains Water Volume""",OutputProcessor::Unit::m3,state.dataCoolTower->CoolTowerSys(CoolTowerNum).CoolTWaterStarvMakeup,OutputProcessor::SOVTimeStepType::System,OutputProcessor::SOVStoreType::Summed,Zone(state.dataCoolTower->CoolTowerSys(CoolTowerNum).ZonePtr).Name
HeatBalanceManager.cc,"""Zone Outdoor Air Drybulb Temperature""",OutputProcessor::Unit::C,state.dataHeatBal->Zone(ZoneLoop).OutDryBulbTemp,OutputProcessor::SOVTimeStepType::Zone,OutputProcessor::SOVStoreType::Average,state.dataHeatBal->Zone(ZoneLoop).Name
HeatBalanceManager.cc,"""Zone Outdoor Air Wetbulb Temperature""",OutputProcessor::Unit::C,state.dataHeatBal->Zone(ZoneLoop).OutWetBulbTemp,OutputProcessor::SOVTimeStepType::Zone,OutputProcessor::SOVStoreType::Average,state.dataHeatBal->Zone(ZoneLoop).Name
HeatBalanceManager.cc,"""Zone Outdoor Air Wind Speed""",OutputProcessor::Unit::m_s,state.dataHeatBal->Zone(ZoneLoop).WindSpeed,OutputProcessor::SOVTimeStepType::Zone,OutputProcessor::SOVStoreType::Average,state.dataHeatBal->Zone(ZoneLoop).Name
HeatBalanceManager.cc,"""Zone Outdoor Air Wind Direction""",OutputProcessor::Unit::deg,state.dataHeatBal->Zone(ZoneLoop).WindDir,OutputProcessor::SOVTimeStepType::Zone,OutputProcessor::SOVStoreType::Average,state.dataHeatBal->Zone(ZoneLoop).Name
HeatBalanceManager.cc,"""Zone Mean Radiant Temperature""",OutputProcessor::Unit::C,state.dataHeatBal->ZoneMRT(loop),OutputProcessor::SOVTimeStepType::Zone,OutputProcessor::SOVStoreType::State,state.dataHeatBal->Zone(loop).Name
ChillerElectricEIR.cc,"""Chiller Part Load Ratio""",OutputProcessor::Unit::None,this->ChillerPartLoadRatio,OutputProcessor::SOVTimeStepType::System,OutputProcessor::SOVStoreType::Average,this->Name
ChillerElectricEIR.cc,"""Chiller Cycling Ratio""",OutputProcessor::Unit::None,this->ChillerCyclingRatio,OutputProcessor::SOVTimeStepType::System,OutputProcessor::SOVStoreType::Average,this->Name
ChillerElectricEIR.cc,"""Chiller Electricity Rate""",OutputProcessor::Unit::W,this->Power,OutputProcessor::SOVTimeStepType::System,OutputProcessor::SOVStoreType::Average,this->Name
ChillerElectricEIR.cc,"""Chiller Electricity Energy""",OutputProcessor::Unit::J,this->Energy,OutputProcessor::SOVTimeStepType::System,OutputProcessor::SOVStoreType::Summed,this->Name
ChillerElectricEIR.cc,"""Chiller Evaporator Cooling Rate""",OutputProcessor::Unit::W,this->QEvaporator,OutputProcessor::SOVTimeStepType::System,OutputProcessor::SOVStoreType::Average,this->Name
ChillerElectricEIR.cc,"""Chiller Evaporator Cooling Energy""",OutputProcessor::Unit::J,this->EvapEnergy,OutputProcessor::SOVTimeStepType::System,OutputProcessor::SOVStoreType::Summed,this->Name
ChillerElectricEIR.cc,"""Chiller False Load Heat Transfer Rate""",OutputProcessor::Unit::W,this->ChillerFalseLoadRate,OutputProcessor::SOVTimeStepType::System,OutputProcessor::SOVStoreType::Average,this->Name
ChillerElectricEIR.cc,"""Chiller False Load Heat Transfer Energy""",OutputProcessor::Unit::J,this->ChillerFalseLoad,OutputProcessor::SOVTimeStepType::System,OutputProcessor::SOVStoreType::Summed,this->Name
ChillerElectricEIR.cc,"""Chiller Evaporator Inlet Temperature""",OutputProcessor::Unit::C,this->EvapInletTemp,OutputProcessor::SOVTimeStepType::System,OutputProcessor::SOVStoreType::Average,this->Name
ChillerElectricEIR.cc,"""Chiller Evaporator Outlet Temperature""",OutputProcessor::Unit::C,this->EvapOutletTemp,OutputProcessor::SOVTimeStepType::System,OutputProcessor::SOVStoreType::Average,this->Name
ChillerElectricEIR.cc,"""Chiller Evaporator Mass Flow Rate""",OutputProcessor::Unit::kg_s,this->EvapMassFlowRate,OutputProcessor::SOVTimeStepType::System,OutputProcessor::SOVStoreType::Average,this->Name
ChillerElectricEIR.cc,"""Chiller Condenser Heat Transfer Rate""",OutputProcessor::Unit::W,this->QCondenser,OutputProcessor::SOVTimeStepType::System,OutputProcessor::SOVStoreType::Average,this->Name
ChillerElectricEIR.cc,"""Chiller Condenser Heat Transfer Energy""",OutputProcessor::Unit::J,this->CondEnergy,OutputProcessor::SOVTimeStepType::System,OutputProcessor::SOVStoreType::Summed,this->Name
ChillerElectricEIR.cc,"""Chiller COP""",OutputProcessor::Unit::W_W,this->ActualCOP,OutputProcessor::SOVTimeStepType::System,OutputProcessor::SOVStoreType::Average,this->Name
ChillerElectricEIR.cc,"""Chiller Capacity Temperature Modifier Multiplier""",OutputProcessor::Unit::None,this->ChillerCapFT,OutputProcessor::SOVTimeStepType::System,OutputProcessor::SOVStoreType::Average,this->Name
ChillerElectricEIR.cc,"""Chiller EIR Temperature Modifier Multiplier""",OutputProcessor::Unit::None,this->ChillerEIRFT,OutputProcessor::SOVTimeStepType::System,OutputProcessor::SOVStoreType::Average,this->Name
ChillerElectricEIR.cc,"""Chiller EIR Part Load Modifier Multiplier""",OutputProcessor::Unit::None,this->ChillerEIRFPLR,OutputProcessor::SOVTimeStepType::System,OutputProcessor::SOVStoreType::Average,this->Name
ChillerElectricEIR.cc,"""Chiller Condenser Inlet Temperature""",OutputProcessor::Unit::C,this->CondInletTemp,OutputProcessor::SOVTimeStepType::System,OutputProcessor::SOVStoreType::Average,this->Name
ChillerElectricEIR.cc,"""Chiller Condenser Outlet Temperature""",OutputProcessor::Unit::C,this->CondOutletTemp,OutputProcessor::SOVTimeStepType::System,OutputProcessor::SOVStoreType::Average,this->Name
ChillerElectricEIR.cc,"""Chiller Condenser Mass Flow Rate""",OutputProcessor::Unit::kg_s,this->CondMassFlowRate,OutputProcessor::SOVTimeStepType::System,OutputProcessor::SOVStoreType::Average,this->Name
ChillerElectricEIR.cc,"""Chiller Total Recovered Heat Rate""",OutputProcessor::Unit::W,this->QHeatRecovered,OutputProcessor::SOVTimeStepType::System,OutputProcessor::SOVStoreType::Average,this->Name
ChillerElectricEIR.cc,"""Chiller Total Recovered Heat Energy""",OutputProcessor::Unit::J,this->EnergyHeatRecovery,OutputProcessor::SOVTimeStepType::System,OutputProcessor::SOVStoreType::Summed,this->Name
ChillerElectricEIR.cc,"""Chiller Heat Recovery Inlet Temperature""",OutputProcessor::Unit::C,this->HeatRecInletTemp,OutputProcessor::SOVTimeStepType::System,OutputProcessor::SOVStoreType::Average,this->Name
ChillerElectricEIR.cc,"""Chiller Heat Recovery Outlet Temperature""",OutputProcessor::Unit::C,this->HeatRecOutletTemp,OutputProcessor::SOVTimeStepType::System,OutputProcessor::SOVStoreType::Average,this->Name
ChillerElectricEIR.cc,"""Chiller Heat Recovery Mass Flow Rate""",OutputProcessor::Unit::kg_s,this->HeatRecMassFlow,OutputProcessor::SOVTimeStepType::System,OutputProcessor::SOVStoreType::Average,this->Name
ChillerElectricEIR.cc,"""Chiller Effective Heat Rejection Temperature""",OutputProcessor::Unit::C,this->ChillerCondAvgTemp,OutputProcessor::SOVTimeStepType::System,OutputProcessor::SOVStoreType::Average,this->Name
ChillerElectricEIR.cc,"""Chiller Condenser Inlet Temperature""",OutputProcessor::Unit::C,this->CondInletTemp,OutputProcessor::SOVTimeStepType::System,OutputProcessor::SOVStoreType::Average,this->Name
ChillerElectricEIR.cc,"""Chiller Condenser Fan Electricity Rate""",OutputProcessor::Unit::W,this->CondenserFanPower,OutputProcessor::SOVTimeStepType::System,OutputProcessor::SOVStoreType::Average,this->Name
ChillerElectricEIR.cc,"""Chiller Condenser Fan Electricity Energy""",OutputProcessor::Unit::J,this->CondenserFanEnergyConsumption,OutputProcessor::SOVTimeStepType::System,OutputProcessor::SOVStoreType::Summed,this->Name
ChillerElectricEIR.cc,"""Chiller Evaporative Condenser Water Volume""",OutputProcessor::Unit::m3,this->EvapWaterConsump,OutputProcessor::SOVTimeStepType::System,OutputProcessor::SOVStoreType::Summed,this->Name
ChillerElectricEIR.cc,"""Chiller Evaporative Condenser Mains Supply Water Volume""",OutputProcessor::Unit::m3,this->EvapWaterConsump,OutputProcessor::SOVTimeStepType::System,OutputProcessor::SOVStoreType::Summed,this->Name
ChillerElectricEIR.cc,"""Chiller Basin Heater Electricity Rate""",OutputProcessor::Unit::W,this->BasinHeaterPower,OutputProcessor::SOVTimeStepType::System,OutputProcessor::SOVStoreType::Average,this->Name
ChillerElectricEIR.cc,"""Chiller Basin Heater Electricity Energy""",OutputProcessor::Unit::J,this->BasinHeaterConsumption,OutputProcessor::SOVTimeStepType::System,OutputProcessor::SOVStoreType::Summed,this->Name
SimAirServingZones.cc,"""Air System Simulation Cycle On Off Status""",OutputProcessor::Unit::None,state.dataAirLoop->PriAirSysAvailMgr(AirSysNum).AvailStatus,OutputProcessor::SOVTimeStepType::HVAC,OutputProcessor::SOVStoreType::Average,state.dataAirSystemsData->PrimaryAirSystems(AirSysNum).Name
SimAirServingZones.cc,"""Air System Simulation Maximum Iteration Count""",OutputProcessor::Unit::None,state.dataSimAirServingZones->salIterMax,OutputProcessor::SOVTimeStepType::HVAC,OutputProcessor::SOVStoreType::Summed,"""SimAir"""
SimAirServingZones.cc,"""Air System Simulation Iteration Count""",OutputProcessor::Unit::None,state.dataSimAirServingZones->salIterTot,OutputProcessor::SOVTimeStepType::HVAC,OutputProcessor::SOVStoreType::Summed,"""SimAir"""
SimAirServingZones.cc,"""Air System Component Model Simulation Calls""",OutputProcessor::Unit::None,state.dataSimAirServingZones->NumCallsTot,OutputProcessor::SOVTimeStepType::HVAC,OutputProcessor::SOVStoreType::Summed,"""SimAir"""
Boilers.cc,"""Boiler Heating Rate""",OutputProcessor::Unit::W,this->BoilerLoad,OutputProcessor::SOVTimeStepType::System,OutputProcessor::SOVStoreType::Average,this->Name
Boilers.cc,"""Boiler Heating Energy""",OutputProcessor::Unit::J,this->BoilerEnergy,OutputProcessor::SOVTimeStepType::System,OutputProcessor::SOVStoreType::Summed,this->Name
Boilers.cc,"format(""Boiler {} Rate"", sFuelType)",OutputProcessor::Unit::W,this->FuelUsed,OutputProcessor::SOVTimeStepType::System,OutputProcessor::SOVStoreType::Average,this->Name
Boilers.cc,"format(""Boiler {} Energy"", sFuelType)",OutputProcessor::Unit::J,this->FuelConsumed,OutputProcessor::SOVTimeStepType::System,OutputProcessor::SOVStoreType::Summed,this->Name
Boilers.cc,"""Boiler Inlet Temperature""",OutputProcessor::Unit::C,this->BoilerInletTemp,OutputProcessor::SOVTimeStepType::System,OutputProcessor::SOVStoreType::Average,this->Name
Boilers.cc,"""Boiler Outlet Temperature""",OutputProcessor::Unit::C,this->BoilerOutletTemp,OutputProcessor::SOVTimeStepType::System,OutputProcessor::SOVStoreType::Average,this->Name
Boilers.cc,"""Boiler Mass Flow Rate""",OutputProcessor::Unit::kg_s,this->BoilerMassFlowRate,OutputProcessor::SOVTimeStepType::System,OutputProcessor::SOVStoreType::Average,this->Name
Boilers.cc,"""Boiler Ancillary Electricity Rate""",OutputProcessor::Unit::W,this->ParasiticElecPower,OutputProcessor::SOVTimeStepType::System,OutputProcessor::SOVStoreType::Average,this->Name
Boilers.cc,"""Boiler Ancillary Electricity Energy""",OutputProcessor::Unit::J,this->ParasiticElecConsumption,OutputProcessor::SOVTimeStepType::System,OutputProcessor::SOVStoreType::Summed,this->Name
Boilers.cc,"format(""Boiler Ancillary {} Rate"", sFuelType)",OutputProcessor::Unit::W,this->ParasiticFuelRate,OutputProcessor::SOVTimeStepType::System,OutputProcessor::SOVStoreType::Average,this->Name
Boilers.cc,"format(""Boiler Ancillary {} Energy"", sFuelType)",OutputProcessor::Unit::J,this->ParasiticFuelConsumption,OutputProcessor::SOVTimeStepType::System,OutputProcessor::SOVStoreType::Summed,this->Name
Boilers.cc,"""Boiler Part Load Ratio""",OutputProcessor::Unit::None,this->BoilerPLR,OutputProcessor::SOVTimeStepType::System,OutputProcessor::SOVStoreType::Average,this->Name
Boilers.cc,"""Boiler Efficiency""",OutputProcessor::Unit::None,this->BoilerEff,OutputProcessor::SOVTimeStepType::System,OutputProcessor::SOVStoreType::Average,this->Name
HVACFourPipeBeam.cc,"""Zone Air Terminal Beam Sensible Cooling Energy""",OutputProcessor::Unit::J,thisBeam->beamCoolingEnergy,OutputProcessor::SOVTimeStepType::System,OutputProcessor::SOVStoreType::Summed,thisBeam->name
HVACFourPipeBeam.cc,"""Zone Air Terminal Beam Sensible Cooling Rate""",OutputProcessor::Unit::W,thisBeam->beamCoolingRate,OutputProcessor::SOVTimeStepType::System,OutputProcessor::SOVStoreType::Average,thisBeam->name
HVACFourPipeBeam.cc,"""Zone Air Terminal Beam Sensible Heating Energy""",OutputProcessor::Unit::J,thisBeam->beamHeatingEnergy,OutputProcessor::SOVTimeStepType::System,OutputProcessor::SOVStoreType::Summed,thisBeam->name
HVACFourPipeBeam.cc,"""Zone Air Terminal Beam Sensible Heating Rate""",OutputProcessor::Unit::W,thisBeam->beamHeatingRate,OutputProcessor::SOVTimeStepType::System,OutputProcessor::SOVStoreType::Average,thisBeam->name
HVACFourPipeBeam.cc,"""Zone Air Terminal Primary Air Sensible Cooling Energy""",OutputProcessor::Unit::J,thisBeam->supAirCoolingEnergy,OutputProcessor::SOVTimeStepType::System,OutputProcessor::SOVStoreType::Summed,thisBeam->name
HVACFourPipeBeam.cc,"""Zone Air Terminal Primary Air Sensible Cooling Rate""",OutputProcessor::Unit::W,thisBeam->supAirCoolingRate,OutputProcessor::SOVTimeStepType::System,OutputProcessor::SOVStoreType::Average,thisBeam->name
HVACFourPipeBeam.cc,"""Zone Air Terminal Primary Air Sensible Heating Energy""",OutputProcessor::Unit::J,thisBeam->supAirHeatingEnergy,OutputProcessor::SOVTimeStepType::System,OutputProcessor::SOVStoreType::Summed,thisBeam->name
HVACFourPipeBeam.cc,"""Zone Air Terminal Primary Air Sensible Heating Rate""",OutputProcessor::Unit::W,thisBeam->supAirHeatingRate,OutputProcessor::SOVTimeStepType::System,OutputProcessor::SOVStoreType::Average,thisBeam->name
HVACFourPipeBeam.cc,"""Zone Air Terminal Primary Air Flow Rate""",OutputProcessor::Unit::m3_s,thisBeam->primAirFlow,OutputProcessor::SOVTimeStepType::System,OutputProcessor::SOVStoreType::Average,thisBeam->name
HVACFourPipeBeam.cc,"""Zone Air Terminal Outdoor Air Volume Flow Rate""",OutputProcessor::Unit::m3_s,thisBeam->OutdoorAirFlowRate,OutputProcessor::SOVTimeStepType::System,OutputProcessor::SOVStoreType::Average,thisBeam->name
InternalHeatGains.cc,"""Contaminant Source or Sink CO2 Gain Volume Flow Rate""",OutputProcessor::Unit::m3_s,state.dataHeatBal->ZoneCO2Gen(Loop).CO2GainRate,OutputProcessor::SOVTimeStepType::Zone,OutputProcessor::SOVStoreType::Average,state.dataHeatBal->ZoneCO2Gen(Loop).Name
InternalHeatGains.cc,"""Zone Contaminant Source or Sink CO2 Gain Volume Flow Rate""",OutputProcessor::Unit::m3_s,state.dataHeatBal->ZoneRpt(state.dataHeatBal->ZoneCO2Gen(Loop).ZonePtr).CO2Rate,OutputProcessor::SOVTimeStepType::Zone,OutputProcessor::SOVStoreType::Average,state.dataHeatBal->Zone(state.dataHeatBal->ZoneCO2Gen(Loop).ZonePtr).Name
InternalHeatGains.cc,"""Zone Total Internal Radiant Heating Energy""",OutputProcessor::Unit::J,state.dataHeatBal->ZoneRpt(zoneNum).TotRadiantGain,OutputProcessor::SOVTimeStepType::Zone,OutputProcessor::SOVStoreType::Summed,state.dataHeatBal->Zone(zoneNum).Name
InternalHeatGains.cc,"""Zone Total Internal Radiant Heating Rate""",OutputProcessor::Unit::W,state.dataHeatBal->ZoneRpt(zoneNum).TotRadiantGainRate,OutputProcessor::SOVTimeStepType::Zone,OutputProcessor::SOVStoreType::Average,state.dataHeatBal->Zone(zoneNum).Name
InternalHeatGains.cc,"""Zone Total Internal Visible Radiation Heating Energy""",OutputProcessor::Unit::J,state.dataHeatBal->ZoneRpt(zoneNum).TotVisHeatGain,OutputProcessor::SOVTimeStepType::Zone,OutputProcessor::SOVStoreType::Summed,state.dataHeatBal->Zone(zoneNum).Name
InternalHeatGains.cc,"""Zone Total Internal Visible Radiation Heating Rate""",OutputProcessor::Unit::W,state.dataHeatBal->ZoneRpt(zoneNum).TotVisHeatGainRate,OutputProcessor::SOVTimeStepType::Zone,OutputProcessor::SOVStoreType::Average,state.dataHeatBal->Zone(zoneNum).Name
InternalHeatGains.cc,"""Zone Total Internal Convective Heating Energy""",OutputProcessor::Unit::J,state.dataHeatBal->ZoneRpt(zoneNum).TotConvectiveGain,OutputProcessor::SOVTimeStepType::Zone,OutputProcessor::SOVStoreType::Summed,state.dataHeatBal->Zone(zoneNum).Name
InternalHeatGains.cc,"""Zone Total Internal Convective Heating Rate""",OutputProcessor::Unit::W,state.dataHeatBal->ZoneRpt(zoneNum).TotConvectiveGainRate,OutputProcessor::SOVTimeStepType::Zone,OutputProcessor::SOVStoreType::Average,state.dataHeatBal->Zone(zoneNum).Name
InternalHeatGains.cc,"""Zone Total Internal Latent Gain Energy""",OutputProcessor::Unit::J,state.dataHeatBal->ZoneRpt(zoneNum).TotLatentGain,OutputProcessor::SOVTimeStepType::Zone,OutputProcessor::SOVStoreType::Summed,state.dataHeatBal->Zone(zoneNum).Name
InternalHeatGains.cc,"""Zone Total Internal Latent Gain Rate""",OutputProcessor::Unit::W,state.dataHeatBal->ZoneRpt(zoneNum).TotLatentGainRate,OutputProcessor::SOVTimeStepType::Zone,OutputProcessor::SOVStoreType::Average,state.dataHeatBal->Zone(zoneNum).Name
InternalHeatGains.cc,"""Zone Total Internal Total Heating Energy""",OutputProcessor::Unit::J,state.dataHeatBal->ZoneRpt(zoneNum).TotTotalHeatGain,OutputProcessor::SOVTimeStepType::Zone,OutputProcessor::SOVStoreType::Summed,state.dataHeatBal->Zone(zoneNum).Name
InternalHeatGains.cc,"""Zone Total Internal Total Heating Rate""",OutputProcessor::Unit::W,state.dataHeatBal->ZoneRpt(zoneNum).TotTotalHeatGainRate,OutputProcessor::SOVTimeStepType::Zone,OutputProcessor::SOVStoreType::Average,state.dataHeatBal->Zone(zoneNum).Name
InternalHeatGains.cc,"""Space Total Internal Radiant Heating Energy""",OutputProcessor::Unit::J,state.dataHeatBal->spaceRpt(spaceNum).TotRadiantGain,OutputProcessor::SOVTimeStepType::Zone,OutputProcessor::SOVStoreType::Summed,state.dataHeatBal->space(spaceNum).Name
InternalHeatGains.cc,"""Space Total Internal Radiant Heating Rate""",OutputProcessor::Unit::W,state.dataHeatBal->spaceRpt(spaceNum).TotRadiantGainRate,OutputProcessor::SOVTimeStepType::Zone,OutputProcessor::SOVStoreType::Average,state.dataHeatBal->space(spaceNum).Name
InternalHeatGains.cc,"""Space Total Internal Visible Radiation Heating Energy""",OutputProcessor::Unit::J,state.dataHeatBal->spaceRpt(spaceNum).TotVisHeatGain,OutputProcessor::SOVTimeStepType::Zone,OutputProcessor::SOVStoreType::Summed,state.dataHeatBal->space(spaceNum).Name
InternalHeatGains.cc,"""Space Total Internal Visible Radiation Heating Rate""",OutputProcessor::Unit::W,state.dataHeatBal->spaceRpt(spaceNum).TotVisHeatGainRate,OutputProcessor::SOVTimeStepType::Zone,OutputProcessor::SOVStoreType::Average,state.dataHeatBal->space(spaceNum).Name
InternalHeatGains.cc,"""Space Total Internal Convective Heating Energy""",OutputProcessor::Unit::J,state.dataHeatBal->spaceRpt(spaceNum).TotConvectiveGain,OutputProcessor::SOVTimeStepType::Zone,OutputProcessor::SOVStoreType::Summed,state.dataHeatBal->space(spaceNum).Name
InternalHeatGains.cc,"""Space Total Internal Convective Heating Rate""",OutputProcessor::Unit::W,state.dataHeatBal->spaceRpt(spaceNum).TotConvectiveGainRate,OutputProcessor::SOVTimeStepType::Zone,OutputProcessor::SOVStoreType::Average,state.dataHeatBal->space(spaceNum).Name
InternalHeatGains.cc,"""Space Total Internal Latent Gain Energy""",OutputProcessor::Unit::J,state.dataHeatBal->spaceRpt(spaceNum).TotLatentGain,OutputProcessor::SOVTimeStepType::Zone,OutputProcessor::SOVStoreType::Summed,state.dataHeatBal->space(spaceNum).Name
InternalHeatGains.cc,"""Space Total Internal Latent Gain Rate""",OutputProcessor::Unit::W,state.dataHeatBal->spaceRpt(spaceNum).TotLatentGainRate,OutputProcessor::SOVTimeStepType::Zone,OutputProcessor::SOVStoreType::Average,state.dataHeatBal->space(spaceNum).Name
InternalHeatGains.cc,"""Space Total Internal Total Heating Energy""",OutputProcessor::Unit::J,state.dataHeatBal->spaceRpt(spaceNum).TotTotalHeatGain,OutputProcessor::SOVTimeStepType::Zone,OutputProcessor::SOVStoreType::Summed,state.dataHeatBal->space(spaceNum).Name
InternalHeatGains.cc,"""Space Total Internal Total Heating Rate""",OutputProcessor::Unit::W,state.dataHeatBal->spaceRpt(spaceNum).TotTotalHeatGainRate,OutputProcessor::SOVTimeStepType::Zone,OutputProcessor::SOVStoreType::Average,state.dataHeatBal->space(spaceNum).Name
InternalHeatGains.cc,"""People Occupant Count""",OutputProcessor::Unit::None,state.dataHeatBal->People(peopleNum).NumOcc,OutputProcessor::SOVTimeStepType::Zone,OutputProcessor::SOVStoreType::Average,state.dataHeatBal->People(peopleNum).Name
InternalHeatGains.cc,"""People Radiant Heating Energy""",OutputProcessor::Unit::J,state.dataHeatBal->People(peopleNum).RadGainEnergy,OutputProcessor::SOVTimeStepType::Zone,OutputProcessor::SOVStoreType::Summed,state.dataHeatBal->People(peopleNum).Name
InternalHeatGains.cc,"""People Radiant Heating Rate""",OutputProcessor::Unit::W,state.dataHeatBal->People(peopleNum).RadGainRate,OutputProcessor::SOVTimeStepType::Zone,OutputProcessor::SOVStoreType::Average,state.dataHeatBal->People(peopleNum).Name
InternalHeatGains.cc,"""People Convective Heating Energy""",OutputProcessor::Unit::J,state.dataHeatBal->People(peopleNum).ConGainEnergy,OutputProcessor::SOVTimeStepType::Zone,OutputProcessor::SOVStoreType::Summed,state.dataHeatBal->People(peopleNum).Name
InternalHeatGains.cc,"""People Convective Heating Rate""",OutputProcessor::Unit::W,state.dataHeatBal->People(peopleNum).ConGainRate,OutputProcessor::SOVTimeStepType::Zone,OutputProcessor::SOVStoreType::Average,state.dataHeatBal->People(peopleNum).Name
InternalHeatGains.cc,"""People Sensible Heating Energy""",OutputProcessor::Unit::J,state.dataHeatBal->People(peopleNum).SenGainEnergy,OutputProcessor::SOVTimeStepType::Zone,OutputProcessor::SOVStoreType::Summed,state.dataHeatBal->People(peopleNum).Name
InternalHeatGains.cc,"""People Sensible Heating Rate""",OutputProcessor::Unit::W,state.dataHeatBal->People(peopleNum).SenGainRate,OutputProcessor::SOVTimeStepType::Zone,OutputProcessor::SOVStoreType::Average,state.dataHeatBal->People(peopleNum).Name
InternalHeatGains.cc,"""People Latent Gain Energy""",OutputProcessor::Unit::J,state.dataHeatBal->People(peopleNum).LatGainEnergy,OutputProcessor::SOVTimeStepType::Zone,OutputProcessor::SOVStoreType::Summed,state.dataHeatBal->People(peopleNum).Name
InternalHeatGains.cc,"""People Latent Gain Rate""",OutputProcessor::Unit::W,state.dataHeatBal->People(peopleNum).LatGainRate,OutputProcessor::SOVTimeStepType::Zone,OutputProcessor::SOVStoreType::Average,state.dataHeatBal->People(peopleNum).Name
InternalHeatGains.cc,"""People Total Heating Energy""",OutputProcessor::Unit::J,state.dataHeatBal->People(peopleNum).TotGainEnergy,OutputProcessor::SOVTimeStepType::Zone,OutputProcessor::SOVStoreType::Summed,state.dataHeatBal->People(peopleNum).Name
InternalHeatGains.cc,"""People Total Heating Rate""",OutputProcessor::Unit::W,state.dataHeatBal->People(peopleNum).TotGainRate,OutputProcessor::SOVTimeStepType::Zone,OutputProcessor::SOVStoreType::Average,state.dataHeatBal->People(peopleNum).Name
InternalHeatGains.cc,"""People Air Temperature""",OutputProcessor::Unit::C,state.dataHeatBal->People(peopleNum).TemperatureInZone,OutputProcessor::SOVTimeStepType::Zone,OutputProcessor::SOVStoreType::Average,state.dataHeatBal->People(peopleNum).Name
InternalHeatGains.cc,"""People Air Relative Humidity""",OutputProcessor::Unit::Perc,state.dataHeatBal->People(peopleNum).RelativeHumidityInZone,OutputProcessor::SOVTimeStepType::Zone,OutputProcessor::SOVStoreType::Average,state.dataHeatBal->People(peopleNum).Name
InternalHeatGains.cc,"""Zone People Occupant Count""",OutputProcessor::Unit::None,state.dataHeatBal->ZoneRpt(zoneNum).PeopleNumOcc,OutputProcessor::SOVTimeStepType::Zone,OutputProcessor::SOVStoreType::Average,state.dataHeatBal->Zone(zoneNum).Name
InternalHeatGains.cc,"""Zone People Radiant Heating Energy""",OutputProcessor::Unit::J,state.dataHeatBal->ZoneRpt(zoneNum).PeopleRadGain,OutputProcessor::SOVTimeStepType::Zone,OutputProcessor::SOVStoreType::Summed,state.dataHeatBal->Zone(zoneNum).Name
InternalHeatGains.cc,"""Zone People Radiant Heating Rate""",OutputProcessor::Unit::W,state.dataHeatBal->ZoneRpt(zoneNum).PeopleRadGainRate,OutputProcessor::SOVTimeStepType::Zone,OutputProcessor::SOVStoreType::Average,state.dataHeatBal->Zone(zoneNum).Name
InternalHeatGains.cc,"""Zone People Convective Heating Energy""",OutputProcessor::Unit::J,state.dataHeatBal->ZoneRpt(zoneNum).PeopleConGain,OutputProcessor::SOVTimeStepType::Zone,OutputProcessor::SOVStoreType::Summed,state.dataHeatBal->Zone(zoneNum).Name
InternalHeatGains.cc,"""Zone People Convective Heating Rate""",OutputProcessor::Unit::W,state.dataHeatBal->ZoneRpt(zoneNum).PeopleConGainRate,OutputProcessor::SOVTimeStepType::Zone,OutputProcessor::SOVStoreType::Average,state.dataHeatBal->Zone(zoneNum).Name
InternalHeatGains.cc,"""Zone People Sensible Heating Energy""",OutputProcessor::Unit::J,state.dataHeatBal->ZoneRpt(zoneNum).PeopleSenGain,OutputProcessor::SOVTimeStepType::Zone,OutputProcessor::SOVStoreType::Summed,state.dataHeatBal->Zone(zoneNum).Name
InternalHeatGains.cc,"""Zone People Sensible Heating Rate""",OutputProcessor::Unit::W,state.dataHeatBal->ZoneRpt(zoneNum).PeopleSenGainRate,OutputProcessor::SOVTimeStepType::Zone,OutputProcessor::SOVStoreType::Average,state.dataHeatBal->Zone(zoneNum).Name
InternalHeatGains.cc,"""Zone People Latent Gain Energy""",OutputProcessor::Unit::J,state.dataHeatBal->ZoneRpt(zoneNum).PeopleLatGain,OutputProcessor::SOVTimeStepType::Zone,OutputProcessor::SOVStoreType::Summed,state.dataHeatBal->Zone(zoneNum).Name
InternalHeatGains.cc,"""Zone People Latent Gain Rate""",OutputProcessor::Unit::W,state.dataHeatBal->ZoneRpt(zoneNum).PeopleLatGainRate,OutputProcessor::SOVTimeStepType::Zone,OutputProcessor::SOVStoreType::Average,state.dataHeatBal->Zone(zoneNum).Name
InternalHeatGains.cc,"""Zone People Total Heating Energy""",OutputProcessor::Unit::J,state.dataHeatBal->ZoneRpt(zoneNum).PeopleTotGain,OutputProcessor::SOVTimeStepType::Zone,OutputProcessor::SOVStoreType::Summed,state.dataHeatBal->Zone(zoneNum).Name
InternalHeatGains.cc,"""Zone People Total Heating Rate""",OutputProcessor::Unit::W,state.dataHeatBal->ZoneRpt(zoneNum).PeopleTotGainRate,OutputProcessor::SOVTimeStepType::Zone,OutputProcessor::SOVStoreType::Average,state.dataHeatBal->Zone(zoneNum).Name
InternalHeatGains.cc,"""Space People Occupant Count""",OutputProcessor::Unit::None,state.dataHeatBal->spaceRpt(spaceNum).PeopleNumOcc,OutputProcessor::SOVTimeStepType::Zone,OutputProcessor::SOVStoreType::Average,state.dataHeatBal->space(spaceNum).Name
InternalHeatGains.cc,"""Space People Radiant Heating Energy""",OutputProcessor::Unit::J,state.dataHeatBal->spaceRpt(spaceNum).PeopleRadGain,OutputProcessor::SOVTimeStepType::Zone,OutputProcessor::SOVStoreType::Summed,state.dataHeatBal->space(spaceNum).Name
InternalHeatGains.cc,"""Space People Radiant Heating Rate""",OutputProcessor::Unit::W,state.dataHeatBal->spaceRpt(spaceNum).PeopleRadGainRate,OutputProcessor::SOVTimeStepType::Zone,OutputProcessor::SOVStoreType::Average,state.dataHeatBal->space(spaceNum).Name
InternalHeatGains.cc,"""Space People Convective Heating Energy""",OutputProcessor::Unit::J,state.dataHeatBal->spaceRpt(spaceNum).PeopleConGain,OutputProcessor::SOVTimeStepType::Zone,OutputProcessor::SOVStoreType::Summed,state.dataHeatBal->space(spaceNum).Name
InternalHeatGains.cc,"""Space People Convective Heating Rate""",OutputProcessor::Unit::W,state.dataHeatBal->spaceRpt(spaceNum).PeopleConGainRate,OutputProcessor::SOVTimeStepType::Zone,OutputProcessor::SOVStoreType::Average,state.dataHeatBal->space(spaceNum).Name
InternalHeatGains.cc,"""Space People Sensible Heating Energy""",OutputProcessor::Unit::J,state.dataHeatBal->spaceRpt(spaceNum).PeopleSenGain,OutputProcessor::SOVTimeStepType::Zone,OutputProcessor::SOVStoreType::Summed,state.dataHeatBal->space(spaceNum).Name
InternalHeatGains.cc,"""Space People Sensible Heating Rate""",OutputProcessor::Unit::W,state.dataHeatBal->spaceRpt(spaceNum).PeopleSenGainRate,OutputProcessor::SOVTimeStepType::Zone,OutputProcessor::SOVStoreType::Average,state.dataHeatBal->space(spaceNum).Name
InternalHeatGains.cc,"""Space People Latent Gain Energy""",OutputProcessor::Unit::J,state.dataHeatBal->spaceRpt(spaceNum).PeopleLatGain,OutputProcessor::SOVTimeStepType::Zone,OutputProcessor::SOVStoreType::Summed,state.dataHeatBal->space(spaceNum).Name
InternalHeatGains.cc,"""Space People Latent Gain Rate""",OutputProcessor::Unit::W,state.dataHeatBal->spaceRpt(spaceNum).PeopleLatGainRate,OutputProcessor::SOVTimeStepType::Zone,OutputProcessor::SOVStoreType::Average,state.dataHeatBal->space(spaceNum).Name
InternalHeatGains.cc,"""Space People Total Heating Energy""",OutputProcessor::Unit::J,state.dataHeatBal->spaceRpt(spaceNum).PeopleTotGain,OutputProcessor::SOVTimeStepType::Zone,OutputProcessor::SOVStoreType::Summed,state.dataHeatBal->space(spaceNum).Name
InternalHeatGains.cc,"""Space People Total Heating Rate""",OutputProcessor::Unit::W,state.dataHeatBal->spaceRpt(spaceNum).PeopleTotGainRate,OutputProcessor::SOVTimeStepType::Zone,OutputProcessor::SOVStoreType::Average,state.dataHeatBal->space(spaceNum).Name
InternalHeatGains.cc,"""Lights Electricity Rate""",OutputProcessor::Unit::W,state.dataHeatBal->Lights(lightsNum).Power,OutputProcessor::SOVTimeStepType::Zone,OutputProcessor::SOVStoreType::Average,state.dataHeatBal->Lights(lightsNum).Name
InternalHeatGains.cc,"""Lights Radiant Heating Energy""",OutputProcessor::Unit::J,state.dataHeatBal->Lights(lightsNum).RadGainEnergy,OutputProcessor::SOVTimeStepType::Zone,OutputProcessor::SOVStoreType::Summed,state.dataHeatBal->Lights(lightsNum).Name
InternalHeatGains.cc,"""Lights Radiant Heating Rate""",OutputProcessor::Unit::W,state.dataHeatBal->Lights(lightsNum).RadGainRate,OutputProcessor::SOVTimeStepType::Zone,OutputProcessor::SOVStoreType::Average,state.dataHeatBal->Lights(lightsNum).Name
InternalHeatGains.cc,"""Lights Visible Radiation Heating Energy""",OutputProcessor::Unit::J,state.dataHeatBal->Lights(lightsNum).VisGainEnergy,OutputProcessor::SOVTimeStepType::Zone,OutputProcessor::SOVStoreType::Summed,state.dataHeatBal->Lights(lightsNum).Name
InternalHeatGains.cc,"""Lights Visible Radiation Heating Rate""",OutputProcessor::Unit::W,state.dataHeatBal->Lights(lightsNum).VisGainRate,OutputProcessor::SOVTimeStepType::Zone,OutputProcessor::SOVStoreType::Average,state.dataHeatBal->Lights(lightsNum).Name
InternalHeatGains.cc,"""Lights Convective Heating Energy""",OutputProcessor::Unit::J,state.dataHeatBal->Lights(lightsNum).ConGainEnergy,OutputProcessor::SOVTimeStepType::Zone,OutputProcessor::SOVStoreType::Summed,state.dataHeatBal->Lights(lightsNum).Name
InternalHeatGains.cc,"""Lights Convective Heating Rate""",OutputProcessor::Unit::W,state.dataHeatBal->Lights(lightsNum).ConGainRate,OutputProcessor::SOVTimeStepType::Zone,OutputProcessor::SOVStoreType::Average,state.dataHeatBal->Lights(lightsNum).Name
InternalHeatGains.cc,"""Lights Return Air Heating Energy""",OutputProcessor::Unit::J,state.dataHeatBal->Lights(lightsNum).RetAirGainEnergy,OutputProcessor::SOVTimeStepType::Zone,OutputProcessor::SOVStoreType::Summed,state.dataHeatBal->Lights(lightsNum).Name
InternalHeatGains.cc,"""Lights Return Air Heating Rate""",OutputProcessor::Unit::W,state.dataHeatBal->Lights(lightsNum).RetAirGainRate,OutputProcessor::SOVTimeStepType::Zone,OutputProcessor::SOVStoreType::Average,state.dataHeatBal->Lights(lightsNum).Name
InternalHeatGains.cc,"""Lights Total Heating Energy""",OutputProcessor::Unit::J,state.dataHeatBal->Lights(lightsNum).TotGainEnergy,OutputProcessor::SOVTimeStepType::Zone,OutputProcessor::SOVStoreType::Summed,state.dataHeatBal->Lights(lightsNum).Name
InternalHeatGains.cc,"""Lights Total Heating Rate""",OutputProcessor::Unit::W,state.dataHeatBal->Lights(lightsNum).TotGainRate,OutputProcessor::SOVTimeStepType::Zone,OutputProcessor::SOVStoreType::Average,state.dataHeatBal->Lights(lightsNum).Name
InternalHeatGains.cc,"""Lights Electricity Energy""",OutputProcessor::Unit::J,state.dataHeatBal->Lights(lightsNum).Consumption,OutputProcessor::SOVTimeStepType::Zone,OutputProcessor::SOVStoreType::Summed,state.dataHeatBal->Lights(lightsNum).Name
InternalHeatGains.cc,"""Zone Lights Electricity Rate""",OutputProcessor::Unit::W,state.dataHeatBal->ZoneRpt(zoneNum).LtsPower,OutputProcessor::SOVTimeStepType::Zone,OutputProcessor::SOVStoreType::Average,state.dataHeatBal->Zone(zoneNum).Name
InternalHeatGains.cc,"""Zone Lights Electricity Energy""",OutputProcessor::Unit::J,state.dataHeatBal->ZoneRpt(zoneNum).LtsElecConsump,OutputProcessor::SOVTimeStepType::Zone,OutputProcessor::SOVStoreType::Summed,state.dataHeatBal->Zone(zoneNum).Name
InternalHeatGains.cc,"""Zone Lights Radiant Heating Energy""",OutputProcessor::Unit::J,state.dataHeatBal->ZoneRpt(zoneNum).LtsRadGain,OutputProcessor::SOVTimeStepType::Zone,OutputProcessor::SOVStoreType::Summed,state.dataHeatBal->Zone(zoneNum).Name
InternalHeatGains.cc,"""Zone Lights Radiant Heating Rate""",OutputProcessor::Unit::W,state.dataHeatBal->ZoneRpt(zoneNum).LtsRadGainRate,OutputProcessor::SOVTimeStepType::Zone,OutputProcessor::SOVStoreType::Average,state.dataHeatBal->Zone(zoneNum).Name
InternalHeatGains.cc,"""Zone Lights Visible Radiation Heating Energy""",OutputProcessor::Unit::J,state.dataHeatBal->ZoneRpt(zoneNum).LtsVisGain,OutputProcessor::SOVTimeStepType::Zone,OutputProcessor::SOVStoreType::Summed,state.dataHeatBal->Zone(zoneNum).Name
InternalHeatGains.cc,"""Zone Lights Visible Radiation Heating Rate""",OutputProcessor::Unit::W,state.dataHeatBal->ZoneRpt(zoneNum).LtsVisGainRate,OutputProcessor::SOVTimeStepType::Zone,OutputProcessor::SOVStoreType::Average,state.dataHeatBal->Zone(zoneNum).Name
InternalHeatGains.cc,"""Zone Lights Convective Heating Energy""",OutputProcessor::Unit::J,state.dataHeatBal->ZoneRpt(zoneNum).LtsConGain,OutputProcessor::SOVTimeStepType::Zone,OutputProcessor::SOVStoreType::Summed,state.dataHeatBal->Zone(zoneNum).Name
InternalHeatGains.cc,"""Zone Lights Convective Heating Rate""",OutputProcessor::Unit::W,state.dataHeatBal->ZoneRpt(zoneNum).LtsConGainRate,OutputProcessor::SOVTimeStepType::Zone,OutputProcessor::SOVStoreType::Average,state.dataHeatBal->Zone(zoneNum).Name
InternalHeatGains.cc,"""Zone Lights Return Air Heating Energy""",OutputProcessor::Unit::J,state.dataHeatBal->ZoneRpt(zoneNum).LtsRetAirGain,OutputProcessor::SOVTimeStepType::Zone,OutputProcessor::SOVStoreType::Summed,state.dataHeatBal->Zone(zoneNum).Name
InternalHeatGains.cc,"""Zone Lights Return Air Heating Rate""",OutputProcessor::Unit::W,state.dataHeatBal->ZoneRpt(zoneNum).LtsRetAirGainRate,OutputProcessor::SOVTimeStepType::Zone,OutputProcessor::SOVStoreType::Average,state.dataHeatBal->Zone(zoneNum).Name
InternalHeatGains.cc,"""Zone Lights Total Heating Energy""",OutputProcessor::Unit::J,state.dataHeatBal->ZoneRpt(zoneNum).LtsTotGain,OutputProcessor::SOVTimeStepType::Zone,OutputProcessor::SOVStoreType::Summed,state.dataHeatBal->Zone(zoneNum).Name
InternalHeatGains.cc,"""Zone Lights Total Heating Rate""",OutputProcessor::Unit::W,state.dataHeatBal->ZoneRpt(zoneNum).LtsTotGainRate,OutputProcessor::SOVTimeStepType::Zone,OutputProcessor::SOVStoreType::Average,state.dataHeatBal->Zone(zoneNum).Name
InternalHeatGains.cc,"""Space Lights Electricity Rate""",OutputProcessor::Unit::W,state.dataHeatBal->spaceRpt(spaceNum).LtsPower,OutputProcessor::SOVTimeStepType::Zone,OutputProcessor::SOVStoreType::Average,state.dataHeatBal->space(spaceNum).Name
InternalHeatGains.cc,"""Space Lights Electricity Energy""",OutputProcessor::Unit::J,state.dataHeatBal->spaceRpt(spaceNum).LtsElecConsump,OutputProcessor::SOVTimeStepType::Zone,OutputProcessor::SOVStoreType::Summed,state.dataHeatBal->space(spaceNum).Name
InternalHeatGains.cc,"""Space Lights Radiant Heating Energy""",OutputProcessor::Unit::J,state.dataHeatBal->spaceRpt(spaceNum).LtsRadGain,OutputProcessor::SOVTimeStepType::Zone,OutputProcessor::SOVStoreType::Summed,state.dataHeatBal->space(spaceNum).Name
InternalHeatGains.cc,"""Space Lights Radiant Heating Rate""",OutputProcessor::Unit::W,state.dataHeatBal->spaceRpt(spaceNum).LtsRadGainRate,OutputProcessor::SOVTimeStepType::Zone,OutputProcessor::SOVStoreType::Average,state.dataHeatBal->space(spaceNum).Name
InternalHeatGains.cc,"""Space Lights Visible Radiation Heating Energy""",OutputProcessor::Unit::J,state.dataHeatBal->spaceRpt(spaceNum).LtsVisGain,OutputProcessor::SOVTimeStepType::Zone,OutputProcessor::SOVStoreType::Summed,state.dataHeatBal->space(spaceNum).Name
InternalHeatGains.cc,"""Space Lights Visible Radiation Heating Rate""",OutputProcessor::Unit::W,state.dataHeatBal->spaceRpt(spaceNum).LtsVisGainRate,OutputProcessor::SOVTimeStepType::Zone,OutputProcessor::SOVStoreType::Average,state.dataHeatBal->space(spaceNum).Name
InternalHeatGains.cc,"""Space Lights Convective Heating Energy""",OutputProcessor::Unit::J,state.dataHeatBal->spaceRpt(spaceNum).LtsConGain,OutputProcessor::SOVTimeStepType::Zone,OutputProcessor::SOVStoreType::Summed,state.dataHeatBal->space(spaceNum).Name
InternalHeatGains.cc,"""Space Lights Convective Heating Rate""",OutputProcessor::Unit::W,state.dataHeatBal->spaceRpt(spaceNum).LtsConGainRate,OutputProcessor::SOVTimeStepType::Zone,OutputProcessor::SOVStoreType::Average,state.dataHeatBal->space(spaceNum).Name
InternalHeatGains.cc,"""Space Lights Return Air Heating Energy""",OutputProcessor::Unit::J,state.dataHeatBal->spaceRpt(spaceNum).LtsRetAirGain,OutputProcessor::SOVTimeStepType::Zone,OutputProcessor::SOVStoreType::Summed,state.dataHeatBal->space(spaceNum).Name
InternalHeatGains.cc,"""Space Lights Return Air Heating Rate""",OutputProcessor::Unit::W,state.dataHeatBal->spaceRpt(spaceNum).LtsRetAirGainRate,OutputProcessor::SOVTimeStepType::Zone,OutputProcessor::SOVStoreType::Average,state.dataHeatBal->space(spaceNum).Name
InternalHeatGains.cc,"""Space Lights Total Heating Energy""",OutputProcessor::Unit::J,state.dataHeatBal->spaceRpt(spaceNum).LtsTotGain,OutputProcessor::SOVTimeStepType::Zone,OutputProcessor::SOVStoreType::Summed,state.dataHeatBal->space(spaceNum).Name
InternalHeatGains.cc,"""Space Lights Total Heating Rate""",OutputProcessor::Unit::W,state.dataHeatBal->spaceRpt(spaceNum).LtsTotGainRate,OutputProcessor::SOVTimeStepType::Zone,OutputProcessor::SOVStoreType::Average,state.dataHeatBal->space(spaceNum).Name
InternalHeatGains.cc,"""Electric Equipment Electricity Rate""",OutputProcessor::Unit::W,state.dataHeatBal->ZoneElectric(elecEqNum).Power,OutputProcessor::SOVTimeStepType::Zone,OutputProcessor::SOVStoreType::Average,state.dataHeatBal->ZoneElectric(elecEqNum).Name
InternalHeatGains.cc,"""Electric Equipment Electricity Energy""",OutputProcessor::Unit::J,state.dataHeatBal->ZoneElectric(elecEqNum).Consumption,OutputProcessor::SOVTimeStepType::Zone,OutputProcessor::SOVStoreType::Summed,state.dataHeatBal->ZoneElectric(elecEqNum).Name
InternalHeatGains.cc,"""Electric Equipment Radiant Heating Energy""",OutputProcessor::Unit::J,state.dataHeatBal->ZoneElectric(elecEqNum).RadGainEnergy,OutputProcessor::SOVTimeStepType::Zone,OutputProcessor::SOVStoreType::Summed,state.dataHeatBal->ZoneElectric(elecEqNum).Name
InternalHeatGains.cc,"""Electric Equipment Radiant Heating Rate""",OutputProcessor::Unit::W,state.dataHeatBal->ZoneElectric(elecEqNum).RadGainRate,OutputProcessor::SOVTimeStepType::Zone,OutputProcessor::SOVStoreType::Average,state.dataHeatBal->ZoneElectric(elecEqNum).Name
InternalHeatGains.cc,"""Electric Equipment Convective Heating Energy""",OutputProcessor::Unit::J,state.dataHeatBal->ZoneElectric(elecEqNum).ConGainEnergy,OutputProcessor::SOVTimeStepType::Zone,OutputProcessor::SOVStoreType::Summed,state.dataHeatBal->ZoneElectric(elecEqNum).Name
InternalHeatGains.cc,"""Electric Equipment Convective Heating Rate""",OutputProcessor::Unit::W,state.dataHeatBal->ZoneElectric(elecEqNum).ConGainRate,OutputProcessor::SOVTimeStepType::Zone,OutputProcessor::SOVStoreType::Average,state.dataHeatBal->ZoneElectric(elecEqNum).Name
InternalHeatGains.cc,"""Electric Equipment Latent Gain Energy""",OutputProcessor::Unit::J,state.dataHeatBal->ZoneElectric(elecEqNum).LatGainEnergy,OutputProcessor::SOVTimeStepType::Zone,OutputProcessor::SOVStoreType::Summed,state.dataHeatBal->ZoneElectric(elecEqNum).Name
InternalHeatGains.cc,"""Electric Equipment Latent Gain Rate""",OutputProcessor::Unit::W,state.dataHeatBal->ZoneElectric(elecEqNum).LatGainRate,OutputProcessor::SOVTimeStepType::Zone,OutputProcessor::SOVStoreType::Average,state.dataHeatBal->ZoneElectric(elecEqNum).Name
InternalHeatGains.cc,"""Electric Equipment Lost Heat Energy""",OutputProcessor::Unit::J,state.dataHeatBal->ZoneElectric(elecEqNum).LostEnergy,OutputProcessor::SOVTimeStepType::Zone,OutputProcessor::SOVStoreType::Summed,state.dataHeatBal->ZoneElectric(elecEqNum).Name
InternalHeatGains.cc,"""Electric Equipment Lost Heat Rate""",OutputProcessor::Unit::W,state.dataHeatBal->ZoneElectric(elecEqNum).LostRate,OutputProcessor::SOVTimeStepType::Zone,OutputProcessor::SOVStoreType::Average,state.dataHeatBal->ZoneElectric(elecEqNum).Name
InternalHeatGains.cc,"""Electric Equipment Total Heating Energy""",OutputProcessor::Unit::J,state.dataHeatBal->ZoneElectric(elecEqNum).TotGainEnergy,OutputProcessor::SOVTimeStepType::Zone,OutputProcessor::SOVStoreType::Summed,state.dataHeatBal->ZoneElectric(elecEqNum).Name
InternalHeatGains.cc,"""Electric Equipment Total Heating Rate""",OutputProcessor::Unit::W,state.dataHeatBal->ZoneElectric(elecEqNum).TotGainRate,OutputProcessor::SOVTimeStepType::Zone,OutputProcessor::SOVStoreType::Average,state.dataHeatBal->ZoneElectric(elecEqNum).Name
InternalHeatGains.cc,"""Zone Electric Equipment Electricity Rate""",OutputProcessor::Unit::W,state.dataHeatBal->ZoneRpt(zoneNum).ElecPower,OutputProcessor::SOVTimeStepType::Zone,OutputProcessor::SOVStoreType::Average,state.dataHeatBal->Zone(zoneNum).Name
InternalHeatGains.cc,"""Zone Electric Equipment Electricity Energy""",OutputProcessor::Unit::J,state.dataHeatBal->ZoneRpt(zoneNum).ElecConsump,OutputProcessor::SOVTimeStepType::Zone,OutputProcessor::SOVStoreType::Summed,state.dataHeatBal->Zone(zoneNum).Name
InternalHeatGains.cc,"""Zone Electric Equipment Radiant Heating Energy""",OutputProcessor::Unit::J,state.dataHeatBal->ZoneRpt(zoneNum).ElecRadGain,OutputProcessor::SOVTimeStepType::Zone,OutputProcessor::SOVStoreType::Summed,state.dataHeatBal->Zone(zoneNum).Name
InternalHeatGains.cc,"""Zone Electric Equipment Radiant Heating Rate""",OutputProcessor::Unit::W,state.dataHeatBal->ZoneRpt(zoneNum).ElecRadGainRate,OutputProcessor::SOVTimeStepType::Zone,OutputProcessor::SOVStoreType::Average,state.dataHeatBal->Zone(zoneNum).Name
InternalHeatGains.cc,"""Zone Electric Equipment Convective Heating Energy""",OutputProcessor::Unit::J,state.dataHeatBal->ZoneRpt(zoneNum).ElecConGain,OutputProcessor::SOVTimeStepType::Zone,OutputProcessor::SOVStoreType::Summed,state.dataHeatBal->Zone(zoneNum).Name
InternalHeatGains.cc,"""Zone Electric Equipment Convective Heating Rate""",OutputProcessor::Unit::W,state.dataHeatBal->ZoneRpt(zoneNum).ElecConGainRate,OutputProcessor::SOVTimeStepType::Zone,OutputProcessor::SOVStoreType::Average,state.dataHeatBal->Zone(zoneNum).Name
InternalHeatGains.cc,"""Zone Electric Equipment Latent Gain Energy""",OutputProcessor::Unit::J,state.dataHeatBal->ZoneRpt(zoneNum).ElecLatGain,OutputProcessor::SOVTimeStepType::Zone,OutputProcessor::SOVStoreType::Summed,state.dataHeatBal->Zone(zoneNum).Name
InternalHeatGains.cc,"""Zone Electric Equipment Latent Gain Rate""",OutputProcessor::Unit::W,state.dataHeatBal->ZoneRpt(zoneNum).ElecLatGainRate,OutputProcessor::SOVTimeStepType::Zone,OutputProcessor::SOVStoreType::Average,state.dataHeatBal->Zone(zoneNum).Name
InternalHeatGains.cc,"""Zone Electric Equipment Lost Heat Energy""",OutputProcessor::Unit::J,state.dataHeatBal->ZoneRpt(zoneNum).ElecLost,OutputProcessor::SOVTimeStepType::Zone,OutputProcessor::SOVStoreType::Summed,state.dataHeatBal->Zone(zoneNum).Name
InternalHeatGains.cc,"""Zone Electric Equipment Lost Heat Rate""",OutputProcessor::Unit::W,state.dataHeatBal->ZoneRpt(zoneNum).ElecLostRate,OutputProcessor::SOVTimeStepType::Zone,OutputProcessor::SOVStoreType::Average,state.dataHeatBal->Zone(zoneNum).Name
InternalHeatGains.cc,"""Zone Electric Equipment Total Heating Energy""",OutputProcessor::Unit::J,state.dataHeatBal->ZoneRpt(zoneNum).ElecTotGain,OutputProcessor::SOVTimeStepType::Zone,OutputProcessor::SOVStoreType::Summed,state.dataHeatBal->Zone(zoneNum).Name
InternalHeatGains.cc,"""Zone Electric Equipment Total Heating Rate""",OutputProcessor::Unit::W,state.dataHeatBal->ZoneRpt(zoneNum).ElecTotGainRate,OutputProcessor::SOVTimeStepType::Zone,OutputProcessor::SOVStoreType::Average,state.dataHeatBal->Zone(zoneNum).Name
InternalHeatGains.cc,"""Space Electric Equipment Electricity Rate""",OutputProcessor::Unit::W,state.dataHeatBal->spaceRpt(spaceNum).ElecPower,OutputProcessor::SOVTimeStepType::Zone,OutputProcessor::SOVStoreType::Average,state.dataHeatBal->space(spaceNum).Name
InternalHeatGains.cc,"""Space Electric Equipment Electricity Energy""",OutputProcessor::Unit::J,state.dataHeatBal->spaceRpt(spaceNum).ElecConsump,OutputProcessor::SOVTimeStepType::Zone,OutputProcessor::SOVStoreType::Summed,state.dataHeatBal->space(spaceNum).Name
InternalHeatGains.cc,"""Space Electric Equipment Radiant Heating Energy""",OutputProcessor::Unit::J,state.dataHeatBal->spaceRpt(spaceNum).ElecRadGain,OutputProcessor::SOVTimeStepType::Zone,OutputProcessor::SOVStoreType::Summed,state.dataHeatBal->space(spaceNum).Name
InternalHeatGains.cc,"""Space Electric Equipment Radiant Heating Rate""",OutputProcessor::Unit::W,state.dataHeatBal->spaceRpt(spaceNum).ElecRadGainRate,OutputProcessor::SOVTimeStepType::Zone,OutputProcessor::SOVStoreType::Average,state.dataHeatBal->space(spaceNum).Name
InternalHeatGains.cc,"""Space Electric Equipment Convective Heating Energy""",OutputProcessor::Unit::J,state.dataHeatBal->spaceRpt(spaceNum).ElecConGain,OutputProcessor::SOVTimeStepType::Zone,OutputProcessor::SOVStoreType::Summed,state.dataHeatBal->space(spaceNum).Name
InternalHeatGains.cc,"""Space Electric Equipment Convective Heating Rate""",OutputProcessor::Unit::W,state.dataHeatBal->spaceRpt(spaceNum).ElecConGainRate,OutputProcessor::SOVTimeStepType::Zone,OutputProcessor::SOVStoreType::Average,state.dataHeatBal->space(spaceNum).Name
InternalHeatGains.cc,"""Space Electric Equipment Latent Gain Energy""",OutputProcessor::Unit::J,state.dataHeatBal->spaceRpt(spaceNum).ElecLatGain,OutputProcessor::SOVTimeStepType::Zone,OutputProcessor::SOVStoreType::Summed,state.dataHeatBal->space(spaceNum).Name
InternalHeatGains.cc,"""Space Electric Equipment Latent Gain Rate""",OutputProcessor::Unit::W,state.dataHeatBal->spaceRpt(spaceNum).ElecLatGainRate,OutputProcessor::SOVTimeStepType::Zone,OutputProcessor::SOVStoreType::Average,state.dataHeatBal->space(spaceNum).Name
InternalHeatGains.cc,"""Space Electric Equipment Lost Heat Energy""",OutputProcessor::Unit::J,state.dataHeatBal->spaceRpt(spaceNum).ElecLost,OutputProcessor::SOVTimeStepType::Zone,OutputProcessor::SOVStoreType::Summed,state.dataHeatBal->space(spaceNum).Name
InternalHeatGains.cc,"""Space Electric Equipment Lost Heat Rate""",OutputProcessor::Unit::W,state.dataHeatBal->spaceRpt(spaceNum).ElecLostRate,OutputProcessor::SOVTimeStepType::Zone,OutputProcessor::SOVStoreType::Average,state.dataHeatBal->space(spaceNum).Name
InternalHeatGains.cc,"""Space Electric Equipment Total Heating Energy""",OutputProcessor::Unit::J,state.dataHeatBal->spaceRpt(spaceNum).ElecTotGain,OutputProcessor::SOVTimeStepType::Zone,OutputProcessor::SOVStoreType::Summed,state.dataHeatBal->space(spaceNum).Name
InternalHeatGains.cc,"""Space Electric Equipment Total Heating Rate""",OutputProcessor::Unit::W,state.dataHeatBal->spaceRpt(spaceNum).ElecTotGainRate,OutputProcessor::SOVTimeStepType::Zone,OutputProcessor::SOVStoreType::Average,state.dataHeatBal->space(spaceNum).Name
InternalHeatGains.cc,"""Gas Equipment NaturalGas Rate""",OutputProcessor::Unit::W,state.dataHeatBal->ZoneGas(gasEqNum).Power,OutputProcessor::SOVTimeStepType::Zone,OutputProcessor::SOVStoreType::Average,state.dataHeatBal->ZoneGas(gasEqNum).Name
InternalHeatGains.cc,"""Gas Equipment NaturalGas Energy""",OutputProcessor::Unit::J,state.dataHeatBal->ZoneGas(gasEqNum).Consumption,OutputProcessor::SOVTimeStepType::Zone,OutputProcessor::SOVStoreType::Summed,state.dataHeatBal->ZoneGas(gasEqNum).Name
InternalHeatGains.cc,"""Gas Equipment Radiant Heating Energy""",OutputProcessor::Unit::J,state.dataHeatBal->ZoneGas(gasEqNum).RadGainEnergy,OutputProcessor::SOVTimeStepType::Zone,OutputProcessor::SOVStoreType::Summed,state.dataHeatBal->ZoneGas(gasEqNum).Name
InternalHeatGains.cc,"""Gas Equipment Convective Heating Energy""",OutputProcessor::Unit::J,state.dataHeatBal->ZoneGas(gasEqNum).ConGainEnergy,OutputProcessor::SOVTimeStepType::Zone,OutputProcessor::SOVStoreType::Summed,state.dataHeatBal->ZoneGas(gasEqNum).Name
InternalHeatGains.cc,"""Gas Equipment Latent Gain Energy""",OutputProcessor::Unit::J,state.dataHeatBal->ZoneGas(gasEqNum).LatGainEnergy,OutputProcessor::SOVTimeStepType::Zone,OutputProcessor::SOVStoreType::Summed,state.dataHeatBal->ZoneGas(gasEqNum).Name
InternalHeatGains.cc,"""Gas Equipment Lost Heat Energy""",OutputProcessor::Unit::J,state.dataHeatBal->ZoneGas(gasEqNum).LostEnergy,OutputProcessor::SOVTimeStepType::Zone,OutputProcessor::SOVStoreType::Summed,state.dataHeatBal->ZoneGas(gasEqNum).Name
InternalHeatGains.cc,"""Gas Equipment Total Heating Energy""",OutputProcessor::Unit::J,state.dataHeatBal->ZoneGas(gasEqNum).TotGainEnergy,OutputProcessor::SOVTimeStepType::Zone,OutputProcessor::SOVStoreType::Summed,state.dataHeatBal->ZoneGas(gasEqNum).Name
InternalHeatGains.cc,"""Gas Equipment Radiant Heating Rate""",OutputProcessor::Unit::W,state.dataHeatBal->ZoneGas(gasEqNum).RadGainRate,OutputProcessor::SOVTimeStepType::Zone,OutputProcessor::SOVStoreType::Average,state.dataHeatBal->ZoneGas(gasEqNum).Name
InternalHeatGains.cc,"""Gas Equipment Convective Heating Rate""",OutputProcessor::Unit::W,state.dataHeatBal->ZoneGas(gasEqNum).ConGainRate,OutputProcessor::SOVTimeStepType::Zone,OutputProcessor::SOVStoreType::Average,state.dataHeatBal->ZoneGas(gasEqNum).Name
InternalHeatGains.cc,"""Gas Equipment Latent Gain Rate""",OutputProcessor::Unit::W,state.dataHeatBal->ZoneGas(gasEqNum).LatGainRate,OutputProcessor::SOVTimeStepType::Zone,OutputProcessor::SOVStoreType::Average,state.dataHeatBal->ZoneGas(gasEqNum).Name
InternalHeatGains.cc,"""Gas Equipment Lost Heat Rate""",OutputProcessor::Unit::W,state.dataHeatBal->ZoneGas(gasEqNum).LostRate,OutputProcessor::SOVTimeStepType::Zone,OutputProcessor::SOVStoreType::Average,state.dataHeatBal->ZoneGas(gasEqNum).Name
InternalHeatGains.cc,"""Gas Equipment Total Heating Rate""",OutputProcessor::Unit::W,state.dataHeatBal->ZoneGas(gasEqNum).TotGainRate,OutputProcessor::SOVTimeStepType::Zone,OutputProcessor::SOVStoreType::Average,state.dataHeatBal->ZoneGas(gasEqNum).Name
InternalHeatGains.cc,"""Zone Gas Equipment NaturalGas Rate""",OutputProcessor::Unit::W,state.dataHeatBal->ZoneRpt(zoneNum).GasPower,OutputProcessor::SOVTimeStepType::Zone,OutputProcessor::SOVStoreType::Average,state.dataHeatBal->Zone(zoneNum).Name
InternalHeatGains.cc,"""Zone Gas Equipment NaturalGas Energy""",OutputProcessor::Unit::J,state.dataHeatBal->ZoneRpt(zoneNum).GasConsump,OutputProcessor::SOVTimeStepType::Zone,OutputProcessor::SOVStoreType::Summed,state.dataHeatBal->Zone(zoneNum).Name
InternalHeatGains.cc,"""Zone Gas Equipment Radiant Heating Energy""",OutputProcessor::Unit::J,state.dataHeatBal->ZoneRpt(zoneNum).GasRadGain,OutputProcessor::SOVTimeStepType::Zone,OutputProcessor::SOVStoreType::Summed,state.dataHeatBal->Zone(zoneNum).Name
InternalHeatGains.cc,"""Zone Gas Equipment Radiant Heating Rate""",OutputProcessor::Unit::W,state.dataHeatBal->ZoneRpt(zoneNum).GasRadGainRate,OutputProcessor::SOVTimeStepType::Zone,OutputProcessor::SOVStoreType::Average,state.dataHeatBal->Zone(zoneNum).Name
InternalHeatGains.cc,"""Zone Gas Equipment Convective Heating Energy""",OutputProcessor::Unit::J,state.dataHeatBal->ZoneRpt(zoneNum).GasConGain,OutputProcessor::SOVTimeStepType::Zone,OutputProcessor::SOVStoreType::Summed,state.dataHeatBal->Zone(zoneNum).Name
InternalHeatGains.cc,"""Zone Gas Equipment Convective Heating Rate""",OutputProcessor::Unit::W,state.dataHeatBal->ZoneRpt(zoneNum).GasConGainRate,OutputProcessor::SOVTimeStepType::Zone,OutputProcessor::SOVStoreType::Average,state.dataHeatBal->Zone(zoneNum).Name
InternalHeatGains.cc,"""Zone Gas Equipment Latent Gain Energy""",OutputProcessor::Unit::J,state.dataHeatBal->ZoneRpt(zoneNum).GasLatGain,OutputProcessor::SOVTimeStepType::Zone,OutputProcessor::SOVStoreType::Summed,state.dataHeatBal->Zone(zoneNum).Name
InternalHeatGains.cc,"""Zone Gas Equipment Latent Gain Rate""",OutputProcessor::Unit::W,state.dataHeatBal->ZoneRpt(zoneNum).GasLatGainRate,OutputProcessor::SOVTimeStepType::Zone,OutputProcessor::SOVStoreType::Average,state.dataHeatBal->Zone(zoneNum).Name
InternalHeatGains.cc,"""Zone Gas Equipment Lost Heat Energy""",OutputProcessor::Unit::J,state.dataHeatBal->ZoneRpt(zoneNum).GasLost,OutputProcessor::SOVTimeStepType::Zone,OutputProcessor::SOVStoreType::Summed,state.dataHeatBal->Zone(zoneNum).Name
InternalHeatGains.cc,"""Zone Gas Equipment Lost Heat Rate""",OutputProcessor::Unit::W,state.dataHeatBal->ZoneRpt(zoneNum).GasLostRate,OutputProcessor::SOVTimeStepType::Zone,OutputProcessor::SOVStoreType::Average,state.dataHeatBal->Zone(zoneNum).Name
InternalHeatGains.cc,"""Zone Gas Equipment Total Heating Energy""",OutputProcessor::Unit::J,state.dataHeatBal->ZoneRpt(zoneNum).GasTotGain,OutputProcessor::SOVTimeStepType::Zone,OutputProcessor::SOVStoreType::Summed,state.dataHeatBal->Zone(zoneNum).Name
InternalHeatGains.cc,"""Zone Gas Equipment Total Heating Rate""",OutputProcessor::Unit::W,state.dataHeatBal->ZoneRpt(zoneNum).GasTotGainRate,OutputProcessor::SOVTimeStepType::Zone,OutputProcessor::SOVStoreType::Average,state.dataHeatBal->Zone(zoneNum).Name
InternalHeatGains.cc,"""Space Gas Equipment NaturalGas Rate""",OutputProcessor::Unit::W,state.dataHeatBal->spaceRpt(spaceNum).GasPower,OutputProcessor::SOVTimeStepType::Zone,OutputProcessor::SOVStoreType::Average,state.dataHeatBal->space(spaceNum).Name
InternalHeatGains.cc,"""Space Gas Equipment NaturalGas Energy""",OutputProcessor::Unit::J,state.dataHeatBal->spaceRpt(spaceNum).GasConsump,OutputProcessor::SOVTimeStepType::Zone,OutputProcessor::SOVStoreType::Summed,state.dataHeatBal->space(spaceNum).Name
InternalHeatGains.cc,"""Space Gas Equipment Radiant Heating Energy""",OutputProcessor::Unit::J,state.dataHeatBal->spaceRpt(spaceNum).GasRadGain,OutputProcessor::SOVTimeStepType::Zone,OutputProcessor::SOVStoreType::Summed,state.dataHeatBal->space(spaceNum).Name
InternalHeatGains.cc,"""Space Gas Equipment Radiant Heating Rate""",OutputProcessor::Unit::W,state.dataHeatBal->spaceRpt(spaceNum).GasRadGainRate,OutputProcessor::SOVTimeStepType::Zone,OutputProcessor::SOVStoreType::Average,state.dataHeatBal->space(spaceNum).Name
InternalHeatGains.cc,"""Space Gas Equipment Convective Heating Energy""",OutputProcessor::Unit::J,state.dataHeatBal->spaceRpt(spaceNum).GasConGain,OutputProcessor::SOVTimeStepType::Zone,OutputProcessor::SOVStoreType::Summed,state.dataHeatBal->space(spaceNum).Name
InternalHeatGains.cc,"""Space Gas Equipment Convective Heating Rate""",OutputProcessor::Unit::W,state.dataHeatBal->spaceRpt(spaceNum).GasConGainRate,OutputProcessor::SOVTimeStepType::Zone,OutputProcessor::SOVStoreType::Average,state.dataHeatBal->space(spaceNum).Name
InternalHeatGains.cc,"""Space Gas Equipment Latent Gain Energy""",OutputProcessor::Unit::J,state.dataHeatBal->spaceRpt(spaceNum).GasLatGain,OutputProcessor::SOVTimeStepType::Zone,OutputProcessor::SOVStoreType::Summed,state.dataHeatBal->space(spaceNum).Name
InternalHeatGains.cc,"""Space Gas Equipment Latent Gain Rate""",OutputProcessor::Unit::W,state.dataHeatBal->spaceRpt(spaceNum).GasLatGainRate,OutputProcessor::SOVTimeStepType::Zone,OutputProcessor::SOVStoreType::Average,state.dataHeatBal->space(spaceNum).Name
InternalHeatGains.cc,"""Space Gas Equipment Lost Heat Energy""",OutputProcessor::Unit::J,state.dataHeatBal->spaceRpt(spaceNum).GasLost,OutputProcessor::SOVTimeStepType::Zone,OutputProcessor::SOVStoreType::Summed,state.dataHeatBal->space(spaceNum).Name
InternalHeatGains.cc,"""Space Gas Equipment Lost Heat Rate""",OutputProcessor::Unit::W,state.dataHeatBal->spaceRpt(spaceNum).GasLostRate,OutputProcessor::SOVTimeStepType::Zone,OutputProcessor::SOVStoreType::Average,state.dataHeatBal->space(spaceNum).Name
InternalHeatGains.cc,"""Space Gas Equipment Total Heating Energy""",OutputProcessor::Unit::J,state.dataHeatBal->spaceRpt(spaceNum).GasTotGain,OutputProcessor::SOVTimeStepType::Zone,OutputProcessor::SOVStoreType::Summed,state.dataHeatBal->space(spaceNum).Name
InternalHeatGains.cc,"""Space Gas Equipment Total Heating Rate""",OutputProcessor::Unit::W,state.dataHeatBal->spaceRpt(spaceNum).GasTotGainRate,OutputProcessor::SOVTimeStepType::Zone,OutputProcessor::SOVStoreType::Average,state.dataHeatBal->space(spaceNum).Name
InternalHeatGains.cc,"""Hot Water Equipment District Heating Rate""",OutputProcessor::Unit::W,state.dataHeatBal->ZoneHWEq(hwEqNum).Power,OutputProcessor::SOVTimeStepType::Zone,OutputProcessor::SOVStoreType::Average,state.dataHeatBal->ZoneHWEq(hwEqNum).Name
InternalHeatGains.cc,"""Hot Water Equipment District Heating Energy""",OutputProcessor::Unit::J,state.dataHeatBal->ZoneHWEq(hwEqNum).Consumption,OutputProcessor::SOVTimeStepType::Zone,OutputProcessor::SOVStoreType::Summed,state.dataHeatBal->ZoneHWEq(hwEqNum).Name
InternalHeatGains.cc,"""Hot Water Equipment Radiant Heating Energy""",OutputProcessor::Unit::J,state.dataHeatBal->ZoneHWEq(hwEqNum).RadGainEnergy,OutputProcessor::SOVTimeStepType::Zone,OutputProcessor::SOVStoreType::Summed,state.dataHeatBal->ZoneHWEq(hwEqNum).Name
InternalHeatGains.cc,"""Hot Water Equipment Radiant Heating Rate""",OutputProcessor::Unit::W,state.dataHeatBal->ZoneHWEq(hwEqNum).RadGainRate,OutputProcessor::SOVTimeStepType::Zone,OutputProcessor::SOVStoreType::Average,state.dataHeatBal->ZoneHWEq(hwEqNum).Name
InternalHeatGains.cc,"""Hot Water Equipment Convective Heating Energy""",OutputProcessor::Unit::J,state.dataHeatBal->ZoneHWEq(hwEqNum).ConGainEnergy,OutputProcessor::SOVTimeStepType::Zone,OutputProcessor::SOVStoreType::Summed,state.dataHeatBal->ZoneHWEq(hwEqNum).Name
InternalHeatGains.cc,"""Hot Water Equipment Convective Heating Rate""",OutputProcessor::Unit::W,state.dataHeatBal->ZoneHWEq(hwEqNum).ConGainRate,OutputProcessor::SOVTimeStepType::Zone,OutputProcessor::SOVStoreType::Average,state.dataHeatBal->ZoneHWEq(hwEqNum).Name
InternalHeatGains.cc,"""Hot Water Equipment Latent Gain Energy""",OutputProcessor::Unit::J,state.dataHeatBal->ZoneHWEq(hwEqNum).LatGainEnergy,OutputProcessor::SOVTimeStepType::Zone,OutputProcessor::SOVStoreType::Summed,state.dataHeatBal->ZoneHWEq(hwEqNum).Name
InternalHeatGains.cc,"""Hot Water Equipment Latent Gain Rate""",OutputProcessor::Unit::W,state.dataHeatBal->ZoneHWEq(hwEqNum).LatGainRate,OutputProcessor::SOVTimeStepType::Zone,OutputProcessor::SOVStoreType::Average,state.dataHeatBal->ZoneHWEq(hwEqNum).Name
InternalHeatGains.cc,"""Hot Water Equipment Lost Heat Energy""",OutputProcessor::Unit::J,state.dataHeatBal->ZoneHWEq(hwEqNum).LostEnergy,OutputProcessor::SOVTimeStepType::Zone,OutputProcessor::SOVStoreType::Summed,state.dataHeatBal->ZoneHWEq(hwEqNum).Name
InternalHeatGains.cc,"""Hot Water Equipment Lost Heat Rate""",OutputProcessor::Unit::W,state.dataHeatBal->ZoneHWEq(hwEqNum).LostRate,OutputProcessor::SOVTimeStepType::Zone,OutputProcessor::SOVStoreType::Average,state.dataHeatBal->ZoneHWEq(hwEqNum).Name
InternalHeatGains.cc,"""Hot Water Equipment Total Heating Energy""",OutputProcessor::Unit::J,state.dataHeatBal->ZoneHWEq(hwEqNum).TotGainEnergy,OutputProcessor::SOVTimeStepType::Zone,OutputProcessor::SOVStoreType::Summed,state.dataHeatBal->ZoneHWEq(hwEqNum).Name
InternalHeatGains.cc,"""Hot Water Equipment Total Heating Rate""",OutputProcessor::Unit::W,state.dataHeatBal->ZoneHWEq(hwEqNum).TotGainRate,OutputProcessor::SOVTimeStepType::Zone,OutputProcessor::SOVStoreType::Average,state.dataHeatBal->ZoneHWEq(hwEqNum).Name
InternalHeatGains.cc,"""Zone Hot Water Equipment District Heating Rate""",OutputProcessor::Unit::W,state.dataHeatBal->ZoneRpt(zoneNum).HWPower,OutputProcessor::SOVTimeStepType::Zone,OutputProcessor::SOVStoreType::Average,state.dataHeatBal->Zone(zoneNum).Name
InternalHeatGains.cc,"""Zone Hot Water Equipment District Heating Energy""",OutputProcessor::Unit::J,state.dataHeatBal->ZoneRpt(zoneNum).HWConsump,OutputProcessor::SOVTimeStepType::Zone,OutputProcessor::SOVStoreType::Summed,state.dataHeatBal->Zone(zoneNum).Name
InternalHeatGains.cc,"""Zone Hot Water Equipment Radiant Heating Energy""",OutputProcessor::Unit::J,state.dataHeatBal->ZoneRpt(zoneNum).HWRadGain,OutputProcessor::SOVTimeStepType::Zone,OutputProcessor::SOVStoreType::Summed,state.dataHeatBal->Zone(zoneNum).Name
InternalHeatGains.cc,"""Zone Hot Water Equipment Radiant Heating Rate""",OutputProcessor::Unit::W,state.dataHeatBal->ZoneRpt(zoneNum).HWRadGainRate,OutputProcessor::SOVTimeStepType::Zone,OutputProcessor::SOVStoreType::Average,state.dataHeatBal->Zone(zoneNum).Name
InternalHeatGains.cc,"""Zone Hot Water Equipment Convective Heating Energy""",OutputProcessor::Unit::J,state.dataHeatBal->ZoneRpt(zoneNum).HWConGain,OutputProcessor::SOVTimeStepType::Zone,OutputProcessor::SOVStoreType::Summed,state.dataHeatBal->Zone(zoneNum).Name
InternalHeatGains.cc,"""Zone Hot Water Equipment Convective Heating Rate""",OutputProcessor::Unit::W,state.dataHeatBal->ZoneRpt(zoneNum).HWConGainRate,OutputProcessor::SOVTimeStepType::Zone,OutputProcessor::SOVStoreType::Average,state.dataHeatBal->Zone(zoneNum).Name
InternalHeatGains.cc,"""Zone Hot Water Equipment Latent Gain Energy""",OutputProcessor::Unit::J,state.dataHeatBal->ZoneRpt(zoneNum).HWLatGain,OutputProcessor::SOVTimeStepType::Zone,OutputProcessor::SOVStoreType::Summed,state.dataHeatBal->Zone(zoneNum).Name
InternalHeatGains.cc,"""Zone Hot Water Equipment Latent Gain Rate""",OutputProcessor::Unit::W,state.dataHeatBal->ZoneRpt(zoneNum).HWLatGainRate,OutputProcessor::SOVTimeStepType::Zone,OutputProcessor::SOVStoreType::Average,state.dataHeatBal->Zone(zoneNum).Name
InternalHeatGains.cc,"""Zone Hot Water Equipment Lost Heat Energy""",OutputProcessor::Unit::J,state.dataHeatBal->ZoneRpt(zoneNum).HWLost,OutputProcessor::SOVTimeStepType::Zone,OutputProcessor::SOVStoreType::Summed,state.dataHeatBal->Zone(zoneNum).Name
InternalHeatGains.cc,"""Zone Hot Water Equipment Lost Heat Rate""",OutputProcessor::Unit::W,state.dataHeatBal->ZoneRpt(zoneNum).HWLostRate,OutputProcessor::SOVTimeStepType::Zone,OutputProcessor::SOVStoreType::Average,state.dataHeatBal->Zone(zoneNum).Name
InternalHeatGains.cc,"""Zone Hot Water Equipment Total Heating Energy""",OutputProcessor::Unit::J,state.dataHeatBal->ZoneRpt(zoneNum).HWTotGain,OutputProcessor::SOVTimeStepType::Zone,OutputProcessor::SOVStoreType::Summed,state.dataHeatBal->Zone(zoneNum).Name
InternalHeatGains.cc,"""Zone Hot Water Equipment Total Heating Rate""",OutputProcessor::Unit::W,state.dataHeatBal->ZoneRpt(zoneNum).HWTotGainRate,OutputProcessor::SOVTimeStepType::Zone,OutputProcessor::SOVStoreType::Average,state.dataHeatBal->Zone(zoneNum).Name
InternalHeatGains.cc,"""Space Hot Water Equipment District Heating Rate""",OutputProcessor::Unit::W,state.dataHeatBal->spaceRpt(spaceNum).HWPower,OutputProcessor::SOVTimeStepType::Zone,OutputProcessor::SOVStoreType::Average,state.dataHeatBal->space(spaceNum).Name
InternalHeatGains.cc,"""Space Hot Water Equipment District Heating Energy""",OutputProcessor::Unit::J,state.dataHeatBal->spaceRpt(spaceNum).HWConsump,OutputProcessor::SOVTimeStepType::Zone,OutputProcessor::SOVStoreType::Summed,state.dataHeatBal->space(spaceNum).Name
InternalHeatGains.cc,"""Space Hot Water Equipment Radiant Heating Energy""",OutputProcessor::Unit::J,state.dataHeatBal->spaceRpt(spaceNum).HWRadGain,OutputProcessor::SOVTimeStepType::Zone,OutputProcessor::SOVStoreType::Summed,state.dataHeatBal->space(spaceNum).Name
InternalHeatGains.cc,"""Space Hot Water Equipment Radiant Heating Rate""",OutputProcessor::Unit::W,state.dataHeatBal->spaceRpt(spaceNum).HWRadGainRate,OutputProcessor::SOVTimeStepType::Zone,OutputProcessor::SOVStoreType::Average,state.dataHeatBal->space(spaceNum).Name
InternalHeatGains.cc,"""Space Hot Water Equipment Convective Heating Energy""",OutputProcessor::Unit::J,state.dataHeatBal->spaceRpt(spaceNum).HWConGain,OutputProcessor::SOVTimeStepType::Zone,OutputProcessor::SOVStoreType::Summed,state.dataHeatBal->space(spaceNum).Name
InternalHeatGains.cc,"""Space Hot Water Equipment Convective Heating Rate""",OutputProcessor::Unit::W,state.dataHeatBal->spaceRpt(spaceNum).HWConGainRate,OutputProcessor::SOVTimeStepType::Zone,OutputProcessor::SOVStoreType::Average,state.dataHeatBal->space(spaceNum).Name
InternalHeatGains.cc,"""Space Hot Water Equipment Latent Gain Energy""",OutputProcessor::Unit::J,state.dataHeatBal->spaceRpt(spaceNum).HWLatGain,OutputProcessor::SOVTimeStepType::Zone,OutputProcessor::SOVStoreType::Summed,state.dataHeatBal->space(spaceNum).Name
InternalHeatGains.cc,"""Space Hot Water Equipment Latent Gain Rate""",OutputProcessor::Unit::W,state.dataHeatBal->spaceRpt(spaceNum).HWLatGainRate,OutputProcessor::SOVTimeStepType::Zone,OutputProcessor::SOVStoreType::Average,state.dataHeatBal->space(spaceNum).Name
InternalHeatGains.cc,"""Space Hot Water Equipment Lost Heat Energy""",OutputProcessor::Unit::J,state.dataHeatBal->spaceRpt(spaceNum).HWLost,OutputProcessor::SOVTimeStepType::Zone,OutputProcessor::SOVStoreType::Summed,state.dataHeatBal->space(spaceNum).Name
InternalHeatGains.cc,"""Space Hot Water Equipment Lost Heat Rate""",OutputProcessor::Unit::W,state.dataHeatBal->spaceRpt(spaceNum).HWLostRate,OutputProcessor::SOVTimeStepType::Zone,OutputProcessor::SOVStoreType::Average,state.dataHeatBal->space(spaceNum).Name
InternalHeatGains.cc,"""Space Hot Water Equipment Total Heating Energy""",OutputProcessor::Unit::J,state.dataHeatBal->spaceRpt(spaceNum).HWTotGain,OutputProcessor::SOVTimeStepType::Zone,OutputProcessor::SOVStoreType::Summed,state.dataHeatBal->space(spaceNum).Name
InternalHeatGains.cc,"""Space Hot Water Equipment Total Heating Rate""",OutputProcessor::Unit::W,state.dataHeatBal->spaceRpt(spaceNum).HWTotGainRate,OutputProcessor::SOVTimeStepType::Zone,OutputProcessor::SOVStoreType::Average,state.dataHeatBal->space(spaceNum).Name
InternalHeatGains.cc,"""Steam Equipment District Heating Rate""",OutputProcessor::Unit::W,state.dataHeatBal->ZoneSteamEq(stmEqNum).Power,OutputProcessor::SOVTimeStepType::Zone,OutputProcessor::SOVStoreType::Average,state.dataHeatBal->ZoneSteamEq(stmEqNum).Name
InternalHeatGains.cc,"""Steam Equipment District Heating Energy""",OutputProcessor::Unit::J,state.dataHeatBal->ZoneSteamEq(stmEqNum).Consumption,OutputProcessor::SOVTimeStepType::Zone,OutputProcessor::SOVStoreType::Summed,state.dataHeatBal->ZoneSteamEq(stmEqNum).Name
InternalHeatGains.cc,"""Steam Equipment Radiant Heating Energy""",OutputProcessor::Unit::J,state.dataHeatBal->ZoneSteamEq(stmEqNum).RadGainEnergy,OutputProcessor::SOVTimeStepType::Zone,OutputProcessor::SOVStoreType::Summed,state.dataHeatBal->ZoneSteamEq(stmEqNum).Name
InternalHeatGains.cc,"""Steam Equipment Radiant Heating Rate""",OutputProcessor::Unit::W,state.dataHeatBal->ZoneSteamEq(stmEqNum).RadGainRate,OutputProcessor::SOVTimeStepType::Zone,OutputProcessor::SOVStoreType::Average,state.dataHeatBal->ZoneSteamEq(stmEqNum).Name
InternalHeatGains.cc,"""Steam Equipment Convective Heating Energy""",OutputProcessor::Unit::J,state.dataHeatBal->ZoneSteamEq(stmEqNum).ConGainEnergy,OutputProcessor::SOVTimeStepType::Zone,OutputProcessor::SOVStoreType::Summed,state.dataHeatBal->ZoneSteamEq(stmEqNum).Name
InternalHeatGains.cc,"""Steam Equipment Convective Heating Rate""",OutputProcessor::Unit::W,state.dataHeatBal->ZoneSteamEq(stmEqNum).ConGainRate,OutputProcessor::SOVTimeStepType::Zone,OutputProcessor::SOVStoreType::Average,state.dataHeatBal->ZoneSteamEq(stmEqNum).Name
InternalHeatGains.cc,"""Steam Equipment Latent Gain Energy""",OutputProcessor::Unit::J,state.dataHeatBal->ZoneSteamEq(stmEqNum).LatGainEnergy,OutputProcessor::SOVTimeStepType::Zone,OutputProcessor::SOVStoreType::Summed,state.dataHeatBal->ZoneSteamEq(stmEqNum).Name
InternalHeatGains.cc,"""Steam Equipment Latent Gain Rate""",OutputProcessor::Unit::W,state.dataHeatBal->ZoneSteamEq(stmEqNum).LatGainRate,OutputProcessor::SOVTimeStepType::Zone,OutputProcessor::SOVStoreType::Average,state.dataHeatBal->ZoneSteamEq(stmEqNum).Name
InternalHeatGains.cc,"""Steam Equipment Lost Heat Energy""",OutputProcessor::Unit::J,state.dataHeatBal->ZoneSteamEq(stmEqNum).LostEnergy,OutputProcessor::SOVTimeStepType::Zone,OutputProcessor::SOVStoreType::Summed,state.dataHeatBal->ZoneSteamEq(stmEqNum).Name
InternalHeatGains.cc,"""Steam Equipment Lost Heat Rate""",OutputProcessor::Unit::W,state.dataHeatBal->ZoneSteamEq(stmEqNum).LostRate,OutputProcessor::SOVTimeStepType::Zone,OutputProcessor::SOVStoreType::Average,state.dataHeatBal->ZoneSteamEq(stmEqNum).Name
InternalHeatGains.cc,"""Steam Equipment Total Heating Energy""",OutputProcessor::Unit::J,state.dataHeatBal->ZoneSteamEq(stmEqNum).TotGainEnergy,OutputProcessor::SOVTimeStepType::Zone,OutputProcessor::SOVStoreType::Summed,state.dataHeatBal->ZoneSteamEq(stmEqNum).Name
InternalHeatGains.cc,"""Steam Equipment Total Heating Rate""",OutputProcessor::Unit::W,state.dataHeatBal->ZoneSteamEq(stmEqNum).TotGainRate,OutputProcessor::SOVTimeStepType::Zone,OutputProcessor::SOVStoreType::Average,state.dataHeatBal->ZoneSteamEq(stmEqNum).Name
InternalHeatGains.cc,"""Zone Steam Equipment District Heating Rate""",OutputProcessor::Unit::W,state.dataHeatBal->ZoneRpt(zoneNum).SteamPower,OutputProcessor::SOVTimeStepType::Zone,OutputProcessor::SOVStoreType::Average,state.dataHeatBal->Zone(zoneNum).Name
InternalHeatGains.cc,"""Zone Steam Equipment District Heating Energy""",OutputProcessor::Unit::J,state.dataHeatBal->ZoneRpt(zoneNum).SteamConsump,OutputProcessor::SOVTimeStepType::Zone,OutputProcessor::SOVStoreType::Summed,state.dataHeatBal->Zone(zoneNum).Name
InternalHeatGains.cc,"""Zone Steam Equipment Radiant Heating Energy""",OutputProcessor::Unit::J,state.dataHeatBal->ZoneRpt(zoneNum).SteamRadGain,OutputProcessor::SOVTimeStepType::Zone,OutputProcessor::SOVStoreType::Summed,state.dataHeatBal->Zone(zoneNum).Name
InternalHeatGains.cc,"""Zone Steam Equipment Radiant Heating Rate""",OutputProcessor::Unit::W,state.dataHeatBal->ZoneRpt(zoneNum).SteamRadGainRate,OutputProcessor::SOVTimeStepType::Zone,OutputProcessor::SOVStoreType::Average,state.dataHeatBal->Zone(zoneNum).Name
InternalHeatGains.cc,"""Zone Steam Equipment Convective Heating Energy""",OutputProcessor::Unit::J,state.dataHeatBal->ZoneRpt(zoneNum).SteamConGain,OutputProcessor::SOVTimeStepType::Zone,OutputProcessor::SOVStoreType::Summed,state.dataHeatBal->Zone(zoneNum).Name
InternalHeatGains.cc,"""Zone Steam Equipment Convective Heating Rate""",OutputProcessor::Unit::W,state.dataHeatBal->ZoneRpt(zoneNum).SteamConGainRate,OutputProcessor::SOVTimeStepType::Zone,OutputProcessor::SOVStoreType::Average,state.dataHeatBal->Zone(zoneNum).Name
InternalHeatGains.cc,"""Zone Steam Equipment Latent Gain Energy""",OutputProcessor::Unit::J,state.dataHeatBal->ZoneRpt(zoneNum).SteamLatGain,OutputProcessor::SOVTimeStepType::Zone,OutputProcessor::SOVStoreType::Summed,state.dataHeatBal->Zone(zoneNum).Name
InternalHeatGains.cc,"""Zone Steam Equipment Latent Gain Rate""",OutputProcessor::Unit::W,state.dataHeatBal->ZoneRpt(zoneNum).SteamLatGainRate,OutputProcessor::SOVTimeStepType::Zone,OutputProcessor::SOVStoreType::Average,state.dataHeatBal->Zone(zoneNum).Name
InternalHeatGains.cc,"""Zone Steam Equipment Lost Heat Energy""",OutputProcessor::Unit::J,state.dataHeatBal->ZoneRpt(zoneNum).SteamLost,OutputProcessor::SOVTimeStepType::Zone,OutputProcessor::SOVStoreType::Summed,state.dataHeatBal->Zone(zoneNum).Name
InternalHeatGains.cc,"""Zone Steam Equipment Lost Heat Rate""",OutputProcessor::Unit::W,state.dataHeatBal->ZoneRpt(zoneNum).SteamLostRate,OutputProcessor::SOVTimeStepType::Zone,OutputProcessor::SOVStoreType::Average,state.dataHeatBal->Zone(zoneNum).Name
InternalHeatGains.cc,"""Zone Steam Equipment Total Heating Energy""",OutputProcessor::Unit::J,state.dataHeatBal->ZoneRpt(zoneNum).SteamTotGain,OutputProcessor::SOVTimeStepType::Zone,OutputProcessor::SOVStoreType::Summed,state.dataHeatBal->Zone(zoneNum).Name
InternalHeatGains.cc,"""Zone Steam Equipment Total Heating Rate""",OutputProcessor::Unit::W,state.dataHeatBal->ZoneRpt(zoneNum).SteamTotGainRate,OutputProcessor::SOVTimeStepType::Zone,OutputProcessor::SOVStoreType::Average,state.dataHeatBal->Zone(zoneNum).Name
InternalHeatGains.cc,"""Space Steam Equipment District Heating Rate""",OutputProcessor::Unit::W,state.dataHeatBal->spaceRpt(spaceNum).SteamPower,OutputProcessor::SOVTimeStepType::Zone,OutputProcessor::SOVStoreType::Average,state.dataHeatBal->space(spaceNum).Name
InternalHeatGains.cc,"""Space Steam Equipment District Heating Energy""",OutputProcessor::Unit::J,state.dataHeatBal->spaceRpt(spaceNum).SteamConsump,OutputProcessor::SOVTimeStepType::Zone,OutputProcessor::SOVStoreType::Summed,state.dataHeatBal->space(spaceNum).Name
InternalHeatGains.cc,"""Space Steam Equipment Radiant Heating Energy""",OutputProcessor::Unit::J,state.dataHeatBal->spaceRpt(spaceNum).SteamRadGain,OutputProcessor::SOVTimeStepType::Zone,OutputProcessor::SOVStoreType::Summed,state.dataHeatBal->space(spaceNum).Name
InternalHeatGains.cc,"""Space Steam Equipment Radiant Heating Rate""",OutputProcessor::Unit::W,state.dataHeatBal->spaceRpt(spaceNum).SteamRadGainRate,OutputProcessor::SOVTimeStepType::Zone,OutputProcessor::SOVStoreType::Average,state.dataHeatBal->space(spaceNum).Name
InternalHeatGains.cc,"""Space Steam Equipment Convective Heating Energy""",OutputProcessor::Unit::J,state.dataHeatBal->spaceRpt(spaceNum).SteamConGain,OutputProcessor::SOVTimeStepType::Zone,OutputProcessor::SOVStoreType::Summed,state.dataHeatBal->space(spaceNum).Name
InternalHeatGains.cc,"""Space Steam Equipment Convective Heating Rate""",OutputProcessor::Unit::W,state.dataHeatBal->spaceRpt(spaceNum).SteamConGainRate,OutputProcessor::SOVTimeStepType::Zone,OutputProcessor::SOVStoreType::Average,state.dataHeatBal->space(spaceNum).Name
InternalHeatGains.cc,"""Space Steam Equipment Latent Gain Energy""",OutputProcessor::Unit::J,state.dataHeatBal->spaceRpt(spaceNum).SteamLatGain,OutputProcessor::SOVTimeStepType::Zone,OutputProcessor::SOVStoreType::Summed,state.dataHeatBal->space(spaceNum).Name
InternalHeatGains.cc,"""Space Steam Equipment Latent Gain Rate""",OutputProcessor::Unit::W,state.dataHeatBal->spaceRpt(spaceNum).SteamLatGainRate,OutputProcessor::SOVTimeStepType::Zone,OutputProcessor::SOVStoreType::Average,state.dataHeatBal->space(spaceNum).Name
InternalHeatGains.cc,"""Space Steam Equipment Lost Heat Energy""",OutputProcessor::Unit::J,state.dataHeatBal->spaceRpt(spaceNum).SteamLost,OutputProcessor::SOVTimeStepType::Zone,OutputProcessor::SOVStoreType::Summed,state.dataHeatBal->space(spaceNum).Name
InternalHeatGains.cc,"""Space Steam Equipment Lost Heat Rate""",OutputProcessor::Unit::W,state.dataHeatBal->spaceRpt(spaceNum).SteamLostRate,OutputProcessor::SOVTimeStepType::Zone,OutputProcessor::SOVStoreType::Average,state.dataHeatBal->space(spaceNum).Name
InternalHeatGains.cc,"""Space Steam Equipment Total Heating Energy""",OutputProcessor::Unit::J,state.dataHeatBal->spaceRpt(spaceNum).SteamTotGain,OutputProcessor::SOVTimeStepType::Zone,OutputProcessor::SOVStoreType::Summed,state.dataHeatBal->space(spaceNum).Name
InternalHeatGains.cc,"""Space Steam Equipment Total Heating Rate""",OutputProcessor::Unit::W,state.dataHeatBal->spaceRpt(spaceNum).SteamTotGainRate,OutputProcessor::SOVTimeStepType::Zone,OutputProcessor::SOVStoreType::Average,state.dataHeatBal->space(spaceNum).Name
InternalHeatGains.cc,"""Other Equipment "" + fuelTypeString + "" Rate""",OutputProcessor::Unit::W,state.dataHeatBal->ZoneOtherEq(othEqNum).Power,OutputProcessor::SOVTimeStepType::Zone,OutputProcessor::SOVStoreType::Average,state.dataHeatBal->ZoneOtherEq(othEqNum).Name
InternalHeatGains.cc,"""Other Equipment "" + fuelTypeString + "" Energy""",OutputProcessor::Unit::J,state.dataHeatBal->ZoneOtherEq(othEqNum).Consumption,OutputProcessor::SOVTimeStepType::Zone,OutputProcessor::SOVStoreType::Summed,state.dataHeatBal->ZoneOtherEq(othEqNum).Name
InternalHeatGains.cc,"""Other Equipment Radiant Heating Energy""",OutputProcessor::Unit::J,state.dataHeatBal->ZoneOtherEq(othEqNum).RadGainEnergy,OutputProcessor::SOVTimeStepType::Zone,OutputProcessor::SOVStoreType::Summed,state.dataHeatBal->ZoneOtherEq(othEqNum).Name
InternalHeatGains.cc,"""Other Equipment Radiant Heating Rate""",OutputProcessor::Unit::W,state.dataHeatBal->ZoneOtherEq(othEqNum).RadGainRate,OutputProcessor::SOVTimeStepType::Zone,OutputProcessor::SOVStoreType::Average,state.dataHeatBal->ZoneOtherEq(othEqNum).Name
InternalHeatGains.cc,"""Other Equipment Convective Heating Energy""",OutputProcessor::Unit::J,state.dataHeatBal->ZoneOtherEq(othEqNum).ConGainEnergy,OutputProcessor::SOVTimeStepType::Zone,OutputProcessor::SOVStoreType::Summed,state.dataHeatBal->ZoneOtherEq(othEqNum).Name
InternalHeatGains.cc,"""Other Equipment Convective Heating Rate""",OutputProcessor::Unit::W,state.dataHeatBal->ZoneOtherEq(othEqNum).ConGainRate,OutputProcessor::SOVTimeStepType::Zone,OutputProcessor::SOVStoreType::Average,state.dataHeatBal->ZoneOtherEq(othEqNum).Name
InternalHeatGains.cc,"""Other Equipment Latent Gain Energy""",OutputProcessor::Unit::J,state.dataHeatBal->ZoneOtherEq(othEqNum).LatGainEnergy,OutputProcessor::SOVTimeStepType::Zone,OutputProcessor::SOVStoreType::Summed,state.dataHeatBal->ZoneOtherEq(othEqNum).Name
InternalHeatGains.cc,"""Other Equipment Latent Gain Rate""",OutputProcessor::Unit::W,state.dataHeatBal->ZoneOtherEq(othEqNum).LatGainRate,OutputProcessor::SOVTimeStepType::Zone,OutputProcessor::SOVStoreType::Average,state.dataHeatBal->ZoneOtherEq(othEqNum).Name
InternalHeatGains.cc,"""Other Equipment Lost Heat Energy""",OutputProcessor::Unit::J,state.dataHeatBal->ZoneOtherEq(othEqNum).LostEnergy,OutputProcessor::SOVTimeStepType::Zone,OutputProcessor::SOVStoreType::Summed,state.dataHeatBal->ZoneOtherEq(othEqNum).Name
InternalHeatGains.cc,"""Other Equipment Lost Heat Rate""",OutputProcessor::Unit::W,state.dataHeatBal->ZoneOtherEq(othEqNum).LostRate,OutputProcessor::SOVTimeStepType::Zone,OutputProcessor::SOVStoreType::Average,state.dataHeatBal->ZoneOtherEq(othEqNum).Name
InternalHeatGains.cc,"""Other Equipment Total Heating Energy""",OutputProcessor::Unit::J,state.dataHeatBal->ZoneOtherEq(othEqNum).TotGainEnergy,OutputProcessor::SOVTimeStepType::Zone,OutputProcessor::SOVStoreType::Summed,state.dataHeatBal->ZoneOtherEq(othEqNum).Name
InternalHeatGains.cc,"""Other Equipment Total Heating Rate""",OutputProcessor::Unit::W,state.dataHeatBal->ZoneOtherEq(othEqNum).TotGainRate,OutputProcessor::SOVTimeStepType::Zone,OutputProcessor::SOVStoreType::Average,state.dataHeatBal->ZoneOtherEq(othEqNum).Name
InternalHeatGains.cc,"""Zone Other Equipment "" + state.dataHeatBal->Zone(zoneNum).otherEquipFuelTypeNames[i] + "" Rate""",OutputProcessor::Unit::W,state.dataHeatBal->ZoneRpt(zoneNum).OtherPower[(int)fuelType],OutputProcessor::SOVTimeStepType::Zone,OutputProcessor::SOVStoreType::Average,state.dataHeatBal->Zone(zoneNum).Name
InternalHeatGains.cc,"""Zone Other Equipment "" + state.dataHeatBal->Zone(zoneNum).otherEquipFuelTypeNames[i] + "" Energy""",OutputProcessor::Unit::J,state.dataHeatBal->ZoneRpt(zoneNum).OtherConsump[(int)fuelType],OutputProcessor::SOVTimeStepType::Zone,OutputProcessor::SOVStoreType::Summed,state.dataHeatBal->Zone(zoneNum).Name
InternalHeatGains.cc,"""Zone Other Equipment Radiant Heating Energy""",OutputProcessor::Unit::J,state.dataHeatBal->ZoneRpt(zoneNum).OtherRadGain,OutputProcessor::SOVTimeStepType::Zone,OutputProcessor::SOVStoreType::Summed,state.dataHeatBal->Zone(zoneNum).Name
InternalHeatGains.cc,"""Zone Other Equipment Radiant Heating Rate""",OutputProcessor::Unit::W,state.dataHeatBal->ZoneRpt(zoneNum).OtherRadGainRate,OutputProcessor::SOVTimeStepType::Zone,OutputProcessor::SOVStoreType::Average,state.dataHeatBal->Zone(zoneNum).Name
InternalHeatGains.cc,"""Zone Other Equipment Convective Heating Energy""",OutputProcessor::Unit::J,state.dataHeatBal->ZoneRpt(zoneNum).OtherConGain,OutputProcessor::SOVTimeStepType::Zone,OutputProcessor::SOVStoreType::Summed,state.dataHeatBal->Zone(zoneNum).Name
InternalHeatGains.cc,"""Zone Other Equipment Convective Heating Rate""",OutputProcessor::Unit::W,state.dataHeatBal->ZoneRpt(zoneNum).OtherConGainRate,OutputProcessor::SOVTimeStepType::Zone,OutputProcessor::SOVStoreType::Average,state.dataHeatBal->Zone(zoneNum).Name
InternalHeatGains.cc,"""Zone Other Equipment Latent Gain Energy""",OutputProcessor::Unit::J,state.dataHeatBal->ZoneRpt(zoneNum).OtherLatGain,OutputProcessor::SOVTimeStepType::Zone,OutputProcessor::SOVStoreType::Summed,state.dataHeatBal->Zone(zoneNum).Name
InternalHeatGains.cc,"""Zone Other Equipment Latent Gain Rate""",OutputProcessor::Unit::W,state.dataHeatBal->ZoneRpt(zoneNum).OtherLatGainRate,OutputProcessor::SOVTimeStepType::Zone,OutputProcessor::SOVStoreType::Average,state.dataHeatBal->Zone(zoneNum).Name
InternalHeatGains.cc,"""Zone Other Equipment Lost Heat Energy""",OutputProcessor::Unit::J,state.dataHeatBal->ZoneRpt(zoneNum).OtherLost,OutputProcessor::SOVTimeStepType::Zone,OutputProcessor::SOVStoreType::Summed,state.dataHeatBal->Zone(zoneNum).Name
InternalHeatGains.cc,"""Zone Other Equipment Lost Heat Rate""",OutputProcessor::Unit::W,state.dataHeatBal->ZoneRpt(zoneNum).OtherLostRate,OutputProcessor::SOVTimeStepType::Zone,OutputProcessor::SOVStoreType::Average,state.dataHeatBal->Zone(zoneNum).Name
InternalHeatGains.cc,"""Zone Other Equipment Total Heating Energy""",OutputProcessor::Unit::J,state.dataHeatBal->ZoneRpt(zoneNum).OtherTotGain,OutputProcessor::SOVTimeStepType::Zone,OutputProcessor::SOVStoreType::Summed,state.dataHeatBal->Zone(zoneNum).Name
InternalHeatGains.cc,"""Zone Other Equipment Total Heating Rate""",OutputProcessor::Unit::W,state.dataHeatBal->ZoneRpt(zoneNum).OtherTotGainRate,OutputProcessor::SOVTimeStepType::Zone,OutputProcessor::SOVStoreType::Average,state.dataHeatBal->Zone(zoneNum).Name
InternalHeatGains.cc,"""Space Other Equipment "" + state.dataHeatBal->space(spaceNum).otherEquipFuelTypeNames[i] + "" Rate""",OutputProcessor::Unit::W,state.dataHeatBal->spaceRpt(spaceNum).OtherPower[(int)fuelType],OutputProcessor::SOVTimeStepType::Zone,OutputProcessor::SOVStoreType::Average,state.dataHeatBal->space(spaceNum).Name
InternalHeatGains.cc,"""Space Other Equipment "" + state.dataHeatBal->space(spaceNum).otherEquipFuelTypeNames[i] + "" Energy""",OutputProcessor::Unit::J,state.dataHeatBal->spaceRpt(spaceNum).OtherConsump[(int)fuelType],OutputProcessor::SOVTimeStepType::Zone,OutputProcessor::SOVStoreType::Summed,state.dataHeatBal->space(spaceNum).Name
InternalHeatGains.cc,"""Space Other Equipment Radiant Heating Energy""",OutputProcessor::Unit::J,state.dataHeatBal->spaceRpt(spaceNum).OtherRadGain,OutputProcessor::SOVTimeStepType::Zone,OutputProcessor::SOVStoreType::Summed,state.dataHeatBal->space(spaceNum).Name
InternalHeatGains.cc,"""Space Other Equipment Radiant Heating Rate""",OutputProcessor::Unit::W,state.dataHeatBal->spaceRpt(spaceNum).OtherRadGainRate,OutputProcessor::SOVTimeStepType::Zone,OutputProcessor::SOVStoreType::Average,state.dataHeatBal->space(spaceNum).Name
InternalHeatGains.cc,"""Space Other Equipment Convective Heating Energy""",OutputProcessor::Unit::J,state.dataHeatBal->spaceRpt(spaceNum).OtherConGain,OutputProcessor::SOVTimeStepType::Zone,OutputProcessor::SOVStoreType::Summed,state.dataHeatBal->space(spaceNum).Name
InternalHeatGains.cc,"""Space Other Equipment Convective Heating Rate""",OutputProcessor::Unit::W,state.dataHeatBal->spaceRpt(spaceNum).OtherConGainRate,OutputProcessor::SOVTimeStepType::Zone,OutputProcessor::SOVStoreType::Average,state.dataHeatBal->space(spaceNum).Name
InternalHeatGains.cc,"""Space Other Equipment Latent Gain Energy""",OutputProcessor::Unit::J,state.dataHeatBal->spaceRpt(spaceNum).OtherLatGain,OutputProcessor::SOVTimeStepType::Zone,OutputProcessor::SOVStoreType::Summed,state.dataHeatBal->space(spaceNum).Name
InternalHeatGains.cc,"""Space Other Equipment Latent Gain Rate""",OutputProcessor::Unit::W,state.dataHeatBal->spaceRpt(spaceNum).OtherLatGainRate,OutputProcessor::SOVTimeStepType::Zone,OutputProcessor::SOVStoreType::Average,state.dataHeatBal->space(spaceNum).Name
InternalHeatGains.cc,"""Space Other Equipment Lost Heat Energy""",OutputProcessor::Unit::J,state.dataHeatBal->spaceRpt(spaceNum).OtherLost,OutputProcessor::SOVTimeStepType::Zone,OutputProcessor::SOVStoreType::Summed,state.dataHeatBal->space(spaceNum).Name
InternalHeatGains.cc,"""Space Other Equipment Lost Heat Rate""",OutputProcessor::Unit::W,state.dataHeatBal->spaceRpt(spaceNum).OtherLostRate,OutputProcessor::SOVTimeStepType::Zone,OutputProcessor::SOVStoreType::Average,state.dataHeatBal->space(spaceNum).Name
InternalHeatGains.cc,"""Space Other Equipment Total Heating Energy""",OutputProcessor::Unit::J,state.dataHeatBal->spaceRpt(spaceNum).OtherTotGain,OutputProcessor::SOVTimeStepType::Zone,OutputProcessor::SOVStoreType::Summed,state.dataHeatBal->space(spaceNum).Name
InternalHeatGains.cc,"""Space Other Equipment Total Heating Rate""",OutputProcessor::Unit::W,state.dataHeatBal->spaceRpt(spaceNum).OtherTotGainRate,OutputProcessor::SOVTimeStepType::Zone,OutputProcessor::SOVStoreType::Average,state.dataHeatBal->space(spaceNum).Name
InternalHeatGains.cc,PowerOutputVariableStrings[i],OutputProcessor::Unit::W,state.dataHeatBal->ZoneITEq(itEqNum).PowerRpt[i],OutputProcessor::SOVTimeStepType::Zone,OutputProcessor::SOVStoreType::Average,state.dataHeatBal->ZoneITEq(itEqNum).Name
InternalHeatGains.cc,"""ITE CPU Electricity Energy""",OutputProcessor::Unit::J,state.dataHeatBal->ZoneITEq(itEqNum).EnergyRpt[(int)PERptVars::CPU],OutputProcessor::SOVTimeStepType::Zone,OutputProcessor::SOVStoreType::Summed,state.dataHeatBal->ZoneITEq(itEqNum).Name
InternalHeatGains.cc,"""ITE Fan Electricity Energy""",OutputProcessor::Unit::J,state.dataHeatBal->ZoneITEq(itEqNum).EnergyRpt[(int)PERptVars::Fan],OutputProcessor::SOVTimeStepType::Zone,OutputProcessor::SOVStoreType::Summed,state.dataHeatBal->ZoneITEq(itEqNum).Name
InternalHeatGains.cc,"""ITE UPS Electricity Energy""",OutputProcessor::Unit::J,state.dataHeatBal->ZoneITEq(itEqNum).EnergyRpt[(int)PERptVars::UPS],OutputProcessor::SOVTimeStepType::Zone,OutputProcessor::SOVStoreType::Summed,state.dataHeatBal->ZoneITEq(itEqNum).Name
InternalHeatGains.cc,"""ITE CPU Electricity Energy at Design Inlet Conditions""",OutputProcessor::Unit::J,state.dataHeatBal->ZoneITEq(itEqNum).EnergyRpt[(int)PERptVars::CPUAtDesign],OutputProcessor::SOVTimeStepType::Zone,OutputProcessor::SOVStoreType::Summed,state.dataHeatBal->ZoneITEq(itEqNum).Name
InternalHeatGains.cc,"""ITE Fan Electricity Energy at Design Inlet Conditions""",OutputProcessor::Unit::J,state.dataHeatBal->ZoneITEq(itEqNum).EnergyRpt[(int)PERptVars::FanAtDesign],OutputProcessor::SOVTimeStepType::Zone,OutputProcessor::SOVStoreType::Summed,state.dataHeatBal->ZoneITEq(itEqNum).Name
InternalHeatGains.cc,"""ITE UPS Heat Gain to Zone Energy""",OutputProcessor::Unit::J,state.dataHeatBal->ZoneITEq(itEqNum).EnergyRpt[(int)PERptVars::UPSGainToZone],OutputProcessor::SOVTimeStepType::Zone,OutputProcessor::SOVStoreType::Summed,state.dataHeatBal->ZoneITEq(itEqNum).Name
InternalHeatGains.cc,"""ITE Total Heat Gain to Zone Energy""",OutputProcessor::Unit::J,state.dataHeatBal->ZoneITEq(itEqNum).EnergyRpt[(int)PERptVars::ConGainToZone],OutputProcessor::SOVTimeStepType::Zone,OutputProcessor::SOVStoreType::Summed,state.dataHeatBal->ZoneITEq(itEqNum).Name
InternalHeatGains.cc,"""ITE Standard Density Air Volume Flow Rate""",OutputProcessor::Unit::m3_s,state.dataHeatBal->ZoneITEq(itEqNum).AirVolFlowStdDensity,OutputProcessor::SOVTimeStepType::Zone,OutputProcessor::SOVStoreType::Average,state.dataHeatBal->ZoneITEq(itEqNum).Name
InternalHeatGains.cc,"""ITE Current Density Air Volume Flow Rate""",OutputProcessor::Unit::m3_s,state.dataHeatBal->ZoneITEq(itEqNum).AirVolFlowCurDensity,OutputProcessor::SOVTimeStepType::Zone,OutputProcessor::SOVStoreType::Average,state.dataHeatBal->ZoneITEq(itEqNum).Name
InternalHeatGains.cc,"""ITE Air Mass Flow Rate""",OutputProcessor::Unit::kg_s,state.dataHeatBal->ZoneITEq(itEqNum).AirMassFlow,OutputProcessor::SOVTimeStepType::Zone,OutputProcessor::SOVStoreType::Average,state.dataHeatBal->ZoneITEq(itEqNum).Name
InternalHeatGains.cc,"""ITE Air Inlet Dry-Bulb Temperature""",OutputProcessor::Unit::C,state.dataHeatBal->ZoneITEq(itEqNum).AirInletDryBulbT,OutputProcessor::SOVTimeStepType::Zone,OutputProcessor::SOVStoreType::Average,state.dataHeatBal->ZoneITEq(itEqNum).Name
InternalHeatGains.cc,"""ITE Air Inlet Dewpoint Temperature""",OutputProcessor::Unit::C,state.dataHeatBal->ZoneITEq(itEqNum).AirInletDewpointT,OutputProcessor::SOVTimeStepType::Zone,OutputProcessor::SOVStoreType::Average,state.dataHeatBal->ZoneITEq(itEqNum).Name
InternalHeatGains.cc,"""ITE Air Inlet Relative Humidity""",OutputProcessor::Unit::Perc,state.dataHeatBal->ZoneITEq(itEqNum).AirInletRelHum,OutputProcessor::SOVTimeStepType::Zone,OutputProcessor::SOVStoreType::Average,state.dataHeatBal->ZoneITEq(itEqNum).Name
InternalHeatGains.cc,"""ITE Air Outlet Dry-Bulb Temperature""",OutputProcessor::Unit::C,state.dataHeatBal->ZoneITEq(itEqNum).AirOutletDryBulbT,OutputProcessor::SOVTimeStepType::Zone,OutputProcessor::SOVStoreType::Average,state.dataHeatBal->ZoneITEq(itEqNum).Name
InternalHeatGains.cc,"""ITE Supply Heat Index""",OutputProcessor::Unit::None,state.dataHeatBal->ZoneITEq(itEqNum).SHI,OutputProcessor::SOVTimeStepType::Zone,OutputProcessor::SOVStoreType::Average,state.dataHeatBal->ZoneITEq(itEqNum).Name
InternalHeatGains.cc,"""ITE Air Inlet Operating Range Exceeded Time""",OutputProcessor::Unit::hr,state.dataHeatBal->ZoneITEq(itEqNum).TimeOutOfOperRange,OutputProcessor::SOVTimeStepType::Zone,OutputProcessor::SOVStoreType::Summed,state.dataHeatBal->ZoneITEq(itEqNum).Name
InternalHeatGains.cc,"""ITE Air Inlet Dry-Bulb Temperature Above Operating Range Time""",OutputProcessor::Unit::hr,state.dataHeatBal->ZoneITEq(itEqNum).TimeAboveDryBulbT,OutputProcessor::SOVTimeStepType::Zone,OutputProcessor::SOVStoreType::Summed,state.dataHeatBal->ZoneITEq(itEqNum).Name
InternalHeatGains.cc,"""ITE Air Inlet Dry-Bulb Temperature Below Operating Range Time""",OutputProcessor::Unit::hr,state.dataHeatBal->ZoneITEq(itEqNum).TimeBelowDryBulbT,OutputProcessor::SOVTimeStepType::Zone,OutputProcessor::SOVStoreType::Summed,state.dataHeatBal->ZoneITEq(itEqNum).Name
InternalHeatGains.cc,"""ITE Air Inlet Dewpoint Temperature Above Operating Range Time""",OutputProcessor::Unit::hr,state.dataHeatBal->ZoneITEq(itEqNum).TimeAboveDewpointT,OutputProcessor::SOVTimeStepType::Zone,OutputProcessor::SOVStoreType::Summed,state.dataHeatBal->ZoneITEq(itEqNum).Name
InternalHeatGains.cc,"""ITE Air Inlet Dewpoint Temperature Below Operating Range Time""",OutputProcessor::Unit::hr,state.dataHeatBal->ZoneITEq(itEqNum).TimeBelowDewpointT,OutputProcessor::SOVTimeStepType::Zone,OutputProcessor::SOVStoreType::Summed,state.dataHeatBal->ZoneITEq(itEqNum).Name
InternalHeatGains.cc,"""ITE Air Inlet Relative Humidity Above Operating Range Time""",OutputProcessor::Unit::hr,state.dataHeatBal->ZoneITEq(itEqNum).TimeAboveRH,OutputProcessor::SOVTimeStepType::Zone,OutputProcessor::SOVStoreType::Summed,state.dataHeatBal->ZoneITEq(itEqNum).Name
InternalHeatGains.cc,"""ITE Air Inlet Relative Humidity Below Operating Range Time""",OutputProcessor::Unit::hr,state.dataHeatBal->ZoneITEq(itEqNum).TimeBelowRH,OutputProcessor::SOVTimeStepType::Zone,OutputProcessor::SOVStoreType::Summed,state.dataHeatBal->ZoneITEq(itEqNum).Name
InternalHeatGains.cc,"""ITE Air Inlet Dry-Bulb Temperature Difference Above Operating Range""",OutputProcessor::Unit::deltaC,state.dataHeatBal->ZoneITEq(itEqNum).DryBulbTAboveDeltaT,OutputProcessor::SOVTimeStepType::Zone,OutputProcessor::SOVStoreType::Average,state.dataHeatBal->ZoneITEq(itEqNum).Name
InternalHeatGains.cc,"""ITE Air Inlet Dry-Bulb Temperature Difference Below Operating Range""",OutputProcessor::Unit::deltaC,state.dataHeatBal->ZoneITEq(itEqNum).DryBulbTBelowDeltaT,OutputProcessor::SOVTimeStepType::Zone,OutputProcessor::SOVStoreType::Average,state.dataHeatBal->ZoneITEq(itEqNum).Name
InternalHeatGains.cc,"""ITE Air Inlet Dewpoint Temperature Difference Above Operating Range""",OutputProcessor::Unit::deltaC,state.dataHeatBal->ZoneITEq(itEqNum).DewpointTAboveDeltaT,OutputProcessor::SOVTimeStepType::Zone,OutputProcessor::SOVStoreType::Average,state.dataHeatBal->ZoneITEq(itEqNum).Name
InternalHeatGains.cc,"""ITE Air Inlet Dewpoint Temperature Difference Below Operating Range""",OutputProcessor::Unit::deltaC,state.dataHeatBal->ZoneITEq(itEqNum).DewpointTBelowDeltaT,OutputProcessor::SOVTimeStepType::Zone,OutputProcessor::SOVStoreType::Average,state.dataHeatBal->ZoneITEq(itEqNum).Name
InternalHeatGains.cc,"""ITE Air Inlet Relative Humidity Difference Above Operating Range""",OutputProcessor::Unit::Perc,state.dataHeatBal->ZoneITEq(itEqNum).RHAboveDeltaRH,OutputProcessor::SOVTimeStepType::Zone,OutputProcessor::SOVStoreType::Average,state.dataHeatBal->ZoneITEq(itEqNum).Name
InternalHeatGains.cc,"""ITE Air Inlet Relative Humidity Difference Below Operating Range""",OutputProcessor::Unit::Perc,state.dataHeatBal->ZoneITEq(itEqNum).RHBelowDeltaRH,OutputProcessor::SOVTimeStepType::Zone,OutputProcessor::SOVStoreType::Average,state.dataHeatBal->ZoneITEq(itEqNum).Name
InternalHeatGains.cc,PowerOutputVariableStrings[i],OutputProcessor::Unit::W,state.dataHeatBal->ZoneRpt(zoneNum).PowerRpt[i],OutputProcessor::SOVTimeStepType::Zone,OutputProcessor::SOVStoreType::Average,state.dataHeatBal->Zone(zoneNum).Name
InternalHeatGains.cc,"""Zone ITE Adjusted Return Air Temperature""",OutputProcessor::Unit::W,state.dataHeatBal->ZoneRpt(zoneNum).ITEAdjReturnTemp,OutputProcessor::SOVTimeStepType::Zone,OutputProcessor::SOVStoreType::Average,state.dataHeatBal->Zone(zoneNum).Name
InternalHeatGains.cc,EnergyOutputVariableStrings[i],OutputProcessor::Unit::J,state.dataHeatBal->ZoneRpt(zoneNum).EnergyRpt[i],OutputProcessor::SOVTimeStepType::Zone,OutputProcessor::SOVStoreType::Summed,state.dataHeatBal->Zone(zoneNum).Name
InternalHeatGains.cc,"""Zone ITE Standard Density Air Volume Flow Rate""",OutputProcessor::Unit::m3_s,state.dataHeatBal->ZoneRpt(zoneNum).ITEqAirVolFlowStdDensity,OutputProcessor::SOVTimeStepType::Zone,OutputProcessor::SOVStoreType::Average,state.dataHeatBal->Zone(zoneNum).Name
InternalHeatGains.cc,"""Zone ITE Air Mass Flow Rate""",OutputProcessor::Unit::kg_s,state.dataHeatBal->ZoneRpt(zoneNum).ITEqAirMassFlow,OutputProcessor::SOVTimeStepType::Zone,OutputProcessor::SOVStoreType::Average,state.dataHeatBal->Zone(zoneNum).Name
InternalHeatGains.cc,"""Zone ITE Average Supply Heat Index""",OutputProcessor::Unit::None,state.dataHeatBal->ZoneRpt(zoneNum).ITEqSHI,OutputProcessor::SOVTimeStepType::Zone,OutputProcessor::SOVStoreType::Average,state.dataHeatBal->Zone(zoneNum).Name
InternalHeatGains.cc,"""Zone ITE Any Air Inlet Operating Range Exceeded Time""",OutputProcessor::Unit::hr,state.dataHeatBal->ZoneRpt(zoneNum).ITEqTimeOutOfOperRange,OutputProcessor::SOVTimeStepType::Zone,OutputProcessor::SOVStoreType::Summed,state.dataHeatBal->Zone(zoneNum).Name
InternalHeatGains.cc,"""Zone ITE Any Air Inlet Dry-Bulb Temperature Above Operating Range Time""",OutputProcessor::Unit::hr,state.dataHeatBal->ZoneRpt(zoneNum).ITEqTimeAboveDryBulbT,OutputProcessor::SOVTimeStepType::Zone,OutputProcessor::SOVStoreType::Summed,state.dataHeatBal->Zone(zoneNum).Name
InternalHeatGains.cc,"""Zone ITE Any Air Inlet Dry-Bulb Temperature Below Operating Range Time""",OutputProcessor::Unit::hr,state.dataHeatBal->ZoneRpt(zoneNum).ITEqTimeBelowDryBulbT,OutputProcessor::SOVTimeStepType::Zone,OutputProcessor::SOVStoreType::Summed,state.dataHeatBal->Zone(zoneNum).Name
InternalHeatGains.cc,"""Zone ITE Any Air Inlet Dewpoint Temperature Above Operating Range Time""",OutputProcessor::Unit::hr,state.dataHeatBal->ZoneRpt(zoneNum).ITEqTimeAboveDewpointT,OutputProcessor::SOVTimeStepType::Zone,OutputProcessor::SOVStoreType::Summed,state.dataHeatBal->Zone(zoneNum).Name
InternalHeatGains.cc,"""Zone ITE Any Air Inlet Dewpoint Temperature Below Operating Range Time""",OutputProcessor::Unit::hr,state.dataHeatBal->ZoneRpt(zoneNum).ITEqTimeBelowDewpointT,OutputProcessor::SOVTimeStepType::Zone,OutputProcessor::SOVStoreType::Summed,state.dataHeatBal->Zone(zoneNum).Name
InternalHeatGains.cc,"""Zone ITE Any Air Inlet Relative Humidity Above Operating Range Time""",OutputProcessor::Unit::hr,state.dataHeatBal->ZoneRpt(zoneNum).ITEqTimeAboveRH,OutputProcessor::SOVTimeStepType::Zone,OutputProcessor::SOVStoreType::Summed,state.dataHeatBal->Zone(zoneNum).Name
InternalHeatGains.cc,"""Zone ITE Any Air Inlet Relative Humidity Below Operating Range Time""",OutputProcessor::Unit::hr,state.dataHeatBal->ZoneRpt(zoneNum).ITEqTimeBelowRH,OutputProcessor::SOVTimeStepType::Zone,OutputProcessor::SOVStoreType::Summed,state.dataHeatBal->Zone(zoneNum).Name
InternalHeatGains.cc,PowerOutputVariableStrings[i],OutputProcessor::Unit::W,state.dataHeatBal->spaceRpt(spaceNum).PowerRpt[i],OutputProcessor::SOVTimeStepType::Zone,OutputProcessor::SOVStoreType::Average,state.dataHeatBal->space(spaceNum).Name
InternalHeatGains.cc,EnergyOutputVariableStrings[i],OutputProcessor::Unit::J,state.dataHeatBal->spaceRpt(spaceNum).EnergyRpt[i],OutputProcessor::SOVTimeStepType::Zone,OutputProcessor::SOVStoreType::Summed,state.dataHeatBal->space(spaceNum).Name
InternalHeatGains.cc,"""Space ITE Standard Density Air Volume Flow Rate""",OutputProcessor::Unit::m3_s,state.dataHeatBal->spaceRpt(spaceNum).ITEqAirVolFlowStdDensity,OutputProcessor::SOVTimeStepType::Zone,OutputProcessor::SOVStoreType::Average,state.dataHeatBal->space(spaceNum).Name
InternalHeatGains.cc,"""Space ITE Air Mass Flow Rate""",OutputProcessor::Unit::kg_s,state.dataHeatBal->spaceRpt(spaceNum).ITEqAirMassFlow,OutputProcessor::SOVTimeStepType::Zone,OutputProcessor::SOVStoreType::Average,state.dataHeatBal->space(spaceNum).Name
InternalHeatGains.cc,"""Space ITE Average Supply Heat Index""",OutputProcessor::Unit::None,state.dataHeatBal->spaceRpt(spaceNum).ITEqSHI,OutputProcessor::SOVTimeStepType::Zone,OutputProcessor::SOVStoreType::Average,state.dataHeatBal->space(spaceNum).Name
InternalHeatGains.cc,"""Space ITE Any Air Inlet Operating Range Exceeded Time""",OutputProcessor::Unit::hr,state.dataHeatBal->spaceRpt(spaceNum).ITEqTimeOutOfOperRange,OutputProcessor::SOVTimeStepType::Zone,OutputProcessor::SOVStoreType::Summed,state.dataHeatBal->space(spaceNum).Name
InternalHeatGains.cc,"""Space ITE Any Air Inlet Dry-Bulb Temperature Above Operating Range Time""",OutputProcessor::Unit::hr,state.dataHeatBal->spaceRpt(spaceNum).ITEqTimeAboveDryBulbT,OutputProcessor::SOVTimeStepType::Zone,OutputProcessor::SOVStoreType::Summed,state.dataHeatBal->space(spaceNum).Name
InternalHeatGains.cc,"""Space ITE Any Air Inlet Dry-Bulb Temperature Below Operating Range Time""",OutputProcessor::Unit::hr,state.dataHeatBal->spaceRpt(spaceNum).ITEqTimeBelowDryBulbT,OutputProcessor::SOVTimeStepType::Zone,OutputProcessor::SOVStoreType::Summed,state.dataHeatBal->space(spaceNum).Name
InternalHeatGains.cc,"""Space ITE Any Air Inlet Dewpoint Temperature Above Operating Range Time""",OutputProcessor::Unit::hr,state.dataHeatBal->spaceRpt(spaceNum).ITEqTimeAboveDewpointT,OutputProcessor::SOVTimeStepType::Zone,OutputProcessor::SOVStoreType::Summed,state.dataHeatBal->space(spaceNum).Name
InternalHeatGains.cc,"""Space ITE Any Air Inlet Dewpoint Temperature Below Operating Range Time""",OutputProcessor::Unit::hr,state.dataHeatBal->spaceRpt(spaceNum).ITEqTimeBelowDewpointT,OutputProcessor::SOVTimeStepType::Zone,OutputProcessor::SOVStoreType::Summed,state.dataHeatBal->space(spaceNum).Name
InternalHeatGains.cc,"""Space ITE Any Air Inlet Relative Humidity Above Operating Range Time""",OutputProcessor::Unit::hr,state.dataHeatBal->spaceRpt(spaceNum).ITEqTimeAboveRH,OutputProcessor::SOVTimeStepType::Zone,OutputProcessor::SOVStoreType::Summed,state.dataHeatBal->space(spaceNum).Name
InternalHeatGains.cc,"""Space ITE Any Air Inlet Relative Humidity Below Operating Range Time""",OutputProcessor::Unit::hr,state.dataHeatBal->spaceRpt(spaceNum).ITEqTimeBelowRH,OutputProcessor::SOVTimeStepType::Zone,OutputProcessor::SOVStoreType::Summed,state.dataHeatBal->space(spaceNum).Name
InternalHeatGains.cc,"""Baseboard Electricity Rate""",OutputProcessor::Unit::W,state.dataHeatBal->ZoneBBHeat(bbHeatNum).Power,OutputProcessor::SOVTimeStepType::Zone,OutputProcessor::SOVStoreType::Average,state.dataHeatBal->ZoneBBHeat(bbHeatNum).Name
InternalHeatGains.cc,"""Baseboard Electricity Energy""",OutputProcessor::Unit::J,state.dataHeatBal->ZoneBBHeat(bbHeatNum).Consumption,OutputProcessor::SOVTimeStepType::Zone,OutputProcessor::SOVStoreType::Summed,state.dataHeatBal->ZoneBBHeat(bbHeatNum).Name
InternalHeatGains.cc,"""Baseboard Radiant Heating Energy""",OutputProcessor::Unit::J,state.dataHeatBal->ZoneBBHeat(bbHeatNum).RadGainEnergy,OutputProcessor::SOVTimeStepType::Zone,OutputProcessor::SOVStoreType::Summed,state.dataHeatBal->ZoneBBHeat(bbHeatNum).Name
InternalHeatGains.cc,"""Baseboard Radiant Heating Rate""",OutputProcessor::Unit::W,state.dataHeatBal->ZoneBBHeat(bbHeatNum).RadGainRate,OutputProcessor::SOVTimeStepType::Zone,OutputProcessor::SOVStoreType::Average,state.dataHeatBal->ZoneBBHeat(bbHeatNum).Name
InternalHeatGains.cc,"""Baseboard Convective Heating Energy""",OutputProcessor::Unit::J,state.dataHeatBal->ZoneBBHeat(bbHeatNum).ConGainEnergy,OutputProcessor::SOVTimeStepType::Zone,OutputProcessor::SOVStoreType::Summed,state.dataHeatBal->ZoneBBHeat(bbHeatNum).Name
InternalHeatGains.cc,"""Baseboard Convective Heating Rate""",OutputProcessor::Unit::W,state.dataHeatBal->ZoneBBHeat(bbHeatNum).ConGainRate,OutputProcessor::SOVTimeStepType::Zone,OutputProcessor::SOVStoreType::Average,state.dataHeatBal->ZoneBBHeat(bbHeatNum).Name
InternalHeatGains.cc,"""Baseboard Total Heating Energy""",OutputProcessor::Unit::J,state.dataHeatBal->ZoneBBHeat(bbHeatNum).TotGainEnergy,OutputProcessor::SOVTimeStepType::Zone,OutputProcessor::SOVStoreType::Summed,state.dataHeatBal->ZoneBBHeat(bbHeatNum).Name
InternalHeatGains.cc,"""Baseboard Total Heating Rate""",OutputProcessor::Unit::W,state.dataHeatBal->ZoneBBHeat(bbHeatNum).TotGainRate,OutputProcessor::SOVTimeStepType::Zone,OutputProcessor::SOVStoreType::Average,state.dataHeatBal->ZoneBBHeat(bbHeatNum).Name
InternalHeatGains.cc,"""Zone Baseboard Electricity Rate""",OutputProcessor::Unit::W,state.dataHeatBal->ZoneRpt(zoneNum).BaseHeatPower,OutputProcessor::SOVTimeStepType::Zone,OutputProcessor::SOVStoreType::Average,state.dataHeatBal->Zone(zoneNum).Name
InternalHeatGains.cc,"""Zone Baseboard Electricity Energy""",OutputProcessor::Unit::J,state.dataHeatBal->ZoneRpt(zoneNum).BaseHeatElecCons,OutputProcessor::SOVTimeStepType::Zone,OutputProcessor::SOVStoreType::Summed,state.dataHeatBal->Zone(zoneNum).Name
InternalHeatGains.cc,"""Zone Baseboard Radiant Heating Energy""",OutputProcessor::Unit::J,state.dataHeatBal->ZoneRpt(zoneNum).BaseHeatRadGain,OutputProcessor::SOVTimeStepType::Zone,OutputProcessor::SOVStoreType::Summed,state.dataHeatBal->Zone(zoneNum).Name
InternalHeatGains.cc,"""Zone Baseboard Radiant Heating Rate""",OutputProcessor::Unit::W,state.dataHeatBal->ZoneRpt(zoneNum).BaseHeatRadGainRate,OutputProcessor::SOVTimeStepType::Zone,OutputProcessor::SOVStoreType::Average,state.dataHeatBal->Zone(zoneNum).Name
InternalHeatGains.cc,"""Zone Baseboard Convective Heating Energy""",OutputProcessor::Unit::J,state.dataHeatBal->ZoneRpt(zoneNum).BaseHeatConGain,OutputProcessor::SOVTimeStepType::Zone,OutputProcessor::SOVStoreType::Summed,state.dataHeatBal->Zone(zoneNum).Name
InternalHeatGains.cc,"""Zone Baseboard Convective Heating Rate""",OutputProcessor::Unit::W,state.dataHeatBal->ZoneRpt(zoneNum).BaseHeatConGainRate,OutputProcessor::SOVTimeStepType::Zone,OutputProcessor::SOVStoreType::Average,state.dataHeatBal->Zone(zoneNum).Name
InternalHeatGains.cc,"""Zone Baseboard Total Heating Energy""",OutputProcessor::Unit::J,state.dataHeatBal->ZoneRpt(zoneNum).BaseHeatTotGain,OutputProcessor::SOVTimeStepType::Zone,OutputProcessor::SOVStoreType::Summed,state.dataHeatBal->Zone(zoneNum).Name
InternalHeatGains.cc,"""Zone Baseboard Total Heating Rate""",OutputProcessor::Unit::W,state.dataHeatBal->ZoneRpt(zoneNum).BaseHeatTotGainRate,OutputProcessor::SOVTimeStepType::Zone,OutputProcessor::SOVStoreType::Average,state.dataHeatBal->Zone(zoneNum).Name
InternalHeatGains.cc,"""Space Baseboard Electricity Rate""",OutputProcessor::Unit::W,state.dataHeatBal->spaceRpt(spaceNum).BaseHeatPower,OutputProcessor::SOVTimeStepType::Zone,OutputProcessor::SOVStoreType::Average,state.dataHeatBal->space(spaceNum).Name
InternalHeatGains.cc,"""Space Baseboard Electricity Energy""",OutputProcessor::Unit::J,state.dataHeatBal->spaceRpt(spaceNum).BaseHeatElecCons,OutputProcessor::SOVTimeStepType::Zone,OutputProcessor::SOVStoreType::Summed,state.dataHeatBal->space(spaceNum).Name
InternalHeatGains.cc,"""Space Baseboard Radiant Heating Energy""",OutputProcessor::Unit::J,state.dataHeatBal->spaceRpt(spaceNum).BaseHeatRadGain,OutputProcessor::SOVTimeStepType::Zone,OutputProcessor::SOVStoreType::Summed,state.dataHeatBal->space(spaceNum).Name
InternalHeatGains.cc,"""Space Baseboard Radiant Heating Rate""",OutputProcessor::Unit::W,state.dataHeatBal->spaceRpt(spaceNum).BaseHeatRadGainRate,OutputProcessor::SOVTimeStepType::Zone,OutputProcessor::SOVStoreType::Average,state.dataHeatBal->space(spaceNum).Name
InternalHeatGains.cc,"""Space Baseboard Convective Heating Energy""",OutputProcessor::Unit::J,state.dataHeatBal->spaceRpt(spaceNum).BaseHeatConGain,OutputProcessor::SOVTimeStepType::Zone,OutputProcessor::SOVStoreType::Summed,state.dataHeatBal->space(spaceNum).Name
InternalHeatGains.cc,"""Space Baseboard Convective Heating Rate""",OutputProcessor::Unit::W,state.dataHeatBal->spaceRpt(spaceNum).BaseHeatConGainRate,OutputProcessor::SOVTimeStepType::Zone,OutputProcessor::SOVStoreType::Average,state.dataHeatBal->space(spaceNum).Name
InternalHeatGains.cc,"""Space Baseboard Total Heating Energy""",OutputProcessor::Unit::J,state.dataHeatBal->spaceRpt(spaceNum).BaseHeatTotGain,OutputProcessor::SOVTimeStepType::Zone,OutputProcessor::SOVStoreType::Summed,state.dataHeatBal->space(spaceNum).Name
InternalHeatGains.cc,"""Space Baseboard Total Heating Rate""",OutputProcessor::Unit::W,state.dataHeatBal->spaceRpt(spaceNum).BaseHeatTotGainRate,OutputProcessor::SOVTimeStepType::Zone,OutputProcessor::SOVStoreType::Average,state.dataHeatBal->space(spaceNum).Name
PlantLoadProfile.cc,"""Plant Load Profile Mass Flow Rate""",OutputProcessor::Unit::kg_s,state.dataPlantLoadProfile->PlantProfile(ProfileNum).MassFlowRate,OutputProcessor::SOVTimeStepType::System,OutputProcessor::SOVStoreType::Average,state.dataPlantLoadProfile->PlantProfile(ProfileNum).Name
PlantLoadProfile.cc,"""Plant Load Profile Heat Transfer Rate""",OutputProcessor::Unit::W,state.dataPlantLoadProfile->PlantProfile(ProfileNum).Power,OutputProcessor::SOVTimeStepType::System,OutputProcessor::SOVStoreType::Average,state.dataPlantLoadProfile->PlantProfile(ProfileNum).Name
PlantLoadProfile.cc,"""Plant Load Profile Heat Transfer Energy""",OutputProcessor::Unit::J,state.dataPlantLoadProfile->PlantProfile(ProfileNum).Energy,OutputProcessor::SOVTimeStepType::System,OutputProcessor::SOVStoreType::Summed,state.dataPlantLoadProfile->PlantProfile(ProfileNum).Name
PlantLoadProfile.cc,"""Plant Load Profile Heating Energy""",OutputProcessor::Unit::J,state.dataPlantLoadProfile->PlantProfile(ProfileNum).HeatingEnergy,OutputProcessor::SOVTimeStepType::System,OutputProcessor::SOVStoreType::Summed,state.dataPlantLoadProfile->PlantProfile(ProfileNum).Name
PlantLoadProfile.cc,"""Plant Load Profile Cooling Energy""",OutputProcessor::Unit::J,state.dataPlantLoadProfile->PlantProfile(ProfileNum).CoolingEnergy,OutputProcessor::SOVTimeStepType::System,OutputProcessor::SOVStoreType::Summed,state.dataPlantLoadProfile->PlantProfile(ProfileNum).Name
PlantLoadProfile.cc,"""Plant Load Profile Steam Outlet Temperature""",OutputProcessor::Unit::C,state.dataPlantLoadProfile->PlantProfile(ProfileNum).OutletTemp,OutputProcessor::SOVTimeStepType::System,OutputProcessor::SOVStoreType::Average,state.dataPlantLoadProfile->PlantProfile(ProfileNum).Name
DesiccantDehumidifiers.cc,"""Dehumidifier Removed Water Mass""",OutputProcessor::Unit::kg,desicDehum.WaterRemove,OutputProcessor::SOVTimeStepType::System,OutputProcessor::SOVStoreType::Summed,desicDehum.Name
DesiccantDehumidifiers.cc,"""Dehumidifier Removed Water Mass Flow Rate""",OutputProcessor::Unit::kg_s,desicDehum.WaterRemoveRate,OutputProcessor::SOVTimeStepType::System,OutputProcessor::SOVStoreType::Average,desicDehum.Name
DesiccantDehumidifiers.cc,"""Dehumidifier Part Load Ratio""",OutputProcessor::Unit::None,desicDehum.PartLoad,OutputProcessor::SOVTimeStepType::System,OutputProcessor::SOVStoreType::Average,desicDehum.Name
DesiccantDehumidifiers.cc,"""Dehumidifier Electricity Rate""",OutputProcessor::Unit::W,desicDehum.ElecUseRate,OutputProcessor::SOVTimeStepType::System,OutputProcessor::SOVStoreType::Average,desicDehum.Name
DesiccantDehumidifiers.cc,"""Dehumidifier Electricity Energy""",OutputProcessor::Unit::J,desicDehum.ElecUseEnergy,OutputProcessor::SOVTimeStepType::System,OutputProcessor::SOVStoreType::Summed,desicDehum.Name
DesiccantDehumidifiers.cc,"""Dehumidifier Regeneration Specific Energy""",OutputProcessor::Unit::J_kgWater,desicDehum.SpecRegenEnergy,OutputProcessor::SOVTimeStepType::System,OutputProcessor::SOVStoreType::Average,desicDehum.Name
DesiccantDehumidifiers.cc,"""Dehumidifier Regeneration Rate""",OutputProcessor::Unit::W,desicDehum.QRegen,OutputProcessor::SOVTimeStepType::System,OutputProcessor::SOVStoreType::Average,desicDehum.Name
DesiccantDehumidifiers.cc,"""Dehumidifier Regeneration Energy""",OutputProcessor::Unit::J,desicDehum.RegenEnergy,OutputProcessor::SOVTimeStepType::System,OutputProcessor::SOVStoreType::Summed,desicDehum.Name
DesiccantDehumidifiers.cc,"""Dehumidifier Regeneration Air Speed""",OutputProcessor::Unit::m_s,desicDehum.RegenAirVel,OutputProcessor::SOVTimeStepType::System,OutputProcessor::SOVStoreType::Average,desicDehum.Name
DesiccantDehumidifiers.cc,"""Dehumidifier Regeneration Air Mass Flow Rate""",OutputProcessor::Unit::kg_s,desicDehum.RegenAirInMassFlowRate,OutputProcessor::SOVTimeStepType::System,OutputProcessor::SOVStoreType::Average,desicDehum.Name
DesiccantDehumidifiers.cc,"""Dehumidifier Process Air Mass Flow Rate""",OutputProcessor::Unit::kg_s,desicDehum.ProcAirInMassFlowRate,OutputProcessor::SOVTimeStepType::System,OutputProcessor::SOVStoreType::Average,desicDehum.Name
DesiccantDehumidifiers.cc,"""Dehumidifier Removed Water Mass""",OutputProcessor::Unit::kg,desicDehum.WaterRemove,OutputProcessor::SOVTimeStepType::System,OutputProcessor::SOVStoreType::Summed,desicDehum.Name
DesiccantDehumidifiers.cc,"""Dehumidifier Removed Water Mass Flow Rate""",OutputProcessor::Unit::kg_s,desicDehum.WaterRemoveRate,OutputProcessor::SOVTimeStepType::System,OutputProcessor::SOVStoreType::Average,desicDehum.Name
DesiccantDehumidifiers.cc,"""Dehumidifier Part Load Ratio""",OutputProcessor::Unit::None,desicDehum.PartLoad,OutputProcessor::SOVTimeStepType::System,OutputProcessor::SOVStoreType::Average,desicDehum.Name
DesiccantDehumidifiers.cc,"""Dehumidifier Exhaust Fan Electricity Rate""",OutputProcessor::Unit::W,desicDehum.ExhaustFanPower,OutputProcessor::SOVTimeStepType::System,OutputProcessor::SOVStoreType::Average,desicDehum.Name
DesiccantDehumidifiers.cc,"""Dehumidifier Exhaust Fan Electricity Energy""",OutputProcessor::Unit::J,desicDehum.ExhaustFanElecConsumption,OutputProcessor::SOVTimeStepType::System,OutputProcessor::SOVStoreType::Summed,desicDehum.Name
ZoneDehumidifier.cc,"""Zone Dehumidifier Sensible Heating Rate""",OutputProcessor::Unit::W,state.dataZoneDehumidifier->ZoneDehumid(ZoneDehumidIndex).SensHeatingRate,OutputProcessor::SOVTimeStepType::System,OutputProcessor::SOVStoreType::Average,state.dataZoneDehumidifier->ZoneDehumid(ZoneDehumidIndex).Name
ZoneDehumidifier.cc,"""Zone Dehumidifier Sensible Heating Energy""",OutputProcessor::Unit::J,state.dataZoneDehumidifier->ZoneDehumid(ZoneDehumidIndex).SensHeatingEnergy,OutputProcessor::SOVTimeStepType::System,OutputProcessor::SOVStoreType::Summed,state.dataZoneDehumidifier->ZoneDehumid(ZoneDehumidIndex).Name
ZoneDehumidifier.cc,"""Zone Dehumidifier Removed Water Mass Flow Rate""",OutputProcessor::Unit::kg_s,state.dataZoneDehumidifier->ZoneDehumid(ZoneDehumidIndex).WaterRemovalRate,OutputProcessor::SOVTimeStepType::System,OutputProcessor::SOVStoreType::Average,state.dataZoneDehumidifier->ZoneDehumid(ZoneDehumidIndex).Name
ZoneDehumidifier.cc,"""Zone Dehumidifier Removed Water Mass""",OutputProcessor::Unit::kg,state.dataZoneDehumidifier->ZoneDehumid(ZoneDehumidIndex).WaterRemoved,OutputProcessor::SOVTimeStepType::System,OutputProcessor::SOVStoreType::Summed,state.dataZoneDehumidifier->ZoneDehumid(ZoneDehumidIndex).Name
ZoneDehumidifier.cc,"""Zone Dehumidifier Electricity Rate""",OutputProcessor::Unit::W,state.dataZoneDehumidifier->ZoneDehumid(ZoneDehumidIndex).ElecPower,OutputProcessor::SOVTimeStepType::System,OutputProcessor::SOVStoreType::Average,state.dataZoneDehumidifier->ZoneDehumid(ZoneDehumidIndex).Name
ZoneDehumidifier.cc,"""Zone Dehumidifier Electricity Energy""",OutputProcessor::Unit::J,state.dataZoneDehumidifier->ZoneDehumid(ZoneDehumidIndex).ElecConsumption,OutputProcessor::SOVTimeStepType::System,OutputProcessor::SOVStoreType::Summed,state.dataZoneDehumidifier->ZoneDehumid(ZoneDehumidIndex).Name
ZoneDehumidifier.cc,"""Zone Dehumidifier Off Cycle Parasitic Electricity Rate""",OutputProcessor::Unit::W,state.dataZoneDehumidifier->ZoneDehumid(ZoneDehumidIndex).OffCycleParasiticElecPower,OutputProcessor::SOVTimeStepType::System,OutputProcessor::SOVStoreType::Average,state.dataZoneDehumidifier->ZoneDehumid(ZoneDehumidIndex).Name
ZoneDehumidifier.cc,"""Zone Dehumidifier Off Cycle Parasitic Electricity Energy""",OutputProcessor::Unit::J,state.dataZoneDehumidifier->ZoneDehumid(ZoneDehumidIndex).OffCycleParasiticElecCons,OutputProcessor::SOVTimeStepType::System,OutputProcessor::SOVStoreType::Summed,state.dataZoneDehumidifier->ZoneDehumid(ZoneDehumidIndex).Name
ZoneDehumidifier.cc,"""Zone Dehumidifier Part Load Ratio""",OutputProcessor::Unit::None,state.dataZoneDehumidifier->ZoneDehumid(ZoneDehumidIndex).DehumidPLR,OutputProcessor::SOVTimeStepType::System,OutputProcessor::SOVStoreType::Average,state.dataZoneDehumidifier->ZoneDehumid(ZoneDehumidIndex).Name
ZoneDehumidifier.cc,"""Zone Dehumidifier Runtime Fraction""",OutputProcessor::Unit::None,state.dataZoneDehumidifier->ZoneDehumid(ZoneDehumidIndex).DehumidRTF,OutputProcessor::SOVTimeStepType::System,OutputProcessor::SOVStoreType::Average,state.dataZoneDehumidifier->ZoneDehumid(ZoneDehumidIndex).Name
ZoneDehumidifier.cc,"""Zone Dehumidifier Outlet Air Temperature""",OutputProcessor::Unit::C,state.dataZoneDehumidifier->ZoneDehumid(ZoneDehumidIndex).OutletAirTemp,OutputProcessor::SOVTimeStepType::System,OutputProcessor::SOVStoreType::Average,state.dataZoneDehumidifier->ZoneDehumid(ZoneDehumidIndex).Name
ZoneDehumidifier.cc,"""Zone Dehumidifier Condensate Volume Flow Rate""",OutputProcessor::Unit::m3_s,state.dataZoneDehumidifier->ZoneDehumid(ZoneDehumidIndex).DehumidCondVolFlowRate,OutputProcessor::SOVTimeStepType::System,OutputProcessor::SOVStoreType::Average,state.dataZoneDehumidifier->ZoneDehumid(ZoneDehumidIndex).Name
ZoneDehumidifier.cc,"""Zone Dehumidifier Condensate Volume""",OutputProcessor::Unit::m3,state.dataZoneDehumidifier->ZoneDehumid(ZoneDehumidIndex).DehumidCondVol,OutputProcessor::SOVTimeStepType::System,OutputProcessor::SOVStoreType::Summed,state.dataZoneDehumidifier->ZoneDehumid(ZoneDehumidIndex).Name
ThermalChimney.cc,"""Zone Thermal Chimney Current Density Air Volume Flow Rate""",OutputProcessor::Unit::m3_s,state.dataThermalChimneys->ThermalChimneyReport(Loop).OverallTCVolumeFlow,OutputProcessor::SOVTimeStepType::System,OutputProcessor::SOVStoreType::Average,state.dataThermalChimneys->ThermalChimneySys(Loop).Name
ThermalChimney.cc,"""Zone Thermal Chimney Standard Density Air Volume Flow Rate""",OutputProcessor::Unit::m3_s,state.dataThermalChimneys->ThermalChimneyReport(Loop).OverallTCVolumeFlowStd,OutputProcessor::SOVTimeStepType::System,OutputProcessor::SOVStoreType::Average,state.dataThermalChimneys->ThermalChimneySys(Loop).Name
ThermalChimney.cc,"""Zone Thermal Chimney Mass Flow Rate""",OutputProcessor::Unit::kg_s,state.dataThermalChimneys->ThermalChimneyReport(Loop).OverallTCMassFlow,OutputProcessor::SOVTimeStepType::System,OutputProcessor::SOVStoreType::Average,state.dataThermalChimneys->ThermalChimneySys(Loop).Name
ThermalChimney.cc,"""Zone Thermal Chimney Outlet Temperature""",OutputProcessor::Unit::C,state.dataThermalChimneys->ThermalChimneyReport(Loop).OutletAirTempThermalChim,OutputProcessor::SOVTimeStepType::System,OutputProcessor::SOVStoreType::Average,state.dataThermalChimneys->ThermalChimneySys(Loop).Name
ThermalChimney.cc,"""Zone Thermal Chimney Heat Loss Energy""",OutputProcessor::Unit::J,state.dataThermalChimneys->ZnRptThermChim(state.dataThermalChimneys->ThermalChimneySys(Loop).ZonePtr(TCZoneNum))                                        .ThermalChimneyHeatLoss,OutputProcessor::SOVTimeStepType::System,OutputProcessor::SOVStoreType::Summed,state.dataHeatBal->Zone(state.dataThermalChimneys->ThermalChimneySys(Loop).ZonePtr(TCZoneNum)).Name
ThermalChimney.cc,"""Zone Thermal Chimney Heat Gain Energy""",OutputProcessor::Unit::J,state.dataThermalChimneys->ZnRptThermChim(state.dataThermalChimneys->ThermalChimneySys(Loop).ZonePtr(TCZoneNum))                                        .ThermalChimneyHeatGain,OutputProcessor::SOVTimeStepType::System,OutputProcessor::SOVStoreType::Summed,state.dataHeatBal->Zone(state.dataThermalChimneys->ThermalChimneySys(Loop).ZonePtr(TCZoneNum)).Name
ThermalChimney.cc,"""Zone Thermal Chimney Volume""",OutputProcessor::Unit::m3,state.dataThermalChimneys->ZnRptThermChim(state.dataThermalChimneys->ThermalChimneySys(Loop).ZonePtr(TCZoneNum))                                        .ThermalChimneyVolume,OutputProcessor::SOVTimeStepType::System,OutputProcessor::SOVStoreType::Summed,state.dataHeatBal->Zone(state.dataThermalChimneys->ThermalChimneySys(Loop).ZonePtr(TCZoneNum)).Name
ThermalChimney.cc,"""Zone Thermal Chimney Mass""",OutputProcessor::Unit::kg,state.dataThermalChimneys->ZnRptThermChim(state.dataThermalChimneys->ThermalChimneySys(Loop).ZonePtr(TCZoneNum))                                        .ThermalChimneyMass,OutputProcessor::SOVTimeStepType::System,OutputProcessor::SOVStoreType::Summed,state.dataHeatBal->Zone(state.dataThermalChimneys->ThermalChimneySys(Loop).ZonePtr(TCZoneNum)).Name
ThermalChimney.cc,"""Zone Infiltration Sensible Heat Loss Energy""",OutputProcessor::Unit::J,state.dataHeatBal->ZnAirRpt(state.dataThermalChimneys->ThermalChimneySys(Loop).ZonePtr(TCZoneNum)).InfilHeatLoss,OutputProcessor::SOVTimeStepType::System,OutputProcessor::SOVStoreType::Summed,state.dataHeatBal->Zone(state.dataThermalChimneys->ThermalChimneySys(Loop).ZonePtr(TCZoneNum)).Name
ThermalChimney.cc,"""Zone Infiltration Sensible Heat Gain Energy""",OutputProcessor::Unit::J,state.dataHeatBal->ZnAirRpt(state.dataThermalChimneys->ThermalChimneySys(Loop).ZonePtr(TCZoneNum)).InfilHeatGain,OutputProcessor::SOVTimeStepType::System,OutputProcessor::SOVStoreType::Summed,state.dataHeatBal->Zone(state.dataThermalChimneys->ThermalChimneySys(Loop).ZonePtr(TCZoneNum)).Name
ThermalChimney.cc,"""Zone Infiltration Latent Heat Loss Energy""",OutputProcessor::Unit::J,state.dataHeatBal->ZnAirRpt(state.dataThermalChimneys->ThermalChimneySys(Loop).ZonePtr(TCZoneNum)).InfilLatentLoss,OutputProcessor::SOVTimeStepType::System,OutputProcessor::SOVStoreType::Summed,state.dataHeatBal->Zone(state.dataThermalChimneys->ThermalChimneySys(Loop).ZonePtr(TCZoneNum)).Name
ThermalChimney.cc,"""Zone Infiltration Latent Heat Gain Energy""",OutputProcessor::Unit::J,state.dataHeatBal->ZnAirRpt(state.dataThermalChimneys->ThermalChimneySys(Loop).ZonePtr(TCZoneNum)).InfilLatentGain,OutputProcessor::SOVTimeStepType::System,OutputProcessor::SOVStoreType::Summed,state.dataHeatBal->Zone(state.dataThermalChimneys->ThermalChimneySys(Loop).ZonePtr(TCZoneNum)).Name
ThermalChimney.cc,"""Zone Infiltration Total Heat Loss Energy""",OutputProcessor::Unit::J,state.dataHeatBal->ZnAirRpt(state.dataThermalChimneys->ThermalChimneySys(Loop).ZonePtr(TCZoneNum)).InfilTotalLoss,OutputProcessor::SOVTimeStepType::System,OutputProcessor::SOVStoreType::Summed,state.dataHeatBal->Zone(state.dataThermalChimneys->ThermalChimneySys(Loop).ZonePtr(TCZoneNum)).Name
ThermalChimney.cc,"""Zone Infiltration Total Heat Gain Energy""",OutputProcessor::Unit::J,state.dataHeatBal->ZnAirRpt(state.dataThermalChimneys->ThermalChimneySys(Loop).ZonePtr(TCZoneNum)).InfilTotalGain,OutputProcessor::SOVTimeStepType::System,OutputProcessor::SOVStoreType::Summed,state.dataHeatBal->Zone(state.dataThermalChimneys->ThermalChimneySys(Loop).ZonePtr(TCZoneNum)).Name
ThermalChimney.cc,"""Zone Infiltration Current Density Volume Flow Rate""",OutputProcessor::Unit::m3_s,state.dataHeatBal->ZnAirRpt(state.dataThermalChimneys->ThermalChimneySys(Loop).ZonePtr(TCZoneNum)).InfilVdotCurDensity,OutputProcessor::SOVTimeStepType::System,OutputProcessor::SOVStoreType::Average,state.dataHeatBal->Zone(state.dataThermalChimneys->ThermalChimneySys(Loop).ZonePtr(TCZoneNum)).Name
ThermalChimney.cc,"""Zone Infiltration Standard Density Volume Flow Rate""",OutputProcessor::Unit::m3_s,state.dataHeatBal->ZnAirRpt(state.dataThermalChimneys->ThermalChimneySys(Loop).ZonePtr(TCZoneNum)).InfilVdotStdDensity,OutputProcessor::SOVTimeStepType::System,OutputProcessor::SOVStoreType::Average,state.dataHeatBal->Zone(state.dataThermalChimneys->ThermalChimneySys(Loop).ZonePtr(TCZoneNum)).Name
ThermalChimney.cc,"""Zone Infiltration Current Density Volume""",OutputProcessor::Unit::m3,state.dataHeatBal->ZnAirRpt(state.dataThermalChimneys->ThermalChimneySys(Loop).ZonePtr(TCZoneNum)).InfilVolumeCurDensity,OutputProcessor::SOVTimeStepType::System,OutputProcessor::SOVStoreType::Summed,state.dataHeatBal->Zone(state.dataThermalChimneys->ThermalChimneySys(Loop).ZonePtr(TCZoneNum)).Name
ThermalChimney.cc,"""Zone Infiltration Standard Density Volume""",OutputProcessor::Unit::m3,state.dataHeatBal->ZnAirRpt(state.dataThermalChimneys->ThermalChimneySys(Loop).ZonePtr(TCZoneNum)).InfilVolumeStdDensity,OutputProcessor::SOVTimeStepType::System,OutputProcessor::SOVStoreType::Summed,state.dataHeatBal->Zone(state.dataThermalChimneys->ThermalChimneySys(Loop).ZonePtr(TCZoneNum)).Name
ThermalChimney.cc,"""Zone Infiltration Mass""",OutputProcessor::Unit::kg,state.dataHeatBal->ZnAirRpt(state.dataThermalChimneys->ThermalChimneySys(Loop).ZonePtr(TCZoneNum)).InfilMass,OutputProcessor::SOVTimeStepType::System,OutputProcessor::SOVStoreType::Summed,state.dataHeatBal->Zone(state.dataThermalChimneys->ThermalChimneySys(Loop).ZonePtr(TCZoneNum)).Name
ThermalChimney.cc,"""Zone Infiltration Mass Flow Rate""",OutputProcessor::Unit::kg_s,state.dataHeatBal->ZnAirRpt(state.dataThermalChimneys->ThermalChimneySys(Loop).ZonePtr(TCZoneNum)).InfilMdot,OutputProcessor::SOVTimeStepType::System,OutputProcessor::SOVStoreType::Average,state.dataHeatBal->Zone(state.dataThermalChimneys->ThermalChimneySys(Loop).ZonePtr(TCZoneNum)).Name
ThermalChimney.cc,"""Zone Infiltration Air Change Rate""",OutputProcessor::Unit::ach,state.dataHeatBal->ZnAirRpt(state.dataThermalChimneys->ThermalChimneySys(Loop).ZonePtr(TCZoneNum)).InfilAirChangeRate,OutputProcessor::SOVTimeStepType::System,OutputProcessor::SOVStoreType::Average,state.dataHeatBal->Zone(state.dataThermalChimneys->ThermalChimneySys(Loop).ZonePtr(TCZoneNum)).Name
EvaporativeFluidCoolers.cc,"""Cooling Tower Bypass Fraction""",OutputProcessor::Unit::None,this->BypassFraction,OutputProcessor::SOVTimeStepType::System,OutputProcessor::SOVStoreType::Average,this->Name
EvaporativeFluidCoolers.cc,"""Cooling Tower Make Up Water Volume Flow Rate""",OutputProcessor::Unit::m3_s,this->MakeUpVdot,OutputProcessor::SOVTimeStepType::System,OutputProcessor::SOVStoreType::Average,this->Name
EvaporativeFluidCoolers.cc,"""Cooling Tower Make Up Water Volume""",OutputProcessor::Unit::m3,this->MakeUpVol,OutputProcessor::SOVTimeStepType::System,OutputProcessor::SOVStoreType::Summed,this->Name
EvaporativeFluidCoolers.cc,"""Cooling Tower Storage Tank Water Volume Flow Rate""",OutputProcessor::Unit::m3_s,this->TankSupplyVdot,OutputProcessor::SOVTimeStepType::System,OutputProcessor::SOVStoreType::Average,this->Name
EvaporativeFluidCoolers.cc,"""Cooling Tower Storage Tank Water Volume""",OutputProcessor::Unit::m3,this->TankSupplyVol,OutputProcessor::SOVTimeStepType::System,OutputProcessor::SOVStoreType::Summed,this->Name
EvaporativeFluidCoolers.cc,"""Cooling Tower Starved Storage Tank Water Volume Flow Rate""",OutputProcessor::Unit::m3_s,this->StarvedMakeUpVdot,OutputProcessor::SOVTimeStepType::System,OutputProcessor::SOVStoreType::Average,this->Name
EvaporativeFluidCoolers.cc,"""Cooling Tower Starved Storage Tank Water Volume""",OutputProcessor::Unit::m3,this->StarvedMakeUpVol,OutputProcessor::SOVTimeStepType::System,OutputProcessor::SOVStoreType::Summed,this->Name
EvaporativeFluidCoolers.cc,"""Cooling Tower Make Up Mains Water Volume""",OutputProcessor::Unit::m3,this->StarvedMakeUpVol,OutputProcessor::SOVTimeStepType::System,OutputProcessor::SOVStoreType::Summed,this->Name
EvaporativeFluidCoolers.cc,"""Cooling Tower Make Up Water Volume Flow Rate""",OutputProcessor::Unit::m3_s,this->MakeUpVdot,OutputProcessor::SOVTimeStepType::System,OutputProcessor::SOVStoreType::Average,this->Name
EvaporativeFluidCoolers.cc,"""Cooling Tower Make Up Water Volume""",OutputProcessor::Unit::m3,this->MakeUpVol,OutputProcessor::SOVTimeStepType::System,OutputProcessor::SOVStoreType::Summed,this->Name
EvaporativeFluidCoolers.cc,"""Cooling Tower Make Up Mains Water Volume""",OutputProcessor::Unit::m3,this->MakeUpVol,OutputProcessor::SOVTimeStepType::System,OutputProcessor::SOVStoreType::Summed,this->Name
EvaporativeFluidCoolers.cc,"""Cooling Tower Inlet Temperature""",OutputProcessor::Unit::C,this->fluidCoolerInletWaterTemp,OutputProcessor::SOVTimeStepType::System,OutputProcessor::SOVStoreType::Average,this->Name
EvaporativeFluidCoolers.cc,"""Cooling Tower Outlet Temperature""",OutputProcessor::Unit::C,this->fluidCoolerOutletWaterTemp,OutputProcessor::SOVTimeStepType::System,OutputProcessor::SOVStoreType::Average,this->Name
EvaporativeFluidCoolers.cc,"""Cooling Tower Mass Flow Rate""",OutputProcessor::Unit::kg_s,this->WaterMassFlowRate,OutputProcessor::SOVTimeStepType::System,OutputProcessor::SOVStoreType::Average,this->Name
EvaporativeFluidCoolers.cc,"""Cooling Tower Heat Transfer Rate""",OutputProcessor::Unit::W,this->Qactual,OutputProcessor::SOVTimeStepType::System,OutputProcessor::SOVStoreType::Average,this->Name
EvaporativeFluidCoolers.cc,"""Cooling Tower Fan Electricity Rate""",OutputProcessor::Unit::W,this->FanPower,OutputProcessor::SOVTimeStepType::System,OutputProcessor::SOVStoreType::Average,this->Name
EvaporativeFluidCoolers.cc,"""Cooling Tower Fan Electricity Energy""",OutputProcessor::Unit::J,this->FanEnergy,OutputProcessor::SOVTimeStepType::System,OutputProcessor::SOVStoreType::Summed,this->Name
EvaporativeFluidCoolers.cc,"""Cooling Tower Water Evaporation Volume Flow Rate""",OutputProcessor::Unit::m3_s,this->EvaporationVdot,OutputProcessor::SOVTimeStepType::System,OutputProcessor::SOVStoreType::Average,this->Name
EvaporativeFluidCoolers.cc,"""Cooling Tower Water Evaporation Volume""",OutputProcessor::Unit::m3,this->EvaporationVol,OutputProcessor::SOVTimeStepType::System,OutputProcessor::SOVStoreType::Summed,this->Name
EvaporativeFluidCoolers.cc,"""Cooling Tower Water Drift Volume Flow Rate""",OutputProcessor::Unit::m3_s,this->DriftVdot,OutputProcessor::SOVTimeStepType::System,OutputProcessor::SOVStoreType::Average,this->Name
EvaporativeFluidCoolers.cc,"""Cooling Tower Water Drift Volume""",OutputProcessor::Unit::m3,this->DriftVol,OutputProcessor::SOVTimeStepType::System,OutputProcessor::SOVStoreType::Summed,this->Name
EvaporativeFluidCoolers.cc,"""Cooling Tower Water Blowdown Volume Flow Rate""",OutputProcessor::Unit::m3_s,this->BlowdownVdot,OutputProcessor::SOVTimeStepType::System,OutputProcessor::SOVStoreType::Average,this->Name
EvaporativeFluidCoolers.cc,"""Cooling Tower Water Blowdown Volume""",OutputProcessor::Unit::m3,this->BlowdownVol,OutputProcessor::SOVTimeStepType::System,OutputProcessor::SOVStoreType::Summed,this->Name
ChillerIndirectAbsorption.cc,"""Chiller Electricity Rate""",OutputProcessor::Unit::W,this->Report.PumpingPower,OutputProcessor::SOVTimeStepType::System,OutputProcessor::SOVStoreType::Average,this->Name
ChillerIndirectAbsorption.cc,"""Chiller Electricity Energy""",OutputProcessor::Unit::J,this->Report.PumpingEnergy,OutputProcessor::SOVTimeStepType::System,OutputProcessor::SOVStoreType::Summed,this->Name
ChillerIndirectAbsorption.cc,"""Chiller Evaporator Cooling Rate""",OutputProcessor::Unit::W,this->Report.QEvap,OutputProcessor::SOVTimeStepType::System,OutputProcessor::SOVStoreType::Average,this->Name
ChillerIndirectAbsorption.cc,"""Chiller Evaporator Cooling Energy""",OutputProcessor::Unit::J,this->Report.EvapEnergy,OutputProcessor::SOVTimeStepType::System,OutputProcessor::SOVStoreType::Summed,this->Name
ChillerIndirectAbsorption.cc,"""Chiller Evaporator Inlet Temperature""",OutputProcessor::Unit::C,this->Report.EvapInletTemp,OutputProcessor::SOVTimeStepType::System,OutputProcessor::SOVStoreType::Average,this->Name
ChillerIndirectAbsorption.cc,"""Chiller Evaporator Outlet Temperature""",OutputProcessor::Unit::C,this->Report.EvapOutletTemp,OutputProcessor::SOVTimeStepType::System,OutputProcessor::SOVStoreType::Average,this->Name
ChillerIndirectAbsorption.cc,"""Chiller Evaporator Mass Flow Rate""",OutputProcessor::Unit::kg_s,this->Report.Evapmdot,OutputProcessor::SOVTimeStepType::System,OutputProcessor::SOVStoreType::Average,this->Name
ChillerIndirectAbsorption.cc,"""Chiller Condenser Heat Transfer Rate""",OutputProcessor::Unit::W,this->Report.QCond,OutputProcessor::SOVTimeStepType::System,OutputProcessor::SOVStoreType::Average,this->Name
ChillerIndirectAbsorption.cc,"""Chiller Condenser Heat Transfer Energy""",OutputProcessor::Unit::J,this->Report.CondEnergy,OutputProcessor::SOVTimeStepType::System,OutputProcessor::SOVStoreType::Summed,this->Name
ChillerIndirectAbsorption.cc,"""Chiller Condenser Inlet Temperature""",OutputProcessor::Unit::C,this->Report.CondInletTemp,OutputProcessor::SOVTimeStepType::System,OutputProcessor::SOVStoreType::Average,this->Name
ChillerIndirectAbsorption.cc,"""Chiller Condenser Outlet Temperature""",OutputProcessor::Unit::C,this->Report.CondOutletTemp,OutputProcessor::SOVTimeStepType::System,OutputProcessor::SOVStoreType::Average,this->Name
ChillerIndirectAbsorption.cc,"""Chiller Condenser Mass Flow Rate""",OutputProcessor::Unit::kg_s,this->Report.Condmdot,OutputProcessor::SOVTimeStepType::System,OutputProcessor::SOVStoreType::Average,this->Name
ChillerIndirectAbsorption.cc,"""Chiller Hot Water Consumption Rate""",OutputProcessor::Unit::W,this->Report.QGenerator,OutputProcessor::SOVTimeStepType::System,OutputProcessor::SOVStoreType::Average,this->Name
ChillerIndirectAbsorption.cc,"""Chiller Source Hot Water Energy""",OutputProcessor::Unit::J,this->Report.GeneratorEnergy,OutputProcessor::SOVTimeStepType::System,OutputProcessor::SOVStoreType::Summed,this->Name
ChillerIndirectAbsorption.cc,"""Chiller Source Steam Rate""",OutputProcessor::Unit::W,this->Report.QGenerator,OutputProcessor::SOVTimeStepType::System,OutputProcessor::SOVStoreType::Average,this->Name
ChillerIndirectAbsorption.cc,"""Chiller Source Steam Energy""",OutputProcessor::Unit::J,this->Report.GeneratorEnergy,OutputProcessor::SOVTimeStepType::System,OutputProcessor::SOVStoreType::Summed,this->Name
ChillerIndirectAbsorption.cc,"""Chiller Source Steam Rate""",OutputProcessor::Unit::W,this->Report.QGenerator,OutputProcessor::SOVTimeStepType::System,OutputProcessor::SOVStoreType::Average,this->Name
ChillerIndirectAbsorption.cc,"""Chiller Source Steam Energy""",OutputProcessor::Unit::J,this->Report.GeneratorEnergy,OutputProcessor::SOVTimeStepType::System,OutputProcessor::SOVStoreType::Summed,this->Name
ChillerIndirectAbsorption.cc,"""Chiller COP""",OutputProcessor::Unit::W_W,this->Report.ActualCOP,OutputProcessor::SOVTimeStepType::System,OutputProcessor::SOVStoreType::Average,this->Name
ChillerIndirectAbsorption.cc,"""Chiller Part Load Ratio""",OutputProcessor::Unit::None,this->Report.ChillerPartLoadRatio,OutputProcessor::SOVTimeStepType::System,OutputProcessor::SOVStoreType::Average,this->Name
ChillerIndirectAbsorption.cc,"""Chiller Cycling Ratio""",OutputProcessor::Unit::None,this->Report.ChillerCyclingFrac,OutputProcessor::SOVTimeStepType::System,OutputProcessor::SOVStoreType::Average,this->Name
ChillerIndirectAbsorption.cc,"""Chiller Steam Heat Loss Rate""",OutputProcessor::Unit::W,this->Report.LoopLoss,OutputProcessor::SOVTimeStepType::System,OutputProcessor::SOVStoreType::Average,this->Name
WaterManager.cc,"""Water System Storage Tank Volume""",OutputProcessor::Unit::m3,state.dataWaterData->WaterStorage(Item).ThisTimeStepVolume,OutputProcessor::SOVTimeStepType::System,OutputProcessor::SOVStoreType::Average,state.dataWaterData->WaterStorage(Item).Name
WaterManager.cc,"""Water System Storage Tank Net Volume Flow Rate""",OutputProcessor::Unit::m3_s,state.dataWaterData->WaterStorage(Item).NetVdot,OutputProcessor::SOVTimeStepType::System,OutputProcessor::SOVStoreType::Average,state.dataWaterData->WaterStorage(Item).Name
WaterManager.cc,"""Water System Storage Tank Inlet Volume Flow Rate""",OutputProcessor::Unit::m3_s,state.dataWaterData->WaterStorage(Item).VdotToTank,OutputProcessor::SOVTimeStepType::System,OutputProcessor::SOVStoreType::Average,state.dataWaterData->WaterStorage(Item).Name
WaterManager.cc,"""Water System Storage Tank Outlet Volume Flow Rate""",OutputProcessor::Unit::m3_s,state.dataWaterData->WaterStorage(Item).VdotFromTank,OutputProcessor::SOVTimeStepType::System,OutputProcessor::SOVStoreType::Average,state.dataWaterData->WaterStorage(Item).Name
WaterManager.cc,"""Water System Storage Tank Mains Water Volume""",OutputProcessor::Unit::m3,state.dataWaterData->WaterStorage(Item).MainsDrawVol,OutputProcessor::SOVTimeStepType::System,OutputProcessor::SOVStoreType::Summed,state.dataWaterData->WaterStorage(Item).Name
WaterManager.cc,"""Water System Storage Tank Mains Water Volume Flow Rate""",OutputProcessor::Unit::m3_s,state.dataWaterData->WaterStorage(Item).MainsDrawVdot,OutputProcessor::SOVTimeStepType::System,OutputProcessor::SOVStoreType::Average,state.dataWaterData->WaterStorage(Item).Name
WaterManager.cc,"""Water System Storage Tank Water Temperature""",OutputProcessor::Unit::C,state.dataWaterData->WaterStorage(Item).Twater,OutputProcessor::SOVTimeStepType::System,OutputProcessor::SOVStoreType::Average,state.dataWaterData->WaterStorage(Item).Name
WaterManager.cc,"""Water System Storage Tank Overflow Volume Flow Rate""",OutputProcessor::Unit::m3_s,state.dataWaterData->WaterStorage(Item).VdotOverflow,OutputProcessor::SOVTimeStepType::System,OutputProcessor::SOVStoreType::Average,state.dataWaterData->WaterStorage(Item).Name
WaterManager.cc,"""Water System Storage Tank Overflow Water Volume""",OutputProcessor::Unit::m3,state.dataWaterData->WaterStorage(Item).VolOverflow,OutputProcessor::SOVTimeStepType::System,OutputProcessor::SOVStoreType::Summed,state.dataWaterData->WaterStorage(Item).Name
WaterManager.cc,"""Water System Storage Tank Overflow Water Volume""",OutputProcessor::Unit::m3,state.dataWaterData->WaterStorage(Item).VolOverflow,OutputProcessor::SOVTimeStepType::System,OutputProcessor::SOVStoreType::Summed,state.dataWaterData->WaterStorage(Item).Name
WaterManager.cc,"""Water System Storage Tank Overflow Temperature""",OutputProcessor::Unit::C,state.dataWaterData->WaterStorage(Item).TwaterOverflow,OutputProcessor::SOVTimeStepType::System,OutputProcessor::SOVStoreType::Average,state.dataWaterData->WaterStorage(Item).Name
WaterManager.cc,"""Water System Roof Irrigation Scheduled Depth""",OutputProcessor::Unit::m,state.dataWaterData->Irrigation.ScheduledAmount,OutputProcessor::SOVTimeStepType::System,OutputProcessor::SOVStoreType::Summed,"""RoofIrrigation"""
WaterManager.cc,"""Water System Roof Irrigation Actual Depth""",OutputProcessor::Unit::m,state.dataWaterData->Irrigation.ActualAmount,OutputProcessor::SOVTimeStepType::System,OutputProcessor::SOVStoreType::Summed,"""RoofIrrigation"""
WaterManager.cc,"""Water System Rainwater Collector Volume Flow Rate""",OutputProcessor::Unit::m3_s,state.dataWaterData->RainCollector(Item).VdotAvail,OutputProcessor::SOVTimeStepType::System,OutputProcessor::SOVStoreType::Average,state.dataWaterData->RainCollector(Item).Name
WaterManager.cc,"""Water System Rainwater Collector Volume""",OutputProcessor::Unit::m3,state.dataWaterData->RainCollector(Item).VolCollected,OutputProcessor::SOVTimeStepType::System,OutputProcessor::SOVStoreType::Summed,state.dataWaterData->RainCollector(Item).Name
WaterManager.cc,"""Water System Groundwater Well Requested Volume Flow Rate""",OutputProcessor::Unit::m3_s,state.dataWaterData->GroundwaterWell(Item).VdotRequest,OutputProcessor::SOVTimeStepType::System,OutputProcessor::SOVStoreType::Average,state.dataWaterData->GroundwaterWell(Item).Name
WaterManager.cc,"""Water System Groundwater Well Volume Flow Rate""",OutputProcessor::Unit::m3_s,state.dataWaterData->GroundwaterWell(Item).VdotDelivered,OutputProcessor::SOVTimeStepType::System,OutputProcessor::SOVStoreType::Average,state.dataWaterData->GroundwaterWell(Item).Name
WaterManager.cc,"""Water System Groundwater Well Volume""",OutputProcessor::Unit::m3,state.dataWaterData->GroundwaterWell(Item).VolDelivered,OutputProcessor::SOVTimeStepType::System,OutputProcessor::SOVStoreType::Summed,state.dataWaterData->GroundwaterWell(Item).Name
WaterManager.cc,"""Water System Groundwater Well Pump Electricity Rate""",OutputProcessor::Unit::W,state.dataWaterData->GroundwaterWell(Item).PumpPower,OutputProcessor::SOVTimeStepType::System,OutputProcessor::SOVStoreType::Average,state.dataWaterData->GroundwaterWell(Item).Name
WaterManager.cc,"""Water System Groundwater Well Pump Electricity Energy""",OutputProcessor::Unit::J,state.dataWaterData->GroundwaterWell(Item).PumpEnergy,OutputProcessor::SOVTimeStepType::System,OutputProcessor::SOVStoreType::Summed,state.dataWaterData->GroundwaterWell(Item).Name
HVACInterfaceManager.cc,"""Plant Common Pipe Mass Flow Rate""",OutputProcessor::Unit::kg_s,thisCommonPipe.Flow,OutputProcessor::SOVTimeStepType::System,OutputProcessor::SOVStoreType::Average,thisPlantLoop.Name
HVACInterfaceManager.cc,"""Plant Common Pipe Temperature""",OutputProcessor::Unit::C,thisCommonPipe.Temp,OutputProcessor::SOVTimeStepType::System,OutputProcessor::SOVStoreType::Average,thisPlantLoop.Name
HVACInterfaceManager.cc,"""Plant Common Pipe Flow Direction Status""",OutputProcessor::Unit::None,thisCommonPipe.FlowDir,OutputProcessor::SOVTimeStepType::System,OutputProcessor::SOVStoreType::Average,thisPlantLoop.Name
HVACInterfaceManager.cc,"""Plant Common Pipe Primary Mass Flow Rate""",OutputProcessor::Unit::kg_s,thisCommonPipe.PriCPLegFlow,OutputProcessor::SOVTimeStepType::System,OutputProcessor::SOVStoreType::Average,thisPlantLoop.Name
HVACInterfaceManager.cc,"""Plant Common Pipe Secondary Mass Flow Rate""",OutputProcessor::Unit::kg_s,thisCommonPipe.SecCPLegFlow,OutputProcessor::SOVTimeStepType::System,OutputProcessor::SOVStoreType::Average,thisPlantLoop.Name
HVACInterfaceManager.cc,"""Plant Common Pipe Primary to Secondary Mass Flow Rate""",OutputProcessor::Unit::kg_s,thisCommonPipe.PriToSecFlow,OutputProcessor::SOVTimeStepType::System,OutputProcessor::SOVStoreType::Average,thisPlantLoop.Name
HVACInterfaceManager.cc,"""Plant Common Pipe Secondary to Primary Mass Flow Rate""",OutputProcessor::Unit::kg_s,thisCommonPipe.SecToPriFlow,OutputProcessor::SOVTimeStepType::System,OutputProcessor::SOVStoreType::Average,thisPlantLoop.Name
DElightManagerF.cc,"""Daylighting Reference Point Illuminance""",OutputProcessor::Unit::lux,znDayl.DaylIllumAtRefPt(refPt.indexToFracAndIllum),OutputProcessor::SOVTimeStepType::Zone,OutputProcessor::SOVStoreType::Average,refPt.Name
Photovoltaics.cc,"""Generator Produced DC Electricity Rate""",OutputProcessor::Unit::W,state.dataPhotovoltaic->PVarray(PVnum).Report.DCPower,OutputProcessor::SOVTimeStepType::System,OutputProcessor::SOVStoreType::Average,state.dataPhotovoltaic->PVarray(PVnum).Name
Photovoltaics.cc,"""Generator Produced DC Electricity Energy""",OutputProcessor::Unit::J,state.dataPhotovoltaic->PVarray(PVnum).Report.DCEnergy,OutputProcessor::SOVTimeStepType::System,OutputProcessor::SOVStoreType::Summed,state.dataPhotovoltaic->PVarray(PVnum).Name
Photovoltaics.cc,"""Generator PV Array Efficiency""",OutputProcessor::Unit::None,state.dataPhotovoltaic->PVarray(PVnum).Report.ArrayEfficiency,OutputProcessor::SOVTimeStepType::System,OutputProcessor::SOVStoreType::Average,state.dataPhotovoltaic->PVarray(PVnum).Name
Photovoltaics.cc,"""Generator PV Cell Temperature""",OutputProcessor::Unit::C,state.dataPhotovoltaic->PVarray(PVnum).Report.CellTemp,OutputProcessor::SOVTimeStepType::System,OutputProcessor::SOVStoreType::Average,state.dataPhotovoltaic->PVarray(PVnum).Name
Photovoltaics.cc,"""Generator PV Short Circuit Current""",OutputProcessor::Unit::A,state.dataPhotovoltaic->PVarray(PVnum).Report.ArrayIsc,OutputProcessor::SOVTimeStepType::System,OutputProcessor::SOVStoreType::Average,state.dataPhotovoltaic->PVarray(PVnum).Name
Photovoltaics.cc,"""Generator PV Open Circuit Voltage""",OutputProcessor::Unit::V,state.dataPhotovoltaic->PVarray(PVnum).Report.ArrayVoc,OutputProcessor::SOVTimeStepType::System,OutputProcessor::SOVStoreType::Average,state.dataPhotovoltaic->PVarray(PVnum).Name
IntegratedHeatPump.cc,"""Integrated Heat Pump Air Loop Mass Flow Rate""",OutputProcessor::Unit::kg_s,ihp.AirLoopFlowRate,OutputProcessor::SOVTimeStepType::System,OutputProcessor::SOVStoreType::Average,ihp.Name
IntegratedHeatPump.cc,"""Integrated Heat Pump Condenser Water Mass Flow Rate""",OutputProcessor::Unit::kg_s,ihp.TankSourceWaterMassFlowRate,OutputProcessor::SOVTimeStepType::System,OutputProcessor::SOVStoreType::Average,ihp.Name
IntegratedHeatPump.cc,"""Integrated Heat Pump Air Total Cooling Rate""",OutputProcessor::Unit::W,ihp.TotalCoolingRate,OutputProcessor::SOVTimeStepType::System,OutputProcessor::SOVStoreType::Average,ihp.Name
IntegratedHeatPump.cc,"""Integrated Heat Pump Air Heating Rate""",OutputProcessor::Unit::W,ihp.TotalSpaceHeatingRate,OutputProcessor::SOVTimeStepType::System,OutputProcessor::SOVStoreType::Average,ihp.Name
IntegratedHeatPump.cc,"""Integrated Heat Pump Water Heating Rate""",OutputProcessor::Unit::W,ihp.TotalWaterHeatingRate,OutputProcessor::SOVTimeStepType::System,OutputProcessor::SOVStoreType::Average,ihp.Name
IntegratedHeatPump.cc,"""Integrated Heat Pump Electricity Rate""",OutputProcessor::Unit::W,ihp.TotalPower,OutputProcessor::SOVTimeStepType::System,OutputProcessor::SOVStoreType::Average,ihp.Name
IntegratedHeatPump.cc,"""Integrated Heat Pump Air Latent Cooling Rate""",OutputProcessor::Unit::W,ihp.TotalLatentLoad,OutputProcessor::SOVTimeStepType::System,OutputProcessor::SOVStoreType::Average,ihp.Name
IntegratedHeatPump.cc,"""Integrated Heat Pump Source Heat Transfer Rate""",OutputProcessor::Unit::W,ihp.Qsource,OutputProcessor::SOVTimeStepType::System,OutputProcessor::SOVStoreType::Average,ihp.Name
IntegratedHeatPump.cc,"""Integrated Heat Pump COP""",OutputProcessor::Unit::None,ihp.TotalCOP,OutputProcessor::SOVTimeStepType::System,OutputProcessor::SOVStoreType::Average,ihp.Name
IntegratedHeatPump.cc,"""Integrated Heat Pump Electricity Energy""",OutputProcessor::Unit::J,ihp.Energy,OutputProcessor::SOVTimeStepType::System,OutputProcessor::SOVStoreType::Summed,ihp.Name
IntegratedHeatPump.cc,"""Integrated Heat Pump Air Total Cooling Energy""",OutputProcessor::Unit::J,ihp.EnergyLoadTotalCooling,OutputProcessor::SOVTimeStepType::System,OutputProcessor::SOVStoreType::Summed,ihp.Name
IntegratedHeatPump.cc,"""Integrated Heat Pump Air Heating Energy""",OutputProcessor::Unit::J,ihp.EnergyLoadTotalHeating,OutputProcessor::SOVTimeStepType::System,OutputProcessor::SOVStoreType::Summed,ihp.Name
IntegratedHeatPump.cc,"""Integrated Heat Pump Water Heating Energy""",OutputProcessor::Unit::J,ihp.EnergyLoadTotalWaterHeating,OutputProcessor::SOVTimeStepType::System,OutputProcessor::SOVStoreType::Summed,ihp.Name
IntegratedHeatPump.cc,"""Integrated Heat Pump Air Latent Cooling Energy""",OutputProcessor::Unit::J,ihp.EnergyLatent,OutputProcessor::SOVTimeStepType::System,OutputProcessor::SOVStoreType::Summed,ihp.Name
IntegratedHeatPump.cc,"""Integrated Heat Pump Source Heat Transfer Energy""",OutputProcessor::Unit::J,ihp.EnergySource,OutputProcessor::SOVTimeStepType::System,OutputProcessor::SOVStoreType::Summed,ihp.Name
SolarShading.cc,"""Zone Windows Total Transmitted Solar Radiation Rate""",OutputProcessor::Unit::W,state.dataHeatBal->ZoneTransSolar(enclosureNum),OutputProcessor::SOVTimeStepType::Zone,OutputProcessor::SOVStoreType::Average,thisEnclosureName
SolarShading.cc,"""Zone Exterior Windows Total Transmitted Beam Solar Radiation Rate""",OutputProcessor::Unit::W,state.dataHeatBal->ZoneBmSolFrExtWinsRep(enclosureNum),OutputProcessor::SOVTimeStepType::Zone,OutputProcessor::SOVStoreType::Average,thisEnclosureName
SolarShading.cc,"""Zone Interior Windows Total Transmitted Beam Solar Radiation Rate""",OutputProcessor::Unit::W,state.dataHeatBal->ZoneBmSolFrIntWinsRep(enclosureNum),OutputProcessor::SOVTimeStepType::Zone,OutputProcessor::SOVStoreType::Average,thisEnclosureName
SolarShading.cc,"""Zone Exterior Windows Total Transmitted Diffuse Solar Radiation Rate""",OutputProcessor::Unit::W,state.dataHeatBal->ZoneDifSolFrExtWinsRep(enclosureNum),OutputProcessor::SOVTimeStepType::Zone,OutputProcessor::SOVStoreType::Average,thisEnclosureName
SolarShading.cc,"""Zone Interior Windows Total Transmitted Diffuse Solar Radiation Rate""",OutputProcessor::Unit::W,state.dataHeatBal->ZoneDifSolFrIntWinsRep(enclosureNum),OutputProcessor::SOVTimeStepType::Zone,OutputProcessor::SOVStoreType::Average,thisEnclosureName
SolarShading.cc,"""Zone Windows Total Transmitted Solar Radiation Energy""",OutputProcessor::Unit::J,state.dataHeatBal->ZoneTransSolarEnergy(enclosureNum),OutputProcessor::SOVTimeStepType::Zone,OutputProcessor::SOVStoreType::Summed,thisEnclosureName
SolarShading.cc,"""Zone Exterior Windows Total Transmitted Beam Solar Radiation Energy""",OutputProcessor::Unit::J,state.dataHeatBal->ZoneBmSolFrExtWinsRepEnergy(enclosureNum),OutputProcessor::SOVTimeStepType::Zone,OutputProcessor::SOVStoreType::Summed,thisEnclosureName
SolarShading.cc,"""Zone Interior Windows Total Transmitted Beam Solar Radiation Energy""",OutputProcessor::Unit::J,state.dataHeatBal->ZoneBmSolFrIntWinsRepEnergy(enclosureNum),OutputProcessor::SOVTimeStepType::Zone,OutputProcessor::SOVStoreType::Summed,thisEnclosureName
SolarShading.cc,"""Zone Exterior Windows Total Transmitted Diffuse Solar Radiation Energy""",OutputProcessor::Unit::J,state.dataHeatBal->ZoneDifSolFrExtWinsRepEnergy(enclosureNum),OutputProcessor::SOVTimeStepType::Zone,OutputProcessor::SOVStoreType::Summed,thisEnclosureName
SolarShading.cc,"""Zone Interior Windows Total Transmitted Diffuse Solar Radiation Energy""",OutputProcessor::Unit::J,state.dataHeatBal->ZoneDifSolFrIntWinsRepEnergy(enclosureNum),OutputProcessor::SOVTimeStepType::Zone,OutputProcessor::SOVStoreType::Summed,thisEnclosureName
SolarShading.cc,"""Zone Windows Total Heat Gain Rate""",OutputProcessor::Unit::W,state.dataHeatBal->ZoneWinHeatGainRep(ZoneLoop),OutputProcessor::SOVTimeStepType::Zone,OutputProcessor::SOVStoreType::Average,state.dataHeatBal->Zone(ZoneLoop).Name
SolarShading.cc,"""Zone Windows Total Heat Loss Rate""",OutputProcessor::Unit::W,state.dataHeatBal->ZoneWinHeatLossRep(ZoneLoop),OutputProcessor::SOVTimeStepType::Zone,OutputProcessor::SOVStoreType::Average,state.dataHeatBal->Zone(ZoneLoop).Name
SolarShading.cc,"""Zone Windows Total Heat Gain Energy""",OutputProcessor::Unit::J,state.dataHeatBal->ZoneWinHeatGainRepEnergy(ZoneLoop),OutputProcessor::SOVTimeStepType::Zone,OutputProcessor::SOVStoreType::Summed,state.dataHeatBal->Zone(ZoneLoop).Name
SolarShading.cc,"""Zone Windows Total Heat Loss Energy""",OutputProcessor::Unit::J,state.dataHeatBal->ZoneWinHeatLossRepEnergy(ZoneLoop),OutputProcessor::SOVTimeStepType::Zone,OutputProcessor::SOVStoreType::Summed,state.dataHeatBal->Zone(ZoneLoop).Name
SolarShading.cc,"""Zone Opaque Surface Inside Faces Total Conduction Heat Gain Rate""",OutputProcessor::Unit::W,state.dataHeatBal->ZoneOpaqSurfInsFaceCondGainRep(ZoneLoop),OutputProcessor::SOVTimeStepType::Zone,OutputProcessor::SOVStoreType::Average,state.dataHeatBal->Zone(ZoneLoop).Name
SolarShading.cc,"""Zone Opaque Surface Inside Faces Total Conduction Heat Loss Rate""",OutputProcessor::Unit::W,state.dataHeatBal->ZoneOpaqSurfInsFaceCondLossRep(ZoneLoop),OutputProcessor::SOVTimeStepType::Zone,OutputProcessor::SOVStoreType::Average,state.dataHeatBal->Zone(ZoneLoop).Name
SolarShading.cc,"""Zone Opaque Surface Inside Faces Total Conduction Heat Gain Energy""",OutputProcessor::Unit::J,state.dataHeatBal->ZnOpqSurfInsFaceCondGnRepEnrg(ZoneLoop),OutputProcessor::SOVTimeStepType::Zone,OutputProcessor::SOVStoreType::Summed,state.dataHeatBal->Zone(ZoneLoop).Name
SolarShading.cc,"""Zone Opaque Surface Inside Faces Total Conduction Heat Loss Energy""",OutputProcessor::Unit::J,state.dataHeatBal->ZnOpqSurfInsFaceCondLsRepEnrg(ZoneLoop),OutputProcessor::SOVTimeStepType::Zone,OutputProcessor::SOVStoreType::Summed,state.dataHeatBal->Zone(ZoneLoop).Name
SolarShading.cc,"""Surface Outside Normal Azimuth Angle""",OutputProcessor::Unit::deg,state.dataSurface->Surface(SurfLoop).Azimuth,OutputProcessor::SOVTimeStepType::Zone,OutputProcessor::SOVStoreType::Average,state.dataSurface->Surface(SurfLoop).Name
SolarShading.cc,"""Surface Outside Face Sunlit Area""",OutputProcessor::Unit::m2,state.dataSurface->SurfSunlitArea(SurfLoop),OutputProcessor::SOVTimeStepType::Zone,OutputProcessor::SOVStoreType::State,state.dataSurface->Surface(SurfLoop).Name
SolarShading.cc,"""Surface Outside Face Sunlit Fraction""",OutputProcessor::Unit::None,state.dataSurface->SurfSunlitFrac(SurfLoop),OutputProcessor::SOVTimeStepType::Zone,OutputProcessor::SOVStoreType::State,state.dataSurface->Surface(SurfLoop).Name
SolarShading.cc,"""Surface Outside Face Incident Solar Radiation Rate per Area""",OutputProcessor::Unit::W_m2,state.dataHeatBal->SurfQRadSWOutIncident(SurfLoop),OutputProcessor::SOVTimeStepType::Zone,OutputProcessor::SOVStoreType::Average,state.dataSurface->Surface(SurfLoop).Name
SolarShading.cc,"""Surface Outside Face Incident Beam Solar Radiation Rate per Area""",OutputProcessor::Unit::W_m2,state.dataHeatBal->SurfQRadSWOutIncidentBeam(SurfLoop),OutputProcessor::SOVTimeStepType::Zone,OutputProcessor::SOVStoreType::Average,state.dataSurface->Surface(SurfLoop).Name
SolarShading.cc,"""Surface Outside Face Incident Sky Diffuse Solar Radiation Rate per Area""",OutputProcessor::Unit::W_m2,state.dataHeatBal->SurfQRadSWOutIncidentSkyDiffuse(SurfLoop),OutputProcessor::SOVTimeStepType::Zone,OutputProcessor::SOVStoreType::Average,state.dataSurface->Surface(SurfLoop).Name
SolarShading.cc,"""Surface Outside Face Incident Ground Diffuse Solar Radiation Rate per Area""",OutputProcessor::Unit::W_m2,state.dataHeatBal->SurfQRadSWOutIncidentGndDiffuse(SurfLoop),OutputProcessor::SOVTimeStepType::Zone,OutputProcessor::SOVStoreType::Average,state.dataSurface->Surface(SurfLoop).Name
SolarShading.cc,"""Surface Outside Face Beam Solar Incident Angle Cosine Value""",OutputProcessor::Unit::None,state.dataHeatBal->SurfCosIncidenceAngle(SurfLoop),OutputProcessor::SOVTimeStepType::Zone,OutputProcessor::SOVStoreType::Average,state.dataSurface->Surface(SurfLoop).Name
SolarShading.cc,"""Surface Outside Face Incident Sky Diffuse Ground Reflected Solar Radiation Rate per Area""",OutputProcessor::Unit::W_m2,state.dataHeatBal->SurfQRadSWOutIncSkyDiffReflGnd(SurfLoop),OutputProcessor::SOVTimeStepType::Zone,OutputProcessor::SOVStoreType::Average,state.dataSurface->Surface(SurfLoop).Name
SolarShading.cc,"""Surface Outside Face Incident Sky Diffuse Surface Reflected Solar Radiation Rate per Area""",OutputProcessor::Unit::W_m2,state.dataHeatBal->SurfQRadSWOutIncSkyDiffReflObs(SurfLoop),OutputProcessor::SOVTimeStepType::Zone,OutputProcessor::SOVStoreType::Average,state.dataSurface->Surface(SurfLoop).Name
SolarShading.cc,"""Surface Outside Face Incident Beam To Beam Surface Reflected Solar Radiation Rate per Area""",OutputProcessor::Unit::W_m2,state.dataHeatBal->SurfQRadSWOutIncBmToBmReflObs(SurfLoop),OutputProcessor::SOVTimeStepType::Zone,OutputProcessor::SOVStoreType::Average,state.dataSurface->Surface(SurfLoop).Name
SolarShading.cc,"""Surface Outside Face Incident Beam To Diffuse Surface Reflected Solar Radiation Rate per Area""",OutputProcessor::Unit::W_m2,state.dataHeatBal->SurfQRadSWOutIncBmToDiffReflObs(SurfLoop),OutputProcessor::SOVTimeStepType::Zone,OutputProcessor::SOVStoreType::Average,state.dataSurface->Surface(SurfLoop).Name
SolarShading.cc,"""Surface Outside Face Incident Beam To Diffuse Ground Reflected Solar Radiation Rate per Area""",OutputProcessor::Unit::W_m2,state.dataHeatBal->SurfQRadSWOutIncBmToDiffReflGnd(SurfLoop),OutputProcessor::SOVTimeStepType::Zone,OutputProcessor::SOVStoreType::Average,state.dataSurface->Surface(SurfLoop).Name
SolarShading.cc,"""Surface Anisotropic Sky Multiplier""",OutputProcessor::Unit::None,state.dataSolarShading->SurfAnisoSkyMult(SurfLoop),OutputProcessor::SOVTimeStepType::Zone,OutputProcessor::SOVStoreType::Average,state.dataSurface->Surface(SurfLoop).Name
SolarShading.cc,"""Surface Window BSDF Beam Direction Number""",OutputProcessor::Unit::None,state.dataHeatBal->SurfWinBSDFBeamDirectionRep(SurfLoop),OutputProcessor::SOVTimeStepType::Zone,OutputProcessor::SOVStoreType::Average,state.dataSurface->Surface(SurfLoop).Name
SolarShading.cc,"""Surface Window BSDF Beam Theta Angle""",OutputProcessor::Unit::rad,state.dataHeatBal->SurfWinBSDFBeamThetaRep(SurfLoop),OutputProcessor::SOVTimeStepType::Zone,OutputProcessor::SOVStoreType::Average,state.dataSurface->Surface(SurfLoop).Name
SolarShading.cc,"""Surface Window BSDF Beam Phi Angle""",OutputProcessor::Unit::rad,state.dataHeatBal->SurfWinBSDFBeamPhiRep(SurfLoop),OutputProcessor::SOVTimeStepType::Zone,OutputProcessor::SOVStoreType::Average,state.dataSurface->Surface(SurfLoop).Name
SolarShading.cc,"""Surface Window Total Glazing Layers Absorbed Solar Radiation Rate""",OutputProcessor::Unit::W,state.dataHeatBal->SurfWinQRadSWwinAbsTot(SurfLoop),OutputProcessor::SOVTimeStepType::Zone,OutputProcessor::SOVStoreType::Average,state.dataSurface->Surface(SurfLoop).Name
SolarShading.cc,"""Surface Window Total Glazing Layers Absorbed Shortwave Radiation Rate""",OutputProcessor::Unit::W,state.dataHeatBal->SurfWinSWwinAbsTotalReport(SurfLoop),OutputProcessor::SOVTimeStepType::Zone,OutputProcessor::SOVStoreType::Average,state.dataSurface->Surface(SurfLoop).Name
SolarShading.cc,"format(""Surface Window Total Absorbed Shortwave Radiation Rate Layer {}"", I)",OutputProcessor::Unit::W,"state.dataHeatBal->SurfWinQRadSWwinAbsLayer(SurfLoop, I)",OutputProcessor::SOVTimeStepType::Zone,OutputProcessor::SOVStoreType::Average,state.dataSurface->Surface(SurfLoop).Name
SolarShading.cc,"format(""Surface Window Front Face Temperature Layer {}"", I)",OutputProcessor::Unit::C,"state.dataHeatBal->SurfWinFenLaySurfTempFront(SurfLoop, I)",OutputProcessor::SOVTimeStepType::Zone,OutputProcessor::SOVStoreType::Average,state.dataSurface->Surface(SurfLoop).Name
SolarShading.cc,"format(""Surface Window Back Face Temperature Layer {}"", I)",OutputProcessor::Unit::C,"state.dataHeatBal->SurfWinFenLaySurfTempBack(SurfLoop, I)",OutputProcessor::SOVTimeStepType::Zone,OutputProcessor::SOVStoreType::Average,state.dataSurface->Surface(SurfLoop).Name
SolarShading.cc,"""Surface Window Transmitted Solar Radiation Rate""",OutputProcessor::Unit::W,state.dataSurface->SurfWinTransSolar(SurfLoop),OutputProcessor::SOVTimeStepType::Zone,OutputProcessor::SOVStoreType::Average,state.dataSurface->Surface(SurfLoop).Name
SolarShading.cc,"""Surface Window Transmitted Beam Solar Radiation Rate""",OutputProcessor::Unit::W,state.dataSurface->SurfWinBmSolar(SurfLoop),OutputProcessor::SOVTimeStepType::Zone,OutputProcessor::SOVStoreType::Average,state.dataSurface->Surface(SurfLoop).Name
SolarShading.cc,"""Surface Window Transmitted Beam To Beam Solar Radiation Rate""",OutputProcessor::Unit::W,state.dataSurface->SurfWinBmBmSolar(SurfLoop),OutputProcessor::SOVTimeStepType::Zone,OutputProcessor::SOVStoreType::Average,state.dataSurface->Surface(SurfLoop).Name
SolarShading.cc,"""Surface Window Transmitted Beam To Diffuse Solar Radiation Rate""",OutputProcessor::Unit::W,state.dataSurface->SurfWinBmDifSolar(SurfLoop),OutputProcessor::SOVTimeStepType::Zone,OutputProcessor::SOVStoreType::Average,state.dataSurface->Surface(SurfLoop).Name
SolarShading.cc,"""Surface Window Transmitted Diffuse Solar Radiation Rate""",OutputProcessor::Unit::W,state.dataSurface->SurfWinDifSolar(SurfLoop),OutputProcessor::SOVTimeStepType::Zone,OutputProcessor::SOVStoreType::Average,state.dataSurface->Surface(SurfLoop).Name
SolarShading.cc,"""Surface Window Heat Gain Rate""",OutputProcessor::Unit::W,state.dataSurface->SurfWinHeatGainRep(SurfLoop),OutputProcessor::SOVTimeStepType::Zone,OutputProcessor::SOVStoreType::Average,state.dataSurface->Surface(SurfLoop).Name
SolarShading.cc,"""Surface Window Heat Loss Rate""",OutputProcessor::Unit::W,state.dataSurface->SurfWinHeatLossRep(SurfLoop),OutputProcessor::SOVTimeStepType::Zone,OutputProcessor::SOVStoreType::Average,state.dataSurface->Surface(SurfLoop).Name
SolarShading.cc,"""Surface Window Gap Convective Heat Transfer Rate""",OutputProcessor::Unit::W,state.dataSurface->SurfWinGapConvHtFlowRep(SurfLoop),OutputProcessor::SOVTimeStepType::Zone,OutputProcessor::SOVStoreType::Average,state.dataSurface->Surface(SurfLoop).Name
SolarShading.cc,"""Surface Window Shading Device Absorbed Solar Radiation Rate""",OutputProcessor::Unit::W,state.dataSurface->SurfWinShadingAbsorbedSolar(SurfLoop),OutputProcessor::SOVTimeStepType::Zone,OutputProcessor::SOVStoreType::Average,state.dataSurface->Surface(SurfLoop).Name
SolarShading.cc,"""Surface Window Net Heat Transfer Rate""",OutputProcessor::Unit::W,state.dataSurface->SurfWinHeatGain(SurfLoop),OutputProcessor::SOVTimeStepType::Zone,OutputProcessor::SOVStoreType::Average,state.dataSurface->Surface(SurfLoop).Name
SolarShading.cc,"""Surface Window Inside Face Glazing Zone Convection Heat Gain Rate""",OutputProcessor::Unit::W,state.dataSurface->SurfWinGainConvGlazToZoneRep(SurfLoop),OutputProcessor::SOVTimeStepType::Zone,OutputProcessor::SOVStoreType::Average,state.dataSurface->Surface(SurfLoop).Name
SolarShading.cc,"""Surface Window Inside Face Glazing Net Infrared Heat Transfer Rate""",OutputProcessor::Unit::W,state.dataSurface->SurfWinGainIRGlazToZoneRep(SurfLoop),OutputProcessor::SOVTimeStepType::Zone,OutputProcessor::SOVStoreType::Average,state.dataSurface->Surface(SurfLoop).Name
SolarShading.cc,"""Surface Window Shortwave from Zone Back Out Window Heat Transfer Rate""",OutputProcessor::Unit::W,state.dataSurface->SurfWinLossSWZoneToOutWinRep(SurfLoop),OutputProcessor::SOVTimeStepType::Zone,OutputProcessor::SOVStoreType::Average,state.dataSurface->Surface(SurfLoop).Name
SolarShading.cc,"""Surface Window Inside Face Frame and Divider Zone Heat Gain Rate""",OutputProcessor::Unit::W,state.dataSurface->SurfWinGainFrameDividerToZoneRep(SurfLoop),OutputProcessor::SOVTimeStepType::Zone,OutputProcessor::SOVStoreType::Average,state.dataSurface->Surface(SurfLoop).Name
SolarShading.cc,"""Surface Window Inside Face Gap between Shade and Glazing Zone Convection Heat Gain Rate""",OutputProcessor::Unit::W,state.dataSurface->SurfWinConvHeatFlowNatural(SurfLoop),OutputProcessor::SOVTimeStepType::Zone,OutputProcessor::SOVStoreType::Average,state.dataSurface->Surface(SurfLoop).Name
SolarShading.cc,"""Surface Window Inside Face Shade Zone Convection Heat Gain Rate""",OutputProcessor::Unit::W,state.dataSurface->SurfWinGainConvShadeToZoneRep(SurfLoop),OutputProcessor::SOVTimeStepType::Zone,OutputProcessor::SOVStoreType::Average,state.dataSurface->Surface(SurfLoop).Name
SolarShading.cc,"""Surface Window Inside Face Shade Net Infrared Heat Transfer Rate""",OutputProcessor::Unit::W,state.dataSurface->SurfWinGainIRShadeToZoneRep(SurfLoop),OutputProcessor::SOVTimeStepType::Zone,OutputProcessor::SOVStoreType::Average,state.dataSurface->Surface(SurfLoop).Name
SolarShading.cc,"""Surface Window Inside Face Other Convection Heat Gain Rate""",OutputProcessor::Unit::W,state.dataSurface->SurfWinOtherConvHeatGain(SurfLoop),OutputProcessor::SOVTimeStepType::Zone,OutputProcessor::SOVStoreType::Average,state.dataSurface->Surface(SurfLoop).Name
SolarShading.cc,"""Surface Window Thermochromic Layer Temperature""",OutputProcessor::Unit::C,state.dataSurface->SurfWinTCLayerTemp(SurfLoop),OutputProcessor::SOVTimeStepType::Zone,OutputProcessor::SOVStoreType::Average,state.dataSurface->Surface(SurfLoop).Name
SolarShading.cc,"""Surface Window Thermochromic Layer Property Specification Temperature""",OutputProcessor::Unit::C,state.dataSurface->SurfWinSpecTemp(SurfLoop),OutputProcessor::SOVTimeStepType::Zone,OutputProcessor::SOVStoreType::Average,state.dataSurface->Surface(SurfLoop).Name
SolarShading.cc,"""Surface Window Switchable Glazing Switching Factor""",OutputProcessor::Unit::None,state.dataSurface->SurfWinSwitchingFactor(SurfLoop),OutputProcessor::SOVTimeStepType::Zone,OutputProcessor::SOVStoreType::Average,state.dataSurface->Surface(SurfLoop).Name
SolarShading.cc,"""Surface Window Switchable Glazing Visible Transmittance""",OutputProcessor::Unit::None,state.dataSurface->SurfWinVisTransSelected(SurfLoop),OutputProcessor::SOVTimeStepType::Zone,OutputProcessor::SOVStoreType::Average,state.dataSurface->Surface(SurfLoop).Name
SolarShading.cc,"""Surface Window Frame Heat Gain Rate""",OutputProcessor::Unit::W,state.dataSurface->SurfWinFrameHeatGain(SurfLoop),OutputProcessor::SOVTimeStepType::Zone,OutputProcessor::SOVStoreType::Average,state.dataSurface->Surface(SurfLoop).Name
SolarShading.cc,"""Surface Window Frame Heat Loss Rate""",OutputProcessor::Unit::W,state.dataSurface->SurfWinFrameHeatLoss(SurfLoop),OutputProcessor::SOVTimeStepType::Zone,OutputProcessor::SOVStoreType::Average,state.dataSurface->Surface(SurfLoop).Name
SolarShading.cc,"""Surface Window Frame Inside Temperature""",OutputProcessor::Unit::C,state.dataSurface->SurfWinFrameTempIn(SurfLoop),OutputProcessor::SOVTimeStepType::Zone,OutputProcessor::SOVStoreType::Average,state.dataSurface->Surface(SurfLoop).Name
SolarShading.cc,"""Surface Window Frame Outside Temperature""",OutputProcessor::Unit::C,state.dataSurface->SurfWinFrameTempSurfOut(SurfLoop),OutputProcessor::SOVTimeStepType::Zone,OutputProcessor::SOVStoreType::Average,state.dataSurface->Surface(SurfLoop).Name
SolarShading.cc,"""Surface Window Divider Heat Gain Rate""",OutputProcessor::Unit::W,state.dataSurface->SurfWinDividerHeatGain(SurfLoop),OutputProcessor::SOVTimeStepType::Zone,OutputProcessor::SOVStoreType::Average,state.dataSurface->Surface(SurfLoop).Name
SolarShading.cc,"""Surface Window Divider Heat Loss Rate""",OutputProcessor::Unit::W,state.dataSurface->SurfWinDividerHeatLoss(SurfLoop),OutputProcessor::SOVTimeStepType::Zone,OutputProcessor::SOVStoreType::Average,state.dataSurface->Surface(SurfLoop).Name
SolarShading.cc,"""Surface Window Divider Inside Temperature""",OutputProcessor::Unit::C,state.dataSurface->SurfWinDividerTempIn(SurfLoop),OutputProcessor::SOVTimeStepType::Zone,OutputProcessor::SOVStoreType::Average,state.dataSurface->Surface(SurfLoop).Name
SolarShading.cc,"""Surface Window Divider Outside Temperature""",OutputProcessor::Unit::C,state.dataSurface->SurfWinDividerTempSurfOut(SurfLoop),OutputProcessor::SOVTimeStepType::Zone,OutputProcessor::SOVStoreType::Average,state.dataSurface->Surface(SurfLoop).Name
SolarShading.cc,"""Surface Window Total Glazing Layers Absorbed Solar Radiation Energy""",OutputProcessor::Unit::J,state.dataHeatBal->SurfWinQRadSWwinAbsTotEnergy(SurfLoop),OutputProcessor::SOVTimeStepType::Zone,OutputProcessor::SOVStoreType::Summed,state.dataSurface->Surface(SurfLoop).Name
SolarShading.cc,"""Surface Window Transmitted Solar Radiation Energy""",OutputProcessor::Unit::J,state.dataSurface->SurfWinTransSolarEnergy(SurfLoop),OutputProcessor::SOVTimeStepType::Zone,OutputProcessor::SOVStoreType::Summed,state.dataSurface->Surface(SurfLoop).Name
SolarShading.cc,"""Surface Window Transmitted Beam Solar Radiation Energy""",OutputProcessor::Unit::J,state.dataSurface->SurfWinBmSolarEnergy(SurfLoop),OutputProcessor::SOVTimeStepType::Zone,OutputProcessor::SOVStoreType::Summed,state.dataSurface->Surface(SurfLoop).Name
SolarShading.cc,"""Surface Window Transmitted Beam To Beam Solar Radiation Energy""",OutputProcessor::Unit::J,state.dataSurface->SurfWinBmBmSolarEnergy(SurfLoop),OutputProcessor::SOVTimeStepType::Zone,OutputProcessor::SOVStoreType::Summed,state.dataSurface->Surface(SurfLoop).Name
SolarShading.cc,"""Surface Window Transmitted Beam To Diffuse Solar Radiation Energy""",OutputProcessor::Unit::J,state.dataSurface->SurfWinBmDifSolarEnergy(SurfLoop),OutputProcessor::SOVTimeStepType::Zone,OutputProcessor::SOVStoreType::Summed,state.dataSurface->Surface(SurfLoop).Name
SolarShading.cc,"""Surface Window Transmitted Diffuse Solar Radiation Energy""",OutputProcessor::Unit::J,state.dataSurface->SurfWinDifSolarEnergy(SurfLoop),OutputProcessor::SOVTimeStepType::Zone,OutputProcessor::SOVStoreType::Summed,state.dataSurface->Surface(SurfLoop).Name
SolarShading.cc,"""Surface Window Heat Gain Energy""",OutputProcessor::Unit::J,state.dataSurface->SurfWinHeatGainRepEnergy(SurfLoop),OutputProcessor::SOVTimeStepType::Zone,OutputProcessor::SOVStoreType::Summed,state.dataSurface->Surface(SurfLoop).Name
SolarShading.cc,"""Surface Window Heat Loss Energy""",OutputProcessor::Unit::J,state.dataSurface->SurfWinHeatLossRepEnergy(SurfLoop),OutputProcessor::SOVTimeStepType::Zone,OutputProcessor::SOVStoreType::Summed,state.dataSurface->Surface(SurfLoop).Name
SolarShading.cc,"""Surface Window Gap Convective Heat Transfer Energy""",OutputProcessor::Unit::J,state.dataSurface->SurfWinGapConvHtFlowRepEnergy(SurfLoop),OutputProcessor::SOVTimeStepType::Zone,OutputProcessor::SOVStoreType::Summed,state.dataSurface->Surface(SurfLoop).Name
SolarShading.cc,"""Surface Window Shading Device Absorbed Solar Radiation Energy""",OutputProcessor::Unit::J,state.dataSurface->SurfWinShadingAbsorbedSolarEnergy(SurfLoop),OutputProcessor::SOVTimeStepType::Zone,OutputProcessor::SOVStoreType::Summed,state.dataSurface->Surface(SurfLoop).Name
SolarShading.cc,"""Surface Window Net Heat Transfer Energy""",OutputProcessor::Unit::J,state.dataSurface->SurfWinHeatTransferRepEnergy(SurfLoop),OutputProcessor::SOVTimeStepType::Zone,OutputProcessor::SOVStoreType::Summed,state.dataSurface->Surface(SurfLoop).Name
SolarShading.cc,"""Surface Window System Solar Transmittance""",OutputProcessor::Unit::None,state.dataSurface->SurfWinSysSolTransmittance(SurfLoop),OutputProcessor::SOVTimeStepType::Zone,OutputProcessor::SOVStoreType::Average,state.dataSurface->Surface(SurfLoop).Name
SolarShading.cc,"""Surface Window System Solar Reflectance""",OutputProcessor::Unit::None,state.dataSurface->SurfWinSysSolReflectance(SurfLoop),OutputProcessor::SOVTimeStepType::Zone,OutputProcessor::SOVStoreType::Average,state.dataSurface->Surface(SurfLoop).Name
SolarShading.cc,"""Surface Window System Solar Absorptance""",OutputProcessor::Unit::None,state.dataSurface->SurfWinSysSolAbsorptance(SurfLoop),OutputProcessor::SOVTimeStepType::Zone,OutputProcessor::SOVStoreType::Average,state.dataSurface->Surface(SurfLoop).Name
SolarShading.cc,"""Surface Window Inside Face Glazing Condensation Status""",OutputProcessor::Unit::None,state.dataSurface->SurfWinInsideGlassCondensationFlag(SurfLoop),OutputProcessor::SOVTimeStepType::Zone,OutputProcessor::SOVStoreType::State,state.dataSurface->Surface(SurfLoop).Name
SolarShading.cc,"""Surface Window Inside Face Frame Condensation Status""",OutputProcessor::Unit::None,state.dataSurface->SurfWinInsideFrameCondensationFlag(SurfLoop),OutputProcessor::SOVTimeStepType::Zone,OutputProcessor::SOVStoreType::State,state.dataSurface->Surface(SurfLoop).Name
SolarShading.cc,"""Surface Window Inside Face Divider Condensation Status""",OutputProcessor::Unit::None,state.dataSurface->SurfWinInsideDividerCondensationFlag(SurfLoop),OutputProcessor::SOVTimeStepType::Zone,OutputProcessor::SOVStoreType::State,state.dataSurface->Surface(SurfLoop).Name
SolarShading.cc,"""Surface Window Outside Reveal Reflected Beam Solar Radiation Rate""",OutputProcessor::Unit::W,state.dataSurface->SurfWinBmSolRefldOutsRevealReport(SurfLoop),OutputProcessor::SOVTimeStepType::Zone,OutputProcessor::SOVStoreType::State,state.dataSurface->Surface(SurfLoop).Name
SolarShading.cc,"""Surface Window Outside Reveal Reflected Beam Solar Radiation Energy""",OutputProcessor::Unit::J,state.dataSurface->SurfWinBmSolRefldOutsRevealRepEnergy(SurfLoop),OutputProcessor::SOVTimeStepType::Zone,OutputProcessor::SOVStoreType::Summed,state.dataSurface->Surface(SurfLoop).Name
SolarShading.cc,"""Surface Window Inside Reveal Reflected Beam Solar Radiation Rate""",OutputProcessor::Unit::W,state.dataSurface->SurfWinBmSolRefldInsRevealReport(SurfLoop),OutputProcessor::SOVTimeStepType::Zone,OutputProcessor::SOVStoreType::State,state.dataSurface->Surface(SurfLoop).Name
SolarShading.cc,"""Surface Window Inside Reveal Reflected Beam Solar Radiation Energy""",OutputProcessor::Unit::J,state.dataSurface->SurfWinBmSolRefldInsRevealRepEnergy(SurfLoop),OutputProcessor::SOVTimeStepType::Zone,OutputProcessor::SOVStoreType::Summed,state.dataSurface->Surface(SurfLoop).Name
SolarShading.cc,"""Surface Window Inside Reveal Absorbed Beam Solar Radiation Rate""",OutputProcessor::Unit::W,state.dataSurface->SurfWinBmSolAbsdInsRevealReport(SurfLoop),OutputProcessor::SOVTimeStepType::Zone,OutputProcessor::SOVStoreType::State,state.dataSurface->Surface(SurfLoop).Name
SolarShading.cc,"""Surface Window Inside Reveal Reflected Diffuse Zone Solar Radiation Rate""",OutputProcessor::Unit::W,state.dataSurface->SurfWinInsRevealDiffIntoZoneReport(SurfLoop),OutputProcessor::SOVTimeStepType::Zone,OutputProcessor::SOVStoreType::State,state.dataSurface->Surface(SurfLoop).Name
SolarShading.cc,"""Surface Window Inside Reveal Reflected Diffuse Frame Solar Radiation Rate""",OutputProcessor::Unit::W,state.dataSurface->SurfWinInsRevealDiffOntoFrameReport(SurfLoop),OutputProcessor::SOVTimeStepType::Zone,OutputProcessor::SOVStoreType::State,state.dataSurface->Surface(SurfLoop).Name
SolarShading.cc,"""Surface Window Inside Reveal Reflected Diffuse Glazing Solar Radiation Rate""",OutputProcessor::Unit::W,state.dataSurface->SurfWinInsRevealDiffOntoGlazingReport(SurfLoop),OutputProcessor::SOVTimeStepType::Zone,OutputProcessor::SOVStoreType::State,state.dataSurface->Surface(SurfLoop).Name
SolarShading.cc,"""Surface Window Blind Beam to Beam Solar Transmittance""",OutputProcessor::Unit::None,state.dataSurface->SurfWinBlTsolBmBm(SurfLoop),OutputProcessor::SOVTimeStepType::Zone,OutputProcessor::SOVStoreType::State,state.dataSurface->Surface(SurfLoop).Name
SolarShading.cc,"""Surface Window Blind Beam to Diffuse Solar Transmittance""",OutputProcessor::Unit::None,state.dataSurface->SurfWinBlTsolBmDif(SurfLoop),OutputProcessor::SOVTimeStepType::Zone,OutputProcessor::SOVStoreType::State,state.dataSurface->Surface(SurfLoop).Name
SolarShading.cc,"""Surface Window Blind Diffuse to Diffuse Solar Transmittance""",OutputProcessor::Unit::None,state.dataSurface->SurfWinBlTsolDifDif(SurfLoop),OutputProcessor::SOVTimeStepType::Zone,OutputProcessor::SOVStoreType::State,state.dataSurface->Surface(SurfLoop).Name
SolarShading.cc,"""Surface Window Blind and Glazing System Beam Solar Transmittance""",OutputProcessor::Unit::None,state.dataSurface->SurfWinBlGlSysTsolBmBm(SurfLoop),OutputProcessor::SOVTimeStepType::Zone,OutputProcessor::SOVStoreType::State,state.dataSurface->Surface(SurfLoop).Name
SolarShading.cc,"""Surface Window Blind and Glazing System Diffuse Solar Transmittance""",OutputProcessor::Unit::None,state.dataSurface->SurfWinBlGlSysTsolDifDif(SurfLoop),OutputProcessor::SOVTimeStepType::Zone,OutputProcessor::SOVStoreType::State,state.dataSurface->Surface(SurfLoop).Name
SolarShading.cc,"""Surface Window Screen Beam to Beam Solar Transmittance""",OutputProcessor::Unit::None,state.dataSurface->SurfWinScTsolBmBm(SurfLoop),OutputProcessor::SOVTimeStepType::Zone,OutputProcessor::SOVStoreType::State,state.dataSurface->Surface(SurfLoop).Name
SolarShading.cc,"""Surface Window Screen Beam to Diffuse Solar Transmittance""",OutputProcessor::Unit::None,state.dataSurface->SurfWinScTsolBmDif(SurfLoop),OutputProcessor::SOVTimeStepType::Zone,OutputProcessor::SOVStoreType::State,state.dataSurface->Surface(SurfLoop).Name
SolarShading.cc,"""Surface Window Screen Diffuse to Diffuse Solar Transmittance""",OutputProcessor::Unit::None,state.dataSurface->SurfWinScTsolDifDif(SurfLoop),OutputProcessor::SOVTimeStepType::Zone,OutputProcessor::SOVStoreType::State,state.dataSurface->Surface(SurfLoop).Name
SolarShading.cc,"""Surface Window Screen and Glazing System Beam Solar Transmittance""",OutputProcessor::Unit::None,state.dataSurface->SurfWinScGlSysTsolBmBm(SurfLoop),OutputProcessor::SOVTimeStepType::Zone,OutputProcessor::SOVStoreType::State,state.dataSurface->Surface(SurfLoop).Name
SolarShading.cc,"""Surface Window Screen and Glazing System Diffuse Solar Transmittance""",OutputProcessor::Unit::None,state.dataSurface->SurfWinScGlSysTsolDifDif(SurfLoop),OutputProcessor::SOVTimeStepType::Zone,OutputProcessor::SOVStoreType::State,state.dataSurface->Surface(SurfLoop).Name
SolarShading.cc,"""Surface Window Solar Horizontal Profile Angle""",OutputProcessor::Unit::deg,state.dataSurface->SurfWinProfileAngHor(SurfLoop),OutputProcessor::SOVTimeStepType::Zone,OutputProcessor::SOVStoreType::State,state.dataSurface->Surface(SurfLoop).Name
SolarShading.cc,"""Surface Window Solar Vertical Profile Angle""",OutputProcessor::Unit::deg,state.dataSurface->SurfWinProfileAngVert(SurfLoop),OutputProcessor::SOVTimeStepType::Zone,OutputProcessor::SOVStoreType::State,state.dataSurface->Surface(SurfLoop).Name
SolarShading.cc,"""Surface Window Glazing Beam to Beam Solar Transmittance""",OutputProcessor::Unit::None,state.dataSurface->SurfWinGlTsolBmBm(SurfLoop),OutputProcessor::SOVTimeStepType::Zone,OutputProcessor::SOVStoreType::State,state.dataSurface->Surface(SurfLoop).Name
SolarShading.cc,"""Surface Window Glazing Beam to Diffuse Solar Transmittance""",OutputProcessor::Unit::None,state.dataSurface->SurfWinGlTsolBmDif(SurfLoop),OutputProcessor::SOVTimeStepType::Zone,OutputProcessor::SOVStoreType::State,state.dataSurface->Surface(SurfLoop).Name
SolarShading.cc,"""Surface Window Glazing Diffuse to Diffuse Solar Transmittance""",OutputProcessor::Unit::None,state.dataSurface->SurfWinGlTsolDifDif(SurfLoop),OutputProcessor::SOVTimeStepType::Zone,OutputProcessor::SOVStoreType::State,state.dataSurface->Surface(SurfLoop).Name
SolarShading.cc,"""Surface Window Model Solver Iteration Count""",OutputProcessor::Unit::None,state.dataSurface->SurfWinWindowCalcIterationsRep(SurfLoop),OutputProcessor::SOVTimeStepType::Zone,OutputProcessor::SOVStoreType::State,state.dataSurface->Surface(SurfLoop).Name
SolarShading.cc,"""Surface Window Total Glazing Layers Absorbed Solar Radiation Rate""",OutputProcessor::Unit::W,state.dataHeatBal->SurfWinQRadSWwinAbsTot(SurfLoop),OutputProcessor::SOVTimeStepType::Zone,OutputProcessor::SOVStoreType::Average,state.dataSurface->Surface(SurfLoop).Name
SolarShading.cc,"""Surface Window Total Glazing Layers Absorbed Shortwave Radiation Rate""",OutputProcessor::Unit::W,state.dataHeatBal->SurfWinSWwinAbsTotalReport(SurfLoop),OutputProcessor::SOVTimeStepType::Zone,OutputProcessor::SOVStoreType::Average,state.dataSurface->Surface(SurfLoop).Name
SolarShading.cc,"""Surface Window Transmitted Solar Radiation Rate""",OutputProcessor::Unit::W,state.dataSurface->SurfWinTransSolar(SurfLoop),OutputProcessor::SOVTimeStepType::Zone,OutputProcessor::SOVStoreType::Average,state.dataSurface->Surface(SurfLoop).Name
SolarShading.cc,"""Surface Window Transmitted Beam Solar Radiation Rate""",OutputProcessor::Unit::W,state.dataSurface->SurfWinBmSolar(SurfLoop),OutputProcessor::SOVTimeStepType::Zone,OutputProcessor::SOVStoreType::Average,state.dataSurface->Surface(SurfLoop).Name
SolarShading.cc,"""Surface Window Transmitted Beam To Beam Solar Radiation Rate""",OutputProcessor::Unit::W,state.dataSurface->SurfWinBmBmSolar(SurfLoop),OutputProcessor::SOVTimeStepType::Zone,OutputProcessor::SOVStoreType::Average,state.dataSurface->Surface(SurfLoop).Name
SolarShading.cc,"""Surface Window Transmitted Beam To Diffuse Solar Radiation Rate""",OutputProcessor::Unit::W,state.dataSurface->SurfWinBmDifSolar(SurfLoop),OutputProcessor::SOVTimeStepType::Zone,OutputProcessor::SOVStoreType::Average,state.dataSurface->Surface(SurfLoop).Name
SolarShading.cc,"""Surface Window Transmitted Diffuse Solar Radiation Rate""",OutputProcessor::Unit::W,state.dataSurface->SurfWinDifSolar(SurfLoop),OutputProcessor::SOVTimeStepType::Zone,OutputProcessor::SOVStoreType::Average,state.dataSurface->Surface(SurfLoop).Name
SolarShading.cc,"""Surface Window Heat Gain Rate""",OutputProcessor::Unit::W,state.dataSurface->SurfWinHeatGainRep(SurfLoop),OutputProcessor::SOVTimeStepType::Zone,OutputProcessor::SOVStoreType::Average,state.dataSurface->Surface(SurfLoop).Name
SolarShading.cc,"""Surface Window Heat Loss Rate""",OutputProcessor::Unit::W,state.dataSurface->SurfWinHeatLossRep(SurfLoop),OutputProcessor::SOVTimeStepType::Zone,OutputProcessor::SOVStoreType::Average,state.dataSurface->Surface(SurfLoop).Name
SolarShading.cc,"""Surface Window Gap Convective Heat Transfer Rate""",OutputProcessor::Unit::W,state.dataSurface->SurfWinGapConvHtFlowRep(SurfLoop),OutputProcessor::SOVTimeStepType::Zone,OutputProcessor::SOVStoreType::Average,state.dataSurface->Surface(SurfLoop).Name
SolarShading.cc,"""Surface Window Shading Device Absorbed Solar Radiation Rate""",OutputProcessor::Unit::W,state.dataSurface->SurfWinShadingAbsorbedSolar(SurfLoop),OutputProcessor::SOVTimeStepType::Zone,OutputProcessor::SOVStoreType::Average,state.dataSurface->Surface(SurfLoop).Name
SolarShading.cc,"""Surface Window Frame Heat Gain Rate""",OutputProcessor::Unit::W,state.dataSurface->SurfWinFrameHeatGain(SurfLoop),OutputProcessor::SOVTimeStepType::Zone,OutputProcessor::SOVStoreType::Average,state.dataSurface->Surface(SurfLoop).Name
SolarShading.cc,"""Surface Window Frame Heat Loss Rate""",OutputProcessor::Unit::W,state.dataSurface->SurfWinFrameHeatLoss(SurfLoop),OutputProcessor::SOVTimeStepType::Zone,OutputProcessor::SOVStoreType::Average,state.dataSurface->Surface(SurfLoop).Name
SolarShading.cc,"""Surface Window Frame Inside Temperature""",OutputProcessor::Unit::C,state.dataSurface->SurfWinFrameTempIn(SurfLoop),OutputProcessor::SOVTimeStepType::Zone,OutputProcessor::SOVStoreType::Average,state.dataSurface->Surface(SurfLoop).Name
SolarShading.cc,"""Surface Window Frame Outside Temperature""",OutputProcessor::Unit::C,state.dataSurface->SurfWinFrameTempSurfOut(SurfLoop),OutputProcessor::SOVTimeStepType::Zone,OutputProcessor::SOVStoreType::Average,state.dataSurface->Surface(SurfLoop).Name
SolarShading.cc,"""Surface Window Divider Heat Gain Rate""",OutputProcessor::Unit::W,state.dataSurface->SurfWinDividerHeatGain(SurfLoop),OutputProcessor::SOVTimeStepType::Zone,OutputProcessor::SOVStoreType::Average,state.dataSurface->Surface(SurfLoop).Name
SolarShading.cc,"""Surface Window Divider Heat Loss Rate""",OutputProcessor::Unit::W,state.dataSurface->SurfWinDividerHeatLoss(SurfLoop),OutputProcessor::SOVTimeStepType::Zone,OutputProcessor::SOVStoreType::Average,state.dataSurface->Surface(SurfLoop).Name
SolarShading.cc,"""Surface Window Divider Inside Temperature""",OutputProcessor::Unit::C,state.dataSurface->SurfWinDividerTempIn(SurfLoop),OutputProcessor::SOVTimeStepType::Zone,OutputProcessor::SOVStoreType::Average,state.dataSurface->Surface(SurfLoop).Name
SolarShading.cc,"""Surface Window Divider Outside Temperature""",OutputProcessor::Unit::C,state.dataSurface->SurfWinDividerTempSurfOut(SurfLoop),OutputProcessor::SOVTimeStepType::Zone,OutputProcessor::SOVStoreType::Average,state.dataSurface->Surface(SurfLoop).Name
SolarShading.cc,"""Surface Window Total Glazing Layers Absorbed Solar Radiation Energy""",OutputProcessor::Unit::J,state.dataHeatBal->SurfWinQRadSWwinAbsTotEnergy(SurfLoop),OutputProcessor::SOVTimeStepType::Zone,OutputProcessor::SOVStoreType::Summed,state.dataSurface->Surface(SurfLoop).Name
SolarShading.cc,"""Surface Window Transmitted Solar Radiation Energy""",OutputProcessor::Unit::J,state.dataSurface->SurfWinTransSolarEnergy(SurfLoop),OutputProcessor::SOVTimeStepType::Zone,OutputProcessor::SOVStoreType::Summed,state.dataSurface->Surface(SurfLoop).Name
SolarShading.cc,"""Surface Window Transmitted Beam Solar Radiation Energy""",OutputProcessor::Unit::J,state.dataSurface->SurfWinBmSolarEnergy(SurfLoop),OutputProcessor::SOVTimeStepType::Zone,OutputProcessor::SOVStoreType::Summed,state.dataSurface->Surface(SurfLoop).Name
SolarShading.cc,"""Surface Window Transmitted Beam To Beam Solar Radiation Energy""",OutputProcessor::Unit::J,state.dataSurface->SurfWinBmBmSolarEnergy(SurfLoop),OutputProcessor::SOVTimeStepType::Zone,OutputProcessor::SOVStoreType::Summed,state.dataSurface->Surface(SurfLoop).Name
SolarShading.cc,"""Surface Window Transmitted Beam To Diffuse Solar Radiation Energy""",OutputProcessor::Unit::J,state.dataSurface->SurfWinBmDifSolarEnergy(SurfLoop),OutputProcessor::SOVTimeStepType::Zone,OutputProcessor::SOVStoreType::Summed,state.dataSurface->Surface(SurfLoop).Name
SolarShading.cc,"""Surface Window Transmitted Diffuse Solar Radiation Energy""",OutputProcessor::Unit::J,state.dataSurface->SurfWinDifSolarEnergy(SurfLoop),OutputProcessor::SOVTimeStepType::Zone,OutputProcessor::SOVStoreType::Summed,state.dataSurface->Surface(SurfLoop).Name
SolarShading.cc,"""Surface Window Heat Gain Energy""",OutputProcessor::Unit::J,state.dataSurface->SurfWinHeatGainRepEnergy(SurfLoop),OutputProcessor::SOVTimeStepType::Zone,OutputProcessor::SOVStoreType::Summed,state.dataSurface->Surface(SurfLoop).Name
SolarShading.cc,"""Surface Window Heat Loss Energy""",OutputProcessor::Unit::J,state.dataSurface->SurfWinHeatLossRepEnergy(SurfLoop),OutputProcessor::SOVTimeStepType::Zone,OutputProcessor::SOVStoreType::Summed,state.dataSurface->Surface(SurfLoop).Name
SolarShading.cc,"""Surface Window Gap Convective Heat Transfer Energy""",OutputProcessor::Unit::J,state.dataSurface->SurfWinGapConvHtFlowRepEnergy(SurfLoop),OutputProcessor::SOVTimeStepType::Zone,OutputProcessor::SOVStoreType::Summed,state.dataSurface->Surface(SurfLoop).Name
SolarShading.cc,"""Surface Window Shading Device Absorbed Solar Radiation Energy""",OutputProcessor::Unit::J,state.dataSurface->SurfWinShadingAbsorbedSolarEnergy(SurfLoop),OutputProcessor::SOVTimeStepType::Zone,OutputProcessor::SOVStoreType::Summed,state.dataSurface->Surface(SurfLoop).Name
SolarShading.cc,"""Surface Window System Solar Transmittance""",OutputProcessor::Unit::None,state.dataSurface->SurfWinSysSolTransmittance(SurfLoop),OutputProcessor::SOVTimeStepType::Zone,OutputProcessor::SOVStoreType::Average,state.dataSurface->Surface(SurfLoop).Name
SolarShading.cc,"""Surface Window System Solar Reflectance""",OutputProcessor::Unit::None,state.dataSurface->SurfWinSysSolReflectance(SurfLoop),OutputProcessor::SOVTimeStepType::Zone,OutputProcessor::SOVStoreType::Average,state.dataSurface->Surface(SurfLoop).Name
SolarShading.cc,"""Surface Window System Solar Absorptance""",OutputProcessor::Unit::None,state.dataSurface->SurfWinSysSolAbsorptance(SurfLoop),OutputProcessor::SOVTimeStepType::Zone,OutputProcessor::SOVStoreType::Average,state.dataSurface->Surface(SurfLoop).Name
SolarShading.cc,"""Surface Window Inside Face Glazing Condensation Status""",OutputProcessor::Unit::None,state.dataSurface->SurfWinInsideGlassCondensationFlag(SurfLoop),OutputProcessor::SOVTimeStepType::Zone,OutputProcessor::SOVStoreType::State,state.dataSurface->Surface(SurfLoop).Name
SolarShading.cc,"""Surface Window Inside Face Frame Condensation Status""",OutputProcessor::Unit::None,state.dataSurface->SurfWinInsideFrameCondensationFlag(SurfLoop),OutputProcessor::SOVTimeStepType::Zone,OutputProcessor::SOVStoreType::State,state.dataSurface->Surface(SurfLoop).Name
SolarShading.cc,"""Surface Window Inside Face Divider Condensation Status""",OutputProcessor::Unit::None,state.dataSurface->SurfWinInsideDividerCondensationFlag(SurfLoop),OutputProcessor::SOVTimeStepType::Zone,OutputProcessor::SOVStoreType::State,state.dataSurface->Surface(SurfLoop).Name
SolarShading.cc,"""Surface Window Outside Reveal Reflected Beam Solar Radiation Rate""",OutputProcessor::Unit::W,state.dataSurface->SurfWinBmSolRefldOutsRevealReport(SurfLoop),OutputProcessor::SOVTimeStepType::Zone,OutputProcessor::SOVStoreType::State,state.dataSurface->Surface(SurfLoop).Name
SolarShading.cc,"""Surface Window Inside Reveal Reflected Beam Solar Radiation Rate""",OutputProcessor::Unit::W,state.dataSurface->SurfWinBmSolRefldInsRevealReport(SurfLoop),OutputProcessor::SOVTimeStepType::Zone,OutputProcessor::SOVStoreType::State,state.dataSurface->Surface(SurfLoop).Name
SolarShading.cc,"""Surface Window Outside Reveal Reflected Beam Solar Radiation Energy""",OutputProcessor::Unit::J,state.dataSurface->SurfWinBmSolRefldOutsRevealRepEnergy(SurfLoop),OutputProcessor::SOVTimeStepType::Zone,OutputProcessor::SOVStoreType::Summed,state.dataSurface->Surface(SurfLoop).Name
SolarShading.cc,"""Surface Window Inside Reveal Reflected Beam Solar Radiation Energy""",OutputProcessor::Unit::J,state.dataSurface->SurfWinBmSolRefldInsRevealRepEnergy(SurfLoop),OutputProcessor::SOVTimeStepType::Zone,OutputProcessor::SOVStoreType::Summed,state.dataSurface->Surface(SurfLoop).Name
SolarShading.cc,"""Surface Window Blind Beam to Beam Solar Transmittance""",OutputProcessor::Unit::None,state.dataSurface->SurfWinBlTsolBmBm(SurfLoop),OutputProcessor::SOVTimeStepType::Zone,OutputProcessor::SOVStoreType::State,state.dataSurface->Surface(SurfLoop).Name
SolarShading.cc,"""Surface Window Blind Beam to Diffuse Solar Transmittance""",OutputProcessor::Unit::None,state.dataSurface->SurfWinBlTsolBmDif(SurfLoop),OutputProcessor::SOVTimeStepType::Zone,OutputProcessor::SOVStoreType::State,state.dataSurface->Surface(SurfLoop).Name
SolarShading.cc,"""Surface Window Blind Diffuse to Diffuse Solar Transmittance""",OutputProcessor::Unit::None,state.dataSurface->SurfWinBlTsolDifDif(SurfLoop),OutputProcessor::SOVTimeStepType::Zone,OutputProcessor::SOVStoreType::State,state.dataSurface->Surface(SurfLoop).Name
SolarShading.cc,"""Surface Window Blind and Glazing System Beam Solar Transmittance""",OutputProcessor::Unit::None,state.dataSurface->SurfWinBlGlSysTsolBmBm(SurfLoop),OutputProcessor::SOVTimeStepType::Zone,OutputProcessor::SOVStoreType::State,state.dataSurface->Surface(SurfLoop).Name
SolarShading.cc,"""Surface Window Blind and Glazing System Diffuse Solar Transmittance""",OutputProcessor::Unit::None,state.dataSurface->SurfWinBlGlSysTsolDifDif(SurfLoop),OutputProcessor::SOVTimeStepType::Zone,OutputProcessor::SOVStoreType::State,state.dataSurface->Surface(SurfLoop).Name
SolarShading.cc,"""Surface Window Screen Beam to Beam Solar Transmittance""",OutputProcessor::Unit::None,state.dataSurface->SurfWinScTsolBmBm(SurfLoop),OutputProcessor::SOVTimeStepType::Zone,OutputProcessor::SOVStoreType::State,state.dataSurface->Surface(SurfLoop).Name
SolarShading.cc,"""Surface Window Screen Beam to Diffuse Solar Transmittance""",OutputProcessor::Unit::None,state.dataSurface->SurfWinScTsolBmDif(SurfLoop),OutputProcessor::SOVTimeStepType::Zone,OutputProcessor::SOVStoreType::State,state.dataSurface->Surface(SurfLoop).Name
SolarShading.cc,"""Surface Window Screen Diffuse to Diffuse Solar Transmittance""",OutputProcessor::Unit::None,state.dataSurface->SurfWinScTsolDifDif(SurfLoop),OutputProcessor::SOVTimeStepType::Zone,OutputProcessor::SOVStoreType::State,state.dataSurface->Surface(SurfLoop).Name
SolarShading.cc,"""Surface Window Screen and Glazing System Beam Solar Transmittance""",OutputProcessor::Unit::None,state.dataSurface->SurfWinScGlSysTsolBmBm(SurfLoop),OutputProcessor::SOVTimeStepType::Zone,OutputProcessor::SOVStoreType::State,state.dataSurface->Surface(SurfLoop).Name
SolarShading.cc,"""Surface Window Screen and Glazing System Diffuse Solar Transmittance""",OutputProcessor::Unit::None,state.dataSurface->SurfWinScGlSysTsolDifDif(SurfLoop),OutputProcessor::SOVTimeStepType::Zone,OutputProcessor::SOVStoreType::State,state.dataSurface->Surface(SurfLoop).Name
SolarShading.cc,"""Surface Window Solar Horizontal Profile Angle""",OutputProcessor::Unit::deg,state.dataSurface->SurfWinProfileAngHor(SurfLoop),OutputProcessor::SOVTimeStepType::Zone,OutputProcessor::SOVStoreType::State,state.dataSurface->Surface(SurfLoop).Name
SolarShading.cc,"""Surface Window Solar Vertical Profile Angle""",OutputProcessor::Unit::deg,state.dataSurface->SurfWinProfileAngVert(SurfLoop),OutputProcessor::SOVTimeStepType::Zone,OutputProcessor::SOVStoreType::State,state.dataSurface->Surface(SurfLoop).Name
SolarShading.cc,"""Surface Window Glazing Beam to Beam Solar Transmittance""",OutputProcessor::Unit::None,state.dataSurface->SurfWinGlTsolBmBm(SurfLoop),OutputProcessor::SOVTimeStepType::Zone,OutputProcessor::SOVStoreType::State,state.dataSurface->Surface(SurfLoop).Name
SolarShading.cc,"""Surface Window Glazing Beam to Diffuse Solar Transmittance""",OutputProcessor::Unit::None,state.dataSurface->SurfWinGlTsolBmDif(SurfLoop),OutputProcessor::SOVTimeStepType::Zone,OutputProcessor::SOVStoreType::State,state.dataSurface->Surface(SurfLoop).Name
SolarShading.cc,"""Surface Window Glazing Diffuse to Diffuse Solar Transmittance""",OutputProcessor::Unit::None,state.dataSurface->SurfWinGlTsolDifDif(SurfLoop),OutputProcessor::SOVTimeStepType::Zone,OutputProcessor::SOVStoreType::State,state.dataSurface->Surface(SurfLoop).Name
SolarShading.cc,"""Surface Window Model Solver Iteration Count""",OutputProcessor::Unit::None,state.dataSurface->SurfWinWindowCalcIterationsRep(SurfLoop),OutputProcessor::SOVTimeStepType::Zone,OutputProcessor::SOVStoreType::State,state.dataSurface->Surface(SurfLoop).Name
SolarShading.cc,"""Surface Window Transmitted Beam Solar Radiation Rate""",OutputProcessor::Unit::W,state.dataSurface->SurfWinBmSolTransThruIntWinRep(SurfLoop),OutputProcessor::SOVTimeStepType::Zone,OutputProcessor::SOVStoreType::State,state.dataSurface->Surface(SurfLoop).Name
SolarShading.cc,"""Surface Window Transmitted Beam Solar Radiation Energy""",OutputProcessor::Unit::J,state.dataSurface->SurfWinBmSolTransThruIntWinRepEnergy(SurfLoop),OutputProcessor::SOVTimeStepType::Zone,OutputProcessor::SOVStoreType::Summed,state.dataSurface->Surface(SurfLoop).Name
SolarShading.cc,"""Surface Window Total Glazing Layers Absorbed Solar Radiation Rate""",OutputProcessor::Unit::W,state.dataHeatBal->SurfWinQRadSWwinAbsTot(SurfLoop),OutputProcessor::SOVTimeStepType::Zone,OutputProcessor::SOVStoreType::Average,state.dataSurface->Surface(SurfLoop).Name
SolarShading.cc,"""Surface Window Transmitted Solar Radiation Rate""",OutputProcessor::Unit::W,state.dataSurface->SurfWinTransSolar(SurfLoop),OutputProcessor::SOVTimeStepType::Zone,OutputProcessor::SOVStoreType::Average,state.dataSurface->Surface(SurfLoop).Name
SolarShading.cc,"""Surface Window Total Glazing Layers Absorbed Solar Radiation Energy""",OutputProcessor::Unit::J,state.dataHeatBal->SurfWinQRadSWwinAbsTotEnergy(SurfLoop),OutputProcessor::SOVTimeStepType::Zone,OutputProcessor::SOVStoreType::Summed,state.dataSurface->Surface(SurfLoop).Name
SolarShading.cc,"""Surface Window Transmitted Solar Radiation Energy""",OutputProcessor::Unit::J,state.dataSurface->SurfWinTransSolarEnergy(SurfLoop),OutputProcessor::SOVTimeStepType::Zone,OutputProcessor::SOVStoreType::Summed,state.dataSurface->Surface(SurfLoop).Name
SolarShading.cc,"""Surface Outside Face Incident Solar Radiation Rate per Area""",OutputProcessor::Unit::W_m2,state.dataHeatBal->SurfQRadSWOutIncident(SurfLoop),OutputProcessor::SOVTimeStepType::Zone,OutputProcessor::SOVStoreType::Average,state.dataSurface->Surface(SurfLoop).Name
SolarShading.cc,"""Surface Window Total Glazing Layers Absorbed Solar Radiation Rate""",OutputProcessor::Unit::W,state.dataHeatBal->SurfWinQRadSWwinAbsTot(SurfLoop),OutputProcessor::SOVTimeStepType::Zone,OutputProcessor::SOVStoreType::Average,state.dataSurface->Surface(SurfLoop).Name
SolarShading.cc,"""Surface Window Transmitted Solar Radiation Rate""",OutputProcessor::Unit::W,state.dataSurface->SurfWinTransSolar(SurfLoop),OutputProcessor::SOVTimeStepType::Zone,OutputProcessor::SOVStoreType::Average,state.dataSurface->Surface(SurfLoop).Name
SolarShading.cc,"""Surface Window Total Glazing Layers Absorbed Solar Radiation Energy""",OutputProcessor::Unit::J,state.dataHeatBal->SurfWinQRadSWwinAbsTotEnergy(SurfLoop),OutputProcessor::SOVTimeStepType::Zone,OutputProcessor::SOVStoreType::Summed,state.dataSurface->Surface(SurfLoop).Name
SolarShading.cc,"""Surface Window Transmitted Solar Radiation Energy""",OutputProcessor::Unit::J,state.dataSurface->SurfWinTransSolarEnergy(SurfLoop),OutputProcessor::SOVTimeStepType::Zone,OutputProcessor::SOVStoreType::Summed,state.dataSurface->Surface(SurfLoop).Name
SolarShading.cc,"""Surface Inside Face Exterior Windows Incident Beam Solar Radiation Rate per Area""",OutputProcessor::Unit::W_m2,state.dataHeatBal->SurfBmIncInsSurfIntensRep(SurfLoop),OutputProcessor::SOVTimeStepType::Zone,OutputProcessor::SOVStoreType::Average,state.dataSurface->Surface(SurfLoop).Name
SolarShading.cc,"""Surface Inside Face Exterior Windows Incident Beam Solar Radiation Rate""",OutputProcessor::Unit::W,state.dataHeatBal->SurfBmIncInsSurfAmountRep(SurfLoop),OutputProcessor::SOVTimeStepType::Zone,OutputProcessor::SOVStoreType::Average,state.dataSurface->Surface(SurfLoop).Name
SolarShading.cc,"""Surface Inside Face Interior Windows Incident Beam Solar Radiation Rate per Area""",OutputProcessor::Unit::W_m2,state.dataHeatBal->SurfIntBmIncInsSurfIntensRep(SurfLoop),OutputProcessor::SOVTimeStepType::Zone,OutputProcessor::SOVStoreType::Average,state.dataSurface->Surface(SurfLoop).Name
SolarShading.cc,"""Surface Inside Face Interior Windows Incident Beam Solar Radiation Rate""",OutputProcessor::Unit::W,state.dataHeatBal->SurfIntBmIncInsSurfAmountRep(SurfLoop),OutputProcessor::SOVTimeStepType::Zone,OutputProcessor::SOVStoreType::Average,state.dataSurface->Surface(SurfLoop).Name
SolarShading.cc,"""Surface Inside Face Initial Transmitted Diffuse Absorbed Solar Radiation Rate""",OutputProcessor::Unit::W,state.dataHeatBal->SurfInitialDifSolInAbsReport(SurfLoop),OutputProcessor::SOVTimeStepType::Zone,OutputProcessor::SOVStoreType::Average,state.dataSurface->Surface(SurfLoop).Name
SolarShading.cc,"""Surface Inside Face Initial Transmitted Diffuse Transmitted Out Window Solar Radiation Rate""",OutputProcessor::Unit::W,state.dataHeatBal->SurfWinInitialDifSolInTransReport(SurfLoop),OutputProcessor::SOVTimeStepType::Zone,OutputProcessor::SOVStoreType::Average,state.dataSurface->Surface(SurfLoop).Name
SolarShading.cc,"""Surface Inside Face Absorbed Shortwave Radiation Rate""",OutputProcessor::Unit::W,state.dataHeatBal->SurfSWInAbsTotalReport(SurfLoop),OutputProcessor::SOVTimeStepType::Zone,OutputProcessor::SOVStoreType::Average,state.dataSurface->Surface(SurfLoop).Name
SolarShading.cc,"""Surface Inside Face Exterior Windows Incident Beam Solar Radiation Energy""",OutputProcessor::Unit::J,state.dataHeatBal->SurfBmIncInsSurfAmountRepEnergy(SurfLoop),OutputProcessor::SOVTimeStepType::Zone,OutputProcessor::SOVStoreType::Summed,state.dataSurface->Surface(SurfLoop).Name
SolarShading.cc,"""Surface Inside Face Interior Windows Incident Beam Solar Radiation Energy""",OutputProcessor::Unit::J,state.dataHeatBal->SurfIntBmIncInsSurfAmountRepEnergy(SurfLoop),OutputProcessor::SOVTimeStepType::Zone,OutputProcessor::SOVStoreType::Summed,state.dataSurface->Surface(SurfLoop).Name
SolarShading.cc,"""Debug Surface Solar Shading Model DifShdgRatioIsoSky""",OutputProcessor::Unit::None,state.dataSolarShading->SurfCurDifShdgRatioIsoSky(SurfNum),OutputProcessor::SOVTimeStepType::Zone,OutputProcessor::SOVStoreType::Average,state.dataSurface->Surface(SurfNum).Name
SolarShading.cc,"""Debug Surface Solar Shading Model DifShdgRatioIsoSky""",OutputProcessor::Unit::None,state.dataSolarShading->SurfDifShdgRatioIsoSky(SurfNum),OutputProcessor::SOVTimeStepType::Zone,OutputProcessor::SOVStoreType::Average,state.dataSurface->Surface(SurfNum).Name
SolarShading.cc,"""Debug Surface Solar Shading Model DifShdgRatioHoriz""",OutputProcessor::Unit::None,state.dataSolarShading->SurfDifShdgRatioHoriz(SurfNum),OutputProcessor::SOVTimeStepType::Zone,OutputProcessor::SOVStoreType::Average,state.dataSurface->Surface(SurfNum).Name
SolarShading.cc,"""Debug Surface Solar Shading Model WithShdgIsoSky""",OutputProcessor::Unit::None,state.dataSolarShading->SurfWithShdgIsoSky(SurfNum),OutputProcessor::SOVTimeStepType::Zone,OutputProcessor::SOVStoreType::Average,state.dataSurface->Surface(SurfNum).Name
SolarShading.cc,"""Debug Surface Solar Shading Model WoShdgIsoSky""",OutputProcessor::Unit::None,state.dataSolarShading->SurfWoShdgIsoSky(SurfNum),OutputProcessor::SOVTimeStepType::Zone,OutputProcessor::SOVStoreType::Average,state.dataSurface->Surface(SurfNum).Name
FaultsManager.cc,"""Coil Fouling Factor""",OutputProcessor::Unit::K_W,state.dataWaterCoils->WaterCoil(CoilNum).FaultyCoilFoulingFactor,OutputProcessor::SOVTimeStepType::System,OutputProcessor::SOVStoreType::Average,state.dataWaterCoils->WaterCoil(CoilNum).Name
FaultsManager.cc,"""Cooling Coil Total U Factor Times Area Value""",OutputProcessor::Unit::W_K,state.dataWaterCoils->WaterCoil(CoilNum).UACoilTotal,OutputProcessor::SOVTimeStepType::System,OutputProcessor::SOVStoreType::Average,state.dataWaterCoils->WaterCoil(CoilNum).Name
FaultsManager.cc,"""Cooling Coil External U Factor Times Area Value""",OutputProcessor::Unit::W_K,state.dataWaterCoils->WaterCoil(CoilNum).UACoilExternal,OutputProcessor::SOVTimeStepType::System,OutputProcessor::SOVStoreType::Average,state.dataWaterCoils->WaterCoil(CoilNum).Name
FaultsManager.cc,"""Cooling Coil Internal U Factor Times Area Value""",OutputProcessor::Unit::W_K,state.dataWaterCoils->WaterCoil(CoilNum).UACoilInternal,OutputProcessor::SOVTimeStepType::System,OutputProcessor::SOVStoreType::Average,state.dataWaterCoils->WaterCoil(CoilNum).Name
FaultsManager.cc,"""Cooling Coil Total U Factor Times Area Value Before Fouling""",OutputProcessor::Unit::W_K,state.dataWaterCoils->WaterCoil(CoilNum).OriginalUACoilVariable,OutputProcessor::SOVTimeStepType::System,OutputProcessor::SOVStoreType::Average,state.dataWaterCoils->WaterCoil(CoilNum).Name
FaultsManager.cc,"""Cooling Coil External U Factor Times Area Value Before Fouling""",OutputProcessor::Unit::W_K,state.dataWaterCoils->WaterCoil(CoilNum).OriginalUACoilExternal,OutputProcessor::SOVTimeStepType::System,OutputProcessor::SOVStoreType::Average,state.dataWaterCoils->WaterCoil(CoilNum).Name
FaultsManager.cc,"""Cooling Coil Internal U Factor Times Area Value Before Fouling""",OutputProcessor::Unit::W_K,state.dataWaterCoils->WaterCoil(CoilNum).OriginalUACoilInternal,OutputProcessor::SOVTimeStepType::System,OutputProcessor::SOVStoreType::Average,state.dataWaterCoils->WaterCoil(CoilNum).Name
FaultsManager.cc,"""Heating Coil U Factor Times Area Value Before Fouling""",OutputProcessor::Unit::W_K,state.dataWaterCoils->WaterCoil(CoilNum).OriginalUACoilVariable,OutputProcessor::SOVTimeStepType::System,OutputProcessor::SOVStoreType::Average,state.dataWaterCoils->WaterCoil(CoilNum).Name
Furnaces.cc,"""Unitary System Fan Part Load Ratio""",OutputProcessor::Unit::None,thisFurnace.FanPartLoadRatio,OutputProcessor::SOVTimeStepType::System,OutputProcessor::SOVStoreType::Average,thisFurnace.Name
Furnaces.cc,"""Unitary System Fan Part Load Ratio""",OutputProcessor::Unit::None,thisFurnace.FanPartLoadRatio,OutputProcessor::SOVTimeStepType::System,OutputProcessor::SOVStoreType::Average,thisFurnace.Name
Furnaces.cc,"""Unitary System Fan Part Load Ratio""",OutputProcessor::Unit::None,thisFurnace.FanPartLoadRatio,OutputProcessor::SOVTimeStepType::System,OutputProcessor::SOVStoreType::Average,thisFurnace.Name
Furnaces.cc,"""Unitary System Compressor Part Load Ratio""",OutputProcessor::Unit::None,thisFurnace.CompPartLoadRatio,OutputProcessor::SOVTimeStepType::System,OutputProcessor::SOVStoreType::Average,thisFurnace.Name
Furnaces.cc,"""Unitary System Fan Part Load Ratio""",OutputProcessor::Unit::None,thisFurnace.FanPartLoadRatio,OutputProcessor::SOVTimeStepType::System,OutputProcessor::SOVStoreType::Average,thisFurnace.Name
Furnaces.cc,"""Unitary System Compressor Part Load Ratio""",OutputProcessor::Unit::None,thisFurnace.CompPartLoadRatio,OutputProcessor::SOVTimeStepType::System,OutputProcessor::SOVStoreType::Average,thisFurnace.Name
Furnaces.cc,"""Unitary System Fan Part Load Ratio""",OutputProcessor::Unit::None,thisFurnace.FanPartLoadRatio,OutputProcessor::SOVTimeStepType::System,OutputProcessor::SOVStoreType::Average,thisFurnace.Name
Furnaces.cc,"""Unitary System Compressor Part Load Ratio""",OutputProcessor::Unit::None,thisFurnace.CompPartLoadRatio,OutputProcessor::SOVTimeStepType::System,OutputProcessor::SOVStoreType::Average,thisFurnace.Name
Furnaces.cc,"""Unitary System Dehumidification Induced Heating Demand Rate""",OutputProcessor::Unit::W,thisFurnace.DehumidInducedHeatingDemandRate,OutputProcessor::SOVTimeStepType::System,OutputProcessor::SOVStoreType::Average,thisFurnace.Name
Furnaces.cc,"""Unitary System Fan Part Load Ratio""",OutputProcessor::Unit::None,thisFurnace.FanPartLoadRatio,OutputProcessor::SOVTimeStepType::System,OutputProcessor::SOVStoreType::Average,thisFurnace.Name
Furnaces.cc,"""Unitary System Compressor Part Load Ratio""",OutputProcessor::Unit::None,thisFurnace.CompPartLoadRatio,OutputProcessor::SOVTimeStepType::System,OutputProcessor::SOVStoreType::Average,thisFurnace.Name
Furnaces.cc,"""Unitary System Requested Sensible Cooling Rate""",OutputProcessor::Unit::W,thisFurnace.CoolingCoilSensDemand,OutputProcessor::SOVTimeStepType::System,OutputProcessor::SOVStoreType::Average,thisFurnace.Name
Furnaces.cc,"""Unitary System Requested Latent Cooling Rate""",OutputProcessor::Unit::W,thisFurnace.CoolingCoilLatentDemand,OutputProcessor::SOVTimeStepType::System,OutputProcessor::SOVStoreType::Average,thisFurnace.Name
Furnaces.cc,"""Unitary System Requested Heating Rate""",OutputProcessor::Unit::W,thisFurnace.HeatingCoilSensDemand,OutputProcessor::SOVTimeStepType::System,OutputProcessor::SOVStoreType::Average,thisFurnace.Name
Furnaces.cc,"""Unitary System Dehumidification Induced Heating Demand Rate""",OutputProcessor::Unit::W,thisFurnace.DehumidInducedHeatingDemandRate,OutputProcessor::SOVTimeStepType::System,OutputProcessor::SOVStoreType::Average,thisFurnace.Name
DataZoneEnergyDemands.cc,"format(""{} Air System Sensible Heating Energy"", prefix)",OutputProcessor::Unit::J,this->airSysHeatEnergy,OutputProcessor::SOVTimeStepType::System,OutputProcessor::SOVStoreType::Summed,name
DataZoneEnergyDemands.cc,"format(""{} Air System Sensible Cooling Energy"", prefix)",OutputProcessor::Unit::J,this->airSysCoolEnergy,OutputProcessor::SOVTimeStepType::System,OutputProcessor::SOVStoreType::Summed,name
DataZoneEnergyDemands.cc,"format(""{} Air System Sensible Heating Energy"", prefix)",OutputProcessor::Unit::J,this->airSysHeatEnergy,OutputProcessor::SOVTimeStepType::System,OutputProcessor::SOVStoreType::Summed,name
DataZoneEnergyDemands.cc,"format(""{} Air System Sensible Cooling Energy"", prefix)",OutputProcessor::Unit::J,this->airSysCoolEnergy,OutputProcessor::SOVTimeStepType::System,OutputProcessor::SOVStoreType::Summed,name
DataZoneEnergyDemands.cc,"format(""{} Air System Sensible Heating Rate"", prefix)",OutputProcessor::Unit::W,this->airSysHeatRate,OutputProcessor::SOVTimeStepType::System,OutputProcessor::SOVStoreType::Average,name
DataZoneEnergyDemands.cc,"format(""{} Air System Sensible Cooling Rate"", prefix)",OutputProcessor::Unit::W,this->airSysCoolRate,OutputProcessor::SOVTimeStepType::System,OutputProcessor::SOVStoreType::Average,name
DataZoneEnergyDemands.cc,"format(""{} Predicted Sensible Load to Setpoint Heat Transfer Rate"", prefix)",OutputProcessor::Unit::W,this->predictedRate,OutputProcessor::SOVTimeStepType::System,OutputProcessor::SOVStoreType::Average,name
DataZoneEnergyDemands.cc,"format(""{} Predicted Sensible Load to Heating Setpoint Heat Transfer Rate"", prefix)",OutputProcessor::Unit::W,this->predictedHSPRate,OutputProcessor::SOVTimeStepType::System,OutputProcessor::SOVStoreType::Average,name
DataZoneEnergyDemands.cc,"format(""{} Predicted Sensible Load to Cooling Setpoint Heat Transfer Rate"", prefix)",OutputProcessor::Unit::W,this->predictedCSPRate,OutputProcessor::SOVTimeStepType::System,OutputProcessor::SOVStoreType::Average,name
DataZoneEnergyDemands.cc,"format(""{} System Predicted Sensible Load to Setpoint Heat Transfer Rate"", prefix)",OutputProcessor::Unit::W,this->TotalOutputRequired,OutputProcessor::SOVTimeStepType::System,OutputProcessor::SOVStoreType::Average,name
DataZoneEnergyDemands.cc,"format(""{} System Predicted Sensible Load to Heating Setpoint Heat Transfer Rate"", prefix)",OutputProcessor::Unit::W,this->OutputRequiredToHeatingSP,OutputProcessor::SOVTimeStepType::System,OutputProcessor::SOVStoreType::Average,name
DataZoneEnergyDemands.cc,"format(""{} System Predicted Sensible Load to Cooling Setpoint Heat Transfer Rate"", prefix)",OutputProcessor::Unit::W,this->OutputRequiredToCoolingSP,OutputProcessor::SOVTimeStepType::System,OutputProcessor::SOVStoreType::Average,name
DataZoneEnergyDemands.cc,"format(""{} Thermostat Staged Number"", prefix)",OutputProcessor::Unit::None,this->StageNum,OutputProcessor::SOVTimeStepType::System,OutputProcessor::SOVStoreType::Average,name
DataZoneEnergyDemands.cc,"format(""{} Air System Latent Heating Energy"", prefix)",OutputProcessor::Unit::J,this->airSysHeatEnergy,OutputProcessor::SOVTimeStepType::System,OutputProcessor::SOVStoreType::Summed,name
DataZoneEnergyDemands.cc,"format(""{} Air System Latent Cooling Energy"", prefix)",OutputProcessor::Unit::J,this->airSysCoolEnergy,OutputProcessor::SOVTimeStepType::System,OutputProcessor::SOVStoreType::Summed,name
DataZoneEnergyDemands.cc,"format(""{} Air System Latent Heating Rate"", prefix)",OutputProcessor::Unit::W,this->airSysHeatRate,OutputProcessor::SOVTimeStepType::System,OutputProcessor::SOVStoreType::Average,name
DataZoneEnergyDemands.cc,"format(""{} Air System Latent Cooling Rate"", prefix)",OutputProcessor::Unit::W,this->airSysCoolRate,OutputProcessor::SOVTimeStepType::System,OutputProcessor::SOVStoreType::Average,name
DataZoneEnergyDemands.cc,"format(""{} Air System Sensible Heat Ratio"", prefix)",OutputProcessor::Unit::None,this->airSysSensibleHeatRatio,OutputProcessor::SOVTimeStepType::System,OutputProcessor::SOVStoreType::Average,name
DataZoneEnergyDemands.cc,"format(""{} Air Vapor Pressure Difference"", prefix)",OutputProcessor::Unit::Pa,this->vaporPressureDifference,OutputProcessor::SOVTimeStepType::System,OutputProcessor::SOVStoreType::Average,name
DataZoneEnergyDemands.cc,"format(""{} Predicted Moisture Load Moisture Transfer Rate"", prefix)",OutputProcessor::Unit::kgWater_s,this->predictedRate,OutputProcessor::SOVTimeStepType::System,OutputProcessor::SOVStoreType::Average,name
DataZoneEnergyDemands.cc,"format(""{} Predicted Moisture Load to Humidifying Setpoint Moisture Transfer Rate"", prefix)",OutputProcessor::Unit::kgWater_s,this->predictedHumSPRate,OutputProcessor::SOVTimeStepType::System,OutputProcessor::SOVStoreType::Average,name
DataZoneEnergyDemands.cc,"format(""{} Predicted Moisture Load to Dehumidifying Setpoint Moisture Transfer Rate"", prefix)",OutputProcessor::Unit::kgWater_s,this->predictedDehumSPRate,OutputProcessor::SOVTimeStepType::System,OutputProcessor::SOVStoreType::Average,name
DataZoneEnergyDemands.cc,"format(""{} System Predicted Moisture Load Moisture Transfer Rate"", prefix)",OutputProcessor::Unit::kgWater_s,this->TotalOutputRequired,OutputProcessor::SOVTimeStepType::System,OutputProcessor::SOVStoreType::Average,name
DataZoneEnergyDemands.cc,"format(""{} System Predicted Moisture Load to Humidifying Setpoint Moisture Transfer Rate"", prefix)",OutputProcessor::Unit::kgWater_s,this->OutputRequiredToHumidifyingSP,OutputProcessor::SOVTimeStepType::System,OutputProcessor::SOVStoreType::Average,name
DataZoneEnergyDemands.cc,"format(""{} System Predicted Moisture Load to Dehumidifying Setpoint Moisture Transfer Rate"", prefix)",OutputProcessor::Unit::kgWater_s,this->OutputRequiredToDehumidifyingSP,OutputProcessor::SOVTimeStepType::System,OutputProcessor::SOVStoreType::Average,name
ElectricPowerServiceManager.cc,"""Facility Total Purchased Electricity Rate""",OutputProcessor::Unit::W,electPurchRate_,OutputProcessor::SOVTimeStepType::System,OutputProcessor::SOVStoreType::Average,name_
ElectricPowerServiceManager.cc,"""Facility Total Purchased Electricity Energy""",OutputProcessor::Unit::J,electricityPurch_,OutputProcessor::SOVTimeStepType::System,OutputProcessor::SOVStoreType::Summed,name_
ElectricPowerServiceManager.cc,"""Facility Total Surplus Electricity Rate""",OutputProcessor::Unit::W,electSurplusRate_,OutputProcessor::SOVTimeStepType::System,OutputProcessor::SOVStoreType::Average,name_
ElectricPowerServiceManager.cc,"""Facility Total Surplus Electricity Energy""",OutputProcessor::Unit::J,electricitySurplus_,OutputProcessor::SOVTimeStepType::System,OutputProcessor::SOVStoreType::Summed,name_
ElectricPowerServiceManager.cc,"""Facility Net Purchased Electricity Rate""",OutputProcessor::Unit::W,electricityNetRate_,OutputProcessor::SOVTimeStepType::System,OutputProcessor::SOVStoreType::Average,name_
ElectricPowerServiceManager.cc,"""Facility Net Purchased Electricity Energy""",OutputProcessor::Unit::J,electricityNet_,OutputProcessor::SOVTimeStepType::System,OutputProcessor::SOVStoreType::Summed,name_
ElectricPowerServiceManager.cc,"""Facility Total Building Electricity Demand Rate""",OutputProcessor::Unit::W,totalBldgElecDemand_,OutputProcessor::SOVTimeStepType::System,OutputProcessor::SOVStoreType::Average,name_
ElectricPowerServiceManager.cc,"""Facility Total HVAC Electricity Demand Rate""",OutputProcessor::Unit::W,totalHVACElecDemand_,OutputProcessor::SOVTimeStepType::System,OutputProcessor::SOVStoreType::Average,name_
ElectricPowerServiceManager.cc,"""Facility Total Electricity Demand Rate""",OutputProcessor::Unit::W,totalElectricDemand_,OutputProcessor::SOVTimeStepType::System,OutputProcessor::SOVStoreType::Average,name_
ElectricPowerServiceManager.cc,"""Facility Total Produced Electricity Rate""",OutputProcessor::Unit::W,electProdRate_,OutputProcessor::SOVTimeStepType::System,OutputProcessor::SOVStoreType::Average,name_
ElectricPowerServiceManager.cc,"""Facility Total Produced Electricity Energy""",OutputProcessor::Unit::J,electricityProd_,OutputProcessor::SOVTimeStepType::System,OutputProcessor::SOVStoreType::Summed,name_
ElectricPowerServiceManager.cc,"""Electric Load Center Produced Electricity Rate""",OutputProcessor::Unit::W,genElectProdRate,OutputProcessor::SOVTimeStepType::System,OutputProcessor::SOVStoreType::Average,name_
ElectricPowerServiceManager.cc,"""Electric Load Center Produced Electricity Energy""",OutputProcessor::Unit::J,genElectricProd,OutputProcessor::SOVTimeStepType::System,OutputProcessor::SOVStoreType::Summed,name_
ElectricPowerServiceManager.cc,"""Electric Load Center Supplied Electricity Rate""",OutputProcessor::Unit::W,subpanelFeedInRate,OutputProcessor::SOVTimeStepType::System,OutputProcessor::SOVStoreType::Average,name_
ElectricPowerServiceManager.cc,"""Electric Load Center Drawn Electricity Rate""",OutputProcessor::Unit::W,subpanelDrawRate,OutputProcessor::SOVTimeStepType::System,OutputProcessor::SOVStoreType::Average,name_
ElectricPowerServiceManager.cc,"""Electric Load Center Produced Thermal Rate""",OutputProcessor::Unit::W,thermalProdRate,OutputProcessor::SOVTimeStepType::System,OutputProcessor::SOVStoreType::Average,name_
ElectricPowerServiceManager.cc,"""Electric Load Center Produced Thermal Energy""",OutputProcessor::Unit::J,thermalProd,OutputProcessor::SOVTimeStepType::System,OutputProcessor::SOVStoreType::Summed,name_
ElectricPowerServiceManager.cc,"""Electric Load Center Requested Electricity Rate""",OutputProcessor::Unit::W,totalPowerRequest_,OutputProcessor::SOVTimeStepType::System,OutputProcessor::SOVStoreType::Average,name_
ElectricPowerServiceManager.cc,"""Generator Requested Electricity Rate""",OutputProcessor::Unit::W,powerRequestThisTimestep,OutputProcessor::SOVTimeStepType::System,OutputProcessor::SOVStoreType::Average,objectName
ElectricPowerServiceManager.cc,"""Inverter DC to AC Efficiency""",OutputProcessor::Unit::None,efficiency_,OutputProcessor::SOVTimeStepType::System,OutputProcessor::SOVStoreType::Average,name_
ElectricPowerServiceManager.cc,"""Inverter DC Input Electricity Rate""",OutputProcessor::Unit::W,dCPowerIn_,OutputProcessor::SOVTimeStepType::System,OutputProcessor::SOVStoreType::Average,name_
ElectricPowerServiceManager.cc,"""Inverter DC Input Electricity Energy""",OutputProcessor::Unit::J,dCEnergyIn_,OutputProcessor::SOVTimeStepType::System,OutputProcessor::SOVStoreType::Summed,name_
ElectricPowerServiceManager.cc,"""Inverter AC Output Electricity Rate""",OutputProcessor::Unit::W,aCPowerOut_,OutputProcessor::SOVTimeStepType::System,OutputProcessor::SOVStoreType::Average,name_
ElectricPowerServiceManager.cc,"""Inverter AC Output Electricity Energy""",OutputProcessor::Unit::J,aCEnergyOut_,OutputProcessor::SOVTimeStepType::System,OutputProcessor::SOVStoreType::Summed,name_
ElectricPowerServiceManager.cc,"""Inverter Conversion Loss Power""",OutputProcessor::Unit::W,conversionLossPower_,OutputProcessor::SOVTimeStepType::System,OutputProcessor::SOVStoreType::Average,name_
ElectricPowerServiceManager.cc,"""Inverter Conversion Loss Energy""",OutputProcessor::Unit::J,conversionLossEnergy_,OutputProcessor::SOVTimeStepType::System,OutputProcessor::SOVStoreType::Summed,name_
ElectricPowerServiceManager.cc,"""Inverter Conversion Loss Decrement Energy""",OutputProcessor::Unit::J,conversionLossEnergyDecrement_,OutputProcessor::SOVTimeStepType::System,OutputProcessor::SOVStoreType::Summed,name_
ElectricPowerServiceManager.cc,"""Inverter Thermal Loss Rate""",OutputProcessor::Unit::W,thermLossRate_,OutputProcessor::SOVTimeStepType::System,OutputProcessor::SOVStoreType::Average,name_
ElectricPowerServiceManager.cc,"""Inverter Thermal Loss Energy""",OutputProcessor::Unit::J,thermLossEnergy_,OutputProcessor::SOVTimeStepType::System,OutputProcessor::SOVStoreType::Summed,name_
ElectricPowerServiceManager.cc,"""Inverter Ancillary AC Electricity Rate""",OutputProcessor::Unit::W,ancillACuseRate_,OutputProcessor::SOVTimeStepType::System,OutputProcessor::SOVStoreType::Average,name_
ElectricPowerServiceManager.cc,"""Inverter Ancillary AC Electricity Energy""",OutputProcessor::Unit::J,ancillACuseEnergy_,OutputProcessor::SOVTimeStepType::System,OutputProcessor::SOVStoreType::Summed,name_
ElectricPowerServiceManager.cc,"""Converter AC to DC Efficiency""",OutputProcessor::Unit::None,efficiency_,OutputProcessor::SOVTimeStepType::System,OutputProcessor::SOVStoreType::Average,name_
ElectricPowerServiceManager.cc,"""Converter AC Input Electricity Rate""",OutputProcessor::Unit::W,aCPowerIn_,OutputProcessor::SOVTimeStepType::System,OutputProcessor::SOVStoreType::Average,name_
ElectricPowerServiceManager.cc,"""Converter AC Input Electricity Energy""",OutputProcessor::Unit::J,aCEnergyIn_,OutputProcessor::SOVTimeStepType::System,OutputProcessor::SOVStoreType::Summed,name_
ElectricPowerServiceManager.cc,"""Converter DC Output Electricity Rate""",OutputProcessor::Unit::W,dCPowerOut_,OutputProcessor::SOVTimeStepType::System,OutputProcessor::SOVStoreType::Average,name_
ElectricPowerServiceManager.cc,"""Converter DC Output Electricity Energy""",OutputProcessor::Unit::J,dCEnergyOut_,OutputProcessor::SOVTimeStepType::System,OutputProcessor::SOVStoreType::Summed,name_
ElectricPowerServiceManager.cc,"""Converter Electricity Loss Rate""",OutputProcessor::Unit::W,conversionLossPower_,OutputProcessor::SOVTimeStepType::System,OutputProcessor::SOVStoreType::Average,name_
ElectricPowerServiceManager.cc,"""Converter Electricity Loss Energy""",OutputProcessor::Unit::J,conversionLossEnergy_,OutputProcessor::SOVTimeStepType::System,OutputProcessor::SOVStoreType::Summed,name_
ElectricPowerServiceManager.cc,"""Converter Electricity Loss Decrement Energy""",OutputProcessor::Unit::J,conversionLossEnergyDecrement_,OutputProcessor::SOVTimeStepType::System,OutputProcessor::SOVStoreType::Summed,name_
ElectricPowerServiceManager.cc,"""Converter Thermal Loss Rate""",OutputProcessor::Unit::W,thermLossRate_,OutputProcessor::SOVTimeStepType::System,OutputProcessor::SOVStoreType::Average,name_
ElectricPowerServiceManager.cc,"""Converter Thermal Loss Energy""",OutputProcessor::Unit::J,thermLossEnergy_,OutputProcessor::SOVTimeStepType::System,OutputProcessor::SOVStoreType::Summed,name_
ElectricPowerServiceManager.cc,"""Converter Ancillary AC Electricity Rate""",OutputProcessor::Unit::W,ancillACuseRate_,OutputProcessor::SOVTimeStepType::System,OutputProcessor::SOVStoreType::Average,name_
ElectricPowerServiceManager.cc,"""Converter Ancillary AC Electricity Energy""",OutputProcessor::Unit::J,ancillACuseEnergy_,OutputProcessor::SOVTimeStepType::System,OutputProcessor::SOVStoreType::Summed,name_
ElectricPowerServiceManager.cc,"""Electric Storage Simple Charge State""",OutputProcessor::Unit::J,electEnergyinStorage_,OutputProcessor::SOVTimeStepType::System,OutputProcessor::SOVStoreType::Average,name_
ElectricPowerServiceManager.cc,"""Electric Storage Operating Mode Index""",OutputProcessor::Unit::None,storageMode_,OutputProcessor::SOVTimeStepType::System,OutputProcessor::SOVStoreType::Average,name_
ElectricPowerServiceManager.cc,"""Electric Storage Battery Charge State""",OutputProcessor::Unit::Ah,absoluteSOC_,OutputProcessor::SOVTimeStepType::System,OutputProcessor::SOVStoreType::Average,name_
ElectricPowerServiceManager.cc,"""Electric Storage Charge Fraction""",OutputProcessor::Unit::None,fractionSOC_,OutputProcessor::SOVTimeStepType::System,OutputProcessor::SOVStoreType::Average,name_
ElectricPowerServiceManager.cc,"""Electric Storage Total Current""",OutputProcessor::Unit::A,batteryCurrent_,OutputProcessor::SOVTimeStepType::System,OutputProcessor::SOVStoreType::Average,name_
ElectricPowerServiceManager.cc,"""Electric Storage Total Voltage""",OutputProcessor::Unit::V,batteryVoltage_,OutputProcessor::SOVTimeStepType::System,OutputProcessor::SOVStoreType::Average,name_
ElectricPowerServiceManager.cc,"""Electric Storage Degradation Fraction""",OutputProcessor::Unit::None,batteryDamage_,OutputProcessor::SOVTimeStepType::System,OutputProcessor::SOVStoreType::Average,name_
ElectricPowerServiceManager.cc,"""Electric Storage Charge Power""",OutputProcessor::Unit::W,storedPower_,OutputProcessor::SOVTimeStepType::System,OutputProcessor::SOVStoreType::Average,name_
ElectricPowerServiceManager.cc,"""Electric Storage Charge Energy""",OutputProcessor::Unit::J,storedEnergy_,OutputProcessor::SOVTimeStepType::System,OutputProcessor::SOVStoreType::Summed,name_
ElectricPowerServiceManager.cc,"""Electric Storage Production Decrement Energy""",OutputProcessor::Unit::J,decrementedEnergyStored_,OutputProcessor::SOVTimeStepType::System,OutputProcessor::SOVStoreType::Summed,name_
ElectricPowerServiceManager.cc,"""Electric Storage Discharge Power""",OutputProcessor::Unit::W,drawnPower_,OutputProcessor::SOVTimeStepType::System,OutputProcessor::SOVStoreType::Average,name_
ElectricPowerServiceManager.cc,"""Electric Storage Discharge Energy""",OutputProcessor::Unit::J,drawnEnergy_,OutputProcessor::SOVTimeStepType::System,OutputProcessor::SOVStoreType::Summed,name_
ElectricPowerServiceManager.cc,"""Electric Storage Thermal Loss Rate""",OutputProcessor::Unit::W,thermLossRate_,OutputProcessor::SOVTimeStepType::System,OutputProcessor::SOVStoreType::Average,name_
ElectricPowerServiceManager.cc,"""Electric Storage Thermal Loss Energy""",OutputProcessor::Unit::J,thermLossEnergy_,OutputProcessor::SOVTimeStepType::System,OutputProcessor::SOVStoreType::Summed,name_
ElectricPowerServiceManager.cc,"""Electric Storage Battery Temperature""",OutputProcessor::Unit::C,batteryTemperature_,OutputProcessor::SOVTimeStepType::System,OutputProcessor::SOVStoreType::Average,name_
ElectricPowerServiceManager.cc,"""Transformer Efficiency""",OutputProcessor::Unit::None,efficiency_,OutputProcessor::SOVTimeStepType::System,OutputProcessor::SOVStoreType::Average,name_
ElectricPowerServiceManager.cc,"""Transformer Input Electricity Rate""",OutputProcessor::Unit::W,powerIn_,OutputProcessor::SOVTimeStepType::System,OutputProcessor::SOVStoreType::Average,name_
ElectricPowerServiceManager.cc,"""Transformer Input Electricity Energy""",OutputProcessor::Unit::J,energyIn_,OutputProcessor::SOVTimeStepType::System,OutputProcessor::SOVStoreType::Summed,name_
ElectricPowerServiceManager.cc,"""Transformer Output Electricity Rate""",OutputProcessor::Unit::W,powerOut_,OutputProcessor::SOVTimeStepType::System,OutputProcessor::SOVStoreType::Average,name_
ElectricPowerServiceManager.cc,"""Transformer Output Electricity Energy""",OutputProcessor::Unit::J,energyOut_,OutputProcessor::SOVTimeStepType::System,OutputProcessor::SOVStoreType::Summed,name_
ElectricPowerServiceManager.cc,"""Transformer No Load Loss Rate""",OutputProcessor::Unit::W,noLoadLossRate_,OutputProcessor::SOVTimeStepType::System,OutputProcessor::SOVStoreType::Average,name_
ElectricPowerServiceManager.cc,"""Transformer No Load Loss Energy""",OutputProcessor::Unit::J,noLoadLossEnergy_,OutputProcessor::SOVTimeStepType::System,OutputProcessor::SOVStoreType::Summed,name_
ElectricPowerServiceManager.cc,"""Transformer Load Loss Rate""",OutputProcessor::Unit::W,loadLossRate_,OutputProcessor::SOVTimeStepType::System,OutputProcessor::SOVStoreType::Average,name_
ElectricPowerServiceManager.cc,"""Transformer Load Loss Energy""",OutputProcessor::Unit::J,loadLossEnergy_,OutputProcessor::SOVTimeStepType::System,OutputProcessor::SOVStoreType::Summed,name_
ElectricPowerServiceManager.cc,"""Transformer Thermal Loss Rate""",OutputProcessor::Unit::W,thermalLossRate_,OutputProcessor::SOVTimeStepType::System,OutputProcessor::SOVStoreType::Average,name_
ElectricPowerServiceManager.cc,"""Transformer Thermal Loss Energy""",OutputProcessor::Unit::J,thermalLossEnergy_,OutputProcessor::SOVTimeStepType::System,OutputProcessor::SOVStoreType::Summed,name_
ElectricPowerServiceManager.cc,"""Transformer Distribution Electricity Loss Energy""",OutputProcessor::Unit::J,elecUseMeteredUtilityLosses_,OutputProcessor::SOVTimeStepType::System,OutputProcessor::SOVStoreType::Summed,name_
ElectricPowerServiceManager.cc,"""Transformer Cogeneration Electricity Loss Energy""",OutputProcessor::Unit::J,powerConversionMeteredLosses_,OutputProcessor::SOVTimeStepType::System,OutputProcessor::SOVStoreType::Summed,name_
ElectricPowerServiceManager.cc,"""Transformer Conversion Electricity Loss Energy""",OutputProcessor::Unit::J,powerConversionMeteredLosses_,OutputProcessor::SOVTimeStepType::System,OutputProcessor::SOVStoreType::Summed,name_
ThermalComfort.cc,"""Zone Thermal Comfort Fanger Model PMV""",OutputProcessor::Unit::None,state.dataThermalComforts->ThermalComfortData(Loop).FangerPMV,OutputProcessor::SOVTimeStepType::Zone,OutputProcessor::SOVStoreType::State,state.dataHeatBal->People(Loop).Name
ThermalComfort.cc,"""Zone Thermal Comfort Fanger Model PPD""",OutputProcessor::Unit::Perc,state.dataThermalComforts->ThermalComfortData(Loop).FangerPPD,OutputProcessor::SOVTimeStepType::Zone,OutputProcessor::SOVStoreType::State,state.dataHeatBal->People(Loop).Name
ThermalComfort.cc,"""Zone Thermal Comfort Clothing Surface Temperature""",OutputProcessor::Unit::C,state.dataThermalComforts->ThermalComfortData(Loop).CloSurfTemp,OutputProcessor::SOVTimeStepType::Zone,OutputProcessor::SOVStoreType::State,state.dataHeatBal->People(Loop).Name
ThermalComfort.cc,"""Zone Thermal Comfort Pierce Model Effective Temperature PMV""",OutputProcessor::Unit::None,state.dataThermalComforts->ThermalComfortData(Loop).PiercePMVET,OutputProcessor::SOVTimeStepType::Zone,OutputProcessor::SOVStoreType::State,state.dataHeatBal->People(Loop).Name
ThermalComfort.cc,"""Zone Thermal Comfort Pierce Model Standard Effective Temperature PMV""",OutputProcessor::Unit::None,state.dataThermalComforts->ThermalComfortData(Loop).PiercePMVSET,OutputProcessor::SOVTimeStepType::Zone,OutputProcessor::SOVStoreType::State,state.dataHeatBal->People(Loop).Name
ThermalComfort.cc,"""Zone Thermal Comfort Pierce Model Discomfort Index""",OutputProcessor::Unit::None,state.dataThermalComforts->ThermalComfortData(Loop).PierceDISC,OutputProcessor::SOVTimeStepType::Zone,OutputProcessor::SOVStoreType::State,state.dataHeatBal->People(Loop).Name
ThermalComfort.cc,"""Zone Thermal Comfort Pierce Model Thermal Sensation Index""",OutputProcessor::Unit::None,state.dataThermalComforts->ThermalComfortData(Loop).PierceTSENS,OutputProcessor::SOVTimeStepType::Zone,OutputProcessor::SOVStoreType::State,state.dataHeatBal->People(Loop).Name
ThermalComfort.cc,"""Zone Thermal Comfort Pierce Model Standard Effective Temperature""",OutputProcessor::Unit::C,state.dataThermalComforts->ThermalComfortData(Loop).PierceSET,OutputProcessor::SOVTimeStepType::Zone,OutputProcessor::SOVStoreType::State,state.dataHeatBal->People(Loop).Name
ThermalComfort.cc,"""Zone Thermal Comfort KSU Model Thermal Sensation Vote""",OutputProcessor::Unit::None,state.dataThermalComforts->ThermalComfortData(Loop).KsuTSV,OutputProcessor::SOVTimeStepType::Zone,OutputProcessor::SOVStoreType::State,state.dataHeatBal->People(Loop).Name
ThermalComfort.cc,"""Zone Thermal Comfort Mean Radiant Temperature""",OutputProcessor::Unit::C,state.dataThermalComforts->ThermalComfortData(Loop).ThermalComfortMRT,OutputProcessor::SOVTimeStepType::Zone,OutputProcessor::SOVStoreType::State,state.dataHeatBal->People(Loop).Name
ThermalComfort.cc,"""Zone Thermal Comfort Operative Temperature""",OutputProcessor::Unit::C,state.dataThermalComforts->ThermalComfortData(Loop).ThermalComfortOpTemp,OutputProcessor::SOVTimeStepType::Zone,OutputProcessor::SOVStoreType::State,state.dataHeatBal->People(Loop).Name
ThermalComfort.cc,"""Zone Thermal Comfort Clothing Value""",OutputProcessor::Unit::clo,state.dataThermalComforts->ThermalComfortData(Loop).ClothingValue,OutputProcessor::SOVTimeStepType::Zone,OutputProcessor::SOVStoreType::State,state.dataHeatBal->People(Loop).Name
ThermalComfort.cc,"""Zone Thermal Comfort ASHRAE 55 Adaptive Model 90% Acceptability Status""",OutputProcessor::Unit::None,state.dataThermalComforts->ThermalComfortData(Loop).ThermalComfortAdaptiveASH5590,OutputProcessor::SOVTimeStepType::Zone,OutputProcessor::SOVStoreType::State,state.dataHeatBal->People(Loop).Name
ThermalComfort.cc,"""Zone Thermal Comfort ASHRAE 55 Adaptive Model 80% Acceptability Status""",OutputProcessor::Unit::None,state.dataThermalComforts->ThermalComfortData(Loop).ThermalComfortAdaptiveASH5580,OutputProcessor::SOVTimeStepType::Zone,OutputProcessor::SOVStoreType::State,state.dataHeatBal->People(Loop).Name
ThermalComfort.cc,"""Zone Thermal Comfort ASHRAE 55 Adaptive Model Running Average Outdoor Air Temperature""",OutputProcessor::Unit::C,state.dataThermalComforts->ThermalComfortData(Loop).ASHRAE55RunningMeanOutdoorTemp,OutputProcessor::SOVTimeStepType::Zone,OutputProcessor::SOVStoreType::State,state.dataHeatBal->People(Loop).Name
ThermalComfort.cc,"""Zone Thermal Comfort ASHRAE 55 Adaptive Model Temperature""",OutputProcessor::Unit::C,state.dataThermalComforts->ThermalComfortData(Loop).TComfASH55,OutputProcessor::SOVTimeStepType::Zone,OutputProcessor::SOVStoreType::State,state.dataHeatBal->People(Loop).Name
ThermalComfort.cc,"""Zone Thermal Comfort CEN 15251 Adaptive Model Category I Status""",OutputProcessor::Unit::None,state.dataThermalComforts->ThermalComfortData(Loop).ThermalComfortAdaptiveCEN15251CatI,OutputProcessor::SOVTimeStepType::Zone,OutputProcessor::SOVStoreType::State,state.dataHeatBal->People(Loop).Name
ThermalComfort.cc,"""Zone Thermal Comfort CEN 15251 Adaptive Model Category II Status""",OutputProcessor::Unit::None,state.dataThermalComforts->ThermalComfortData(Loop).ThermalComfortAdaptiveCEN15251CatII,OutputProcessor::SOVTimeStepType::Zone,OutputProcessor::SOVStoreType::State,state.dataHeatBal->People(Loop).Name
ThermalComfort.cc,"""Zone Thermal Comfort CEN 15251 Adaptive Model Category III Status""",OutputProcessor::Unit::None,state.dataThermalComforts->ThermalComfortData(Loop).ThermalComfortAdaptiveCEN15251CatIII,OutputProcessor::SOVTimeStepType::Zone,OutputProcessor::SOVStoreType::State,state.dataHeatBal->People(Loop).Name
ThermalComfort.cc,"""Zone Thermal Comfort CEN 15251 Adaptive Model Running Average Outdoor Air Temperature""",OutputProcessor::Unit::C,state.dataThermalComforts->ThermalComfortData(Loop).CEN15251RunningMeanOutdoorTemp,OutputProcessor::SOVTimeStepType::Zone,OutputProcessor::SOVStoreType::State,state.dataHeatBal->People(Loop).Name
ThermalComfort.cc,"""Zone Thermal Comfort CEN 15251 Adaptive Model Temperature""",OutputProcessor::Unit::C,state.dataThermalComforts->ThermalComfortData(Loop).TComfCEN15251,OutputProcessor::SOVTimeStepType::Zone,OutputProcessor::SOVStoreType::State,state.dataHeatBal->People(Loop).Name
ThermalComfort.cc,"""Zone Thermal Comfort ASHRAE 55 Elevated Air Speed Cooling Effect""",OutputProcessor::Unit::C,state.dataThermalComforts->ThermalComfortData(Loop).CoolingEffectASH55,OutputProcessor::SOVTimeStepType::Zone,OutputProcessor::SOVStoreType::State,state.dataHeatBal->People(Loop).Name
ThermalComfort.cc,"""Zone Thermal Comfort ASHRAE 55 Elevated Air Speed Cooling Effect Adjusted PMV""",OutputProcessor::Unit::None,state.dataThermalComforts->ThermalComfortData(Loop).CoolingEffectAdjustedPMVASH55,OutputProcessor::SOVTimeStepType::Zone,OutputProcessor::SOVStoreType::State,state.dataHeatBal->People(Loop).Name
ThermalComfort.cc,"""Zone Thermal Comfort ASHRAE 55 Elevated Air Speed Cooling Effect Adjusted PPD""",OutputProcessor::Unit::None,state.dataThermalComforts->ThermalComfortData(Loop).CoolingEffectAdjustedPPDASH55,OutputProcessor::SOVTimeStepType::Zone,OutputProcessor::SOVStoreType::State,state.dataHeatBal->People(Loop).Name
ThermalComfort.cc,"""Zone Thermal Comfort ASHRAE 55 Ankle Draft PPD""",OutputProcessor::Unit::None,state.dataThermalComforts->ThermalComfortData(Loop).AnkleDraftPPDASH55,OutputProcessor::SOVTimeStepType::Zone,OutputProcessor::SOVStoreType::State,state.dataHeatBal->People(Loop).Name
ThermalComfort.cc,"""Zone Thermal Comfort ASHRAE 55 Simple Model Summer Clothes Not Comfortable Time""",OutputProcessor::Unit::hr,state.dataThermalComforts->ThermalComfortInASH55(Loop).timeNotSummer,OutputProcessor::SOVTimeStepType::Zone,OutputProcessor::SOVStoreType::Summed,state.dataHeatBal->Zone(Loop).Name
ThermalComfort.cc,"""Zone Thermal Comfort ASHRAE 55 Simple Model Winter Clothes Not Comfortable Time""",OutputProcessor::Unit::hr,state.dataThermalComforts->ThermalComfortInASH55(Loop).timeNotWinter,OutputProcessor::SOVTimeStepType::Zone,OutputProcessor::SOVStoreType::Summed,state.dataHeatBal->Zone(Loop).Name
ThermalComfort.cc,"""Zone Thermal Comfort ASHRAE 55 Simple Model Summer or Winter Clothes Not Comfortable Time""",OutputProcessor::Unit::hr,state.dataThermalComforts->ThermalComfortInASH55(Loop).timeNotEither,OutputProcessor::SOVTimeStepType::Zone,OutputProcessor::SOVStoreType::Summed,state.dataHeatBal->Zone(Loop).Name
ThermalComfort.cc,"""Facility Thermal Comfort ASHRAE 55 Simple Model Summer Clothes Not Comfortable Time""",OutputProcessor::Unit::hr,state.dataThermalComforts->AnyZoneTimeNotSimpleASH55Summer,OutputProcessor::SOVTimeStepType::Zone,OutputProcessor::SOVStoreType::Summed,"""Facility"""
ThermalComfort.cc,"""Facility Thermal Comfort ASHRAE 55 Simple Model Winter Clothes Not Comfortable Time""",OutputProcessor::Unit::hr,state.dataThermalComforts->AnyZoneTimeNotSimpleASH55Winter,OutputProcessor::SOVTimeStepType::Zone,OutputProcessor::SOVStoreType::Summed,"""Facility"""
ThermalComfort.cc,"""Facility Thermal Comfort ASHRAE 55 Simple Model Summer or Winter Clothes Not Comfortable Time""",OutputProcessor::Unit::hr,state.dataThermalComforts->AnyZoneTimeNotSimpleASH55Either,OutputProcessor::SOVTimeStepType::Zone,OutputProcessor::SOVStoreType::Summed,"""Facility"""
ThermalComfort.cc,"""Zone Heating Setpoint Not Met Time""",OutputProcessor::Unit::hr,state.dataThermalComforts->ThermalComfortSetPoint(Loop).notMetHeating,OutputProcessor::SOVTimeStepType::Zone,OutputProcessor::SOVStoreType::Summed,state.dataHeatBal->Zone(Loop).Name
ThermalComfort.cc,"""Zone Heating Setpoint Not Met While Occupied Time""",OutputProcessor::Unit::hr,state.dataThermalComforts->ThermalComfortSetPoint(Loop).notMetHeatingOccupied,OutputProcessor::SOVTimeStepType::Zone,OutputProcessor::SOVStoreType::Summed,state.dataHeatBal->Zone(Loop).Name
ThermalComfort.cc,"""Zone Cooling Setpoint Not Met Time""",OutputProcessor::Unit::hr,state.dataThermalComforts->ThermalComfortSetPoint(Loop).notMetCooling,OutputProcessor::SOVTimeStepType::Zone,OutputProcessor::SOVStoreType::Summed,state.dataHeatBal->Zone(Loop).Name
ThermalComfort.cc,"""Zone Cooling Setpoint Not Met While Occupied Time""",OutputProcessor::Unit::hr,state.dataThermalComforts->ThermalComfortSetPoint(Loop).notMetCoolingOccupied,OutputProcessor::SOVTimeStepType::Zone,OutputProcessor::SOVStoreType::Summed,state.dataHeatBal->Zone(Loop).Name
ThermalComfort.cc,"""Facility Heating Setpoint Not Met Time""",OutputProcessor::Unit::hr,state.dataThermalComforts->AnyZoneNotMetHeating,OutputProcessor::SOVTimeStepType::Zone,OutputProcessor::SOVStoreType::Summed,"""Facility"""
ThermalComfort.cc,"""Facility Cooling Setpoint Not Met Time""",OutputProcessor::Unit::hr,state.dataThermalComforts->AnyZoneNotMetCooling,OutputProcessor::SOVTimeStepType::Zone,OutputProcessor::SOVStoreType::Summed,"""Facility"""
ThermalComfort.cc,"""Facility Heating Setpoint Not Met While Occupied Time""",OutputProcessor::Unit::hr,state.dataThermalComforts->AnyZoneNotMetHeatingOccupied,OutputProcessor::SOVTimeStepType::Zone,OutputProcessor::SOVStoreType::Summed,"""Facility"""
ThermalComfort.cc,"""Facility Cooling Setpoint Not Met While Occupied Time""",OutputProcessor::Unit::hr,state.dataThermalComforts->AnyZoneNotMetCoolingOccupied,OutputProcessor::SOVTimeStepType::Zone,OutputProcessor::SOVStoreType::Summed,"""Facility"""
ChillerElectricASHRAE205.cc,"""Chiller Part Load Ratio""",OutputProcessor::Unit::None,this->ChillerPartLoadRatio,OutputProcessor::SOVTimeStepType::System,OutputProcessor::SOVStoreType::Average,this->Name
ChillerElectricASHRAE205.cc,"""Chiller Cycling Ratio""",OutputProcessor::Unit::None,this->ChillerCyclingRatio,OutputProcessor::SOVTimeStepType::System,OutputProcessor::SOVStoreType::Average,this->Name
ChillerElectricASHRAE205.cc,"""Minimum Part Load Ratio""",OutputProcessor::Unit::None,this->MinPartLoadRat,OutputProcessor::SOVTimeStepType::System,OutputProcessor::SOVStoreType::Average,this->Name
ChillerElectricASHRAE205.cc,"""Chiller Electricity Rate""",OutputProcessor::Unit::W,this->Power,OutputProcessor::SOVTimeStepType::System,OutputProcessor::SOVStoreType::Average,this->Name
ChillerElectricASHRAE205.cc,"""Chiller Electricity Energy""",OutputProcessor::Unit::J,this->Energy,OutputProcessor::SOVTimeStepType::System,OutputProcessor::SOVStoreType::Summed,this->Name
ChillerElectricASHRAE205.cc,"""Chiller Evaporator Cooling Rate""",OutputProcessor::Unit::W,this->QEvaporator,OutputProcessor::SOVTimeStepType::System,OutputProcessor::SOVStoreType::Average,this->Name
ChillerElectricASHRAE205.cc,"""Chiller Evaporator Cooling Energy""",OutputProcessor::Unit::J,this->EvapEnergy,OutputProcessor::SOVTimeStepType::System,OutputProcessor::SOVStoreType::Summed,this->Name
ChillerElectricASHRAE205.cc,"""Chiller Evaporator Inlet Temperature""",OutputProcessor::Unit::C,this->EvapInletTemp,OutputProcessor::SOVTimeStepType::System,OutputProcessor::SOVStoreType::Average,this->Name
ChillerElectricASHRAE205.cc,"""Chiller Evaporator Outlet Temperature""",OutputProcessor::Unit::C,this->EvapOutletTemp,OutputProcessor::SOVTimeStepType::System,OutputProcessor::SOVStoreType::Average,this->Name
ChillerElectricASHRAE205.cc,"""Chiller Evaporator Mass Flow Rate""",OutputProcessor::Unit::kg_s,this->EvapMassFlowRate,OutputProcessor::SOVTimeStepType::System,OutputProcessor::SOVStoreType::Average,this->Name
ChillerElectricASHRAE205.cc,"""Chiller Condenser Heat Transfer Rate""",OutputProcessor::Unit::W,this->QCondenser,OutputProcessor::SOVTimeStepType::System,OutputProcessor::SOVStoreType::Average,this->Name
ChillerElectricASHRAE205.cc,"""Chiller Condenser Heat Transfer Energy""",OutputProcessor::Unit::J,this->CondEnergy,OutputProcessor::SOVTimeStepType::System,OutputProcessor::SOVStoreType::Summed,this->Name
ChillerElectricASHRAE205.cc,"""Chiller COP""",OutputProcessor::Unit::W_W,this->ActualCOP,OutputProcessor::SOVTimeStepType::System,OutputProcessor::SOVStoreType::Average,this->Name
ChillerElectricASHRAE205.cc,"""Chiller Condenser Inlet Temperature""",OutputProcessor::Unit::C,this->CondInletTemp,OutputProcessor::SOVTimeStepType::System,OutputProcessor::SOVStoreType::Average,this->Name
ChillerElectricASHRAE205.cc,"""Chiller Condenser Outlet Temperature""",OutputProcessor::Unit::C,this->CondOutletTemp,OutputProcessor::SOVTimeStepType::System,OutputProcessor::SOVStoreType::Average,this->Name
ChillerElectricASHRAE205.cc,"""Chiller Condenser Mass Flow Rate""",OutputProcessor::Unit::kg_s,this->CondMassFlowRate,OutputProcessor::SOVTimeStepType::System,OutputProcessor::SOVStoreType::Average,this->Name
ChillerElectricASHRAE205.cc,"""Chiller Effective Heat Rejection Temperature""",OutputProcessor::Unit::C,this->ChillerCondAvgTemp,OutputProcessor::SOVTimeStepType::System,OutputProcessor::SOVStoreType::Average,this->Name
ChillerElectricASHRAE205.cc,"""Chiller Zone Heat Gain Rate""",OutputProcessor::Unit::W,this->AmbientZoneGain,OutputProcessor::SOVTimeStepType::System,OutputProcessor::SOVStoreType::Average,this->Name
ChillerElectricASHRAE205.cc,"""Chiller Zone Heat Gain Energy""",OutputProcessor::Unit::J,this->AmbientZoneGainEnergy,OutputProcessor::SOVTimeStepType::System,OutputProcessor::SOVStoreType::Summed,this->Name
ChillerElectricASHRAE205.cc,"""Oil Cooler Heat Transfer Rate""",OutputProcessor::Unit::W,this->QOilCooler,OutputProcessor::SOVTimeStepType::System,OutputProcessor::SOVStoreType::Average,this->Name
ChillerElectricASHRAE205.cc,"""Oil Cooler Heat Transfer Energy""",OutputProcessor::Unit::J,this->OilCoolerEnergy,OutputProcessor::SOVTimeStepType::System,OutputProcessor::SOVStoreType::Summed,this->Name
ChillerElectricASHRAE205.cc,"""Auxiliary Heat Transfer Rate""",OutputProcessor::Unit::W,this->QAuxiliary,OutputProcessor::SOVTimeStepType::System,OutputProcessor::SOVStoreType::Average,this->Name
ChillerElectricASHRAE205.cc,"""Auxiliary Heat Transfer Energy""",OutputProcessor::Unit::J,this->AuxiliaryEnergy,OutputProcessor::SOVTimeStepType::System,OutputProcessor::SOVStoreType::Summed,this->Name
SingleDuct.cc,"""Zone Air Terminal VAV Damper Position""",OutputProcessor::Unit::None,state.dataSingleDuct->sd_airterminal(state.dataSingleDuct->SysNumGSI).DamperPosition,OutputProcessor::SOVTimeStepType::System,OutputProcessor::SOVStoreType::Average,state.dataSingleDuct->sd_airterminal(state.dataSingleDuct->SysNumGSI).SysName
SingleDuct.cc,"""Zone Air Terminal Minimum Air Flow Fraction""",OutputProcessor::Unit::None,state.dataSingleDuct->sd_airterminal(state.dataSingleDuct->SysNumGSI).ZoneMinAirFracReport,OutputProcessor::SOVTimeStepType::System,OutputProcessor::SOVStoreType::Average,state.dataSingleDuct->sd_airterminal(state.dataSingleDuct->SysNumGSI).SysName
SingleDuct.cc,"""Zone Air Terminal VAV Damper Position""",OutputProcessor::Unit::None,state.dataSingleDuct->sd_airterminal(state.dataSingleDuct->SysNumGSI).DamperPosition,OutputProcessor::SOVTimeStepType::System,OutputProcessor::SOVStoreType::Average,state.dataSingleDuct->sd_airterminal(state.dataSingleDuct->SysNumGSI).SysName
SingleDuct.cc,'Damper Position',Sys(SysNum)%DamperPosition,&        //                        'System','Average',"Sys(SysNum)%SysName)    } // End Number of Sys Loop    CurrentModuleObject = ""AirTerminal:SingleDuct:ConstantVolume:NoReheat"";    for (state.dataSingleDuct->SysIndexGSI = 1; state.dataSingleDuct->SysIndexGSI <= state.dataSingleDuct->NumCVNoReheatSysGSI;         ++state.dataSingleDuct->SysIndexGSI) {        state.dataInputProcessing->inputProcessor->getObjectItem(state",CurrentModuleObject
SingleDuct.cc,"""Zone Air Terminal VAV Damper Position""",OutputProcessor::Unit::None,state.dataSingleDuct->sd_airterminal(state.dataSingleDuct->SysNumGSI).DamperPosition,OutputProcessor::SOVTimeStepType::System,OutputProcessor::SOVStoreType::Average,state.dataSingleDuct->sd_airterminal(state.dataSingleDuct->SysNumGSI).SysName
SingleDuct.cc,"""Zone Air Terminal Minimum Air Flow Fraction""",OutputProcessor::Unit::None,state.dataSingleDuct->sd_airterminal(state.dataSingleDuct->SysNumGSI).ZoneMinAirFracReport,OutputProcessor::SOVTimeStepType::System,OutputProcessor::SOVStoreType::Average,state.dataSingleDuct->sd_airterminal(state.dataSingleDuct->SysNumGSI).SysName
SingleDuct.cc,"""Zone Air Terminal VAV Damper Position""",OutputProcessor::Unit::None,state.dataSingleDuct->sd_airterminal(state.dataSingleDuct->SysNumGSI).DamperPosition,OutputProcessor::SOVTimeStepType::System,OutputProcessor::SOVStoreType::Average,state.dataSingleDuct->sd_airterminal(state.dataSingleDuct->SysNumGSI).SysName
SingleDuct.cc,"""Zone Air Terminal VAV Damper Position""",OutputProcessor::Unit::None,state.dataSingleDuct->sd_airterminal(state.dataSingleDuct->SysNumGSI).DamperPosition,OutputProcessor::SOVTimeStepType::System,OutputProcessor::SOVStoreType::Average,state.dataSingleDuct->sd_airterminal(state.dataSingleDuct->SysNumGSI).SysName
SingleDuct.cc,"""Zone Air Terminal Outdoor Air Volume Flow Rate""",OutputProcessor::Unit::m3_s,state.dataSingleDuct->sd_airterminal(sdIndex).OutdoorAirFlowRate,OutputProcessor::SOVTimeStepType::System,OutputProcessor::SOVStoreType::Average,state.dataSingleDuct->sd_airterminal(sdIndex).SysName
VentilatedSlab.cc,'Ventilated Slab Direct Heat Loss Rate [W]',&            //                             VentSlab(Item)%DirectHeatLossRate,'System',&            //                             'Average',VentSlab(Item)%Name)            //   CALL SetupOutputVariable(state,'Ventilated Slab Direct Heat Loss [W]'
VentilatedSlab.cc,"""Zone Ventilated Slab Radiant Heating Rate""",OutputProcessor::Unit::W,ventSlab.RadHeatingPower,OutputProcessor::SOVTimeStepType::System,OutputProcessor::SOVStoreType::Average,ventSlab.Name
VentilatedSlab.cc,"""Zone Ventilated Slab Radiant Heating Energy""",OutputProcessor::Unit::J,ventSlab.RadHeatingEnergy,OutputProcessor::SOVTimeStepType::System,OutputProcessor::SOVStoreType::Summed,ventSlab.Name
VentilatedSlab.cc,"""Zone Ventilated Slab Radiant Cooling Rate""",OutputProcessor::Unit::W,ventSlab.RadCoolingPower,OutputProcessor::SOVTimeStepType::System,OutputProcessor::SOVStoreType::Average,ventSlab.Name
VentilatedSlab.cc,"""Zone Ventilated Slab Radiant Cooling Energy""",OutputProcessor::Unit::J,ventSlab.RadCoolingEnergy,OutputProcessor::SOVTimeStepType::System,OutputProcessor::SOVStoreType::Summed,ventSlab.Name
VentilatedSlab.cc,"""Zone Ventilated Slab Coil Heating Rate""",OutputProcessor::Unit::W,ventSlab.HeatCoilPower,OutputProcessor::SOVTimeStepType::System,OutputProcessor::SOVStoreType::Average,ventSlab.Name
VentilatedSlab.cc,"""Zone Ventilated Slab Coil Heating Energy""",OutputProcessor::Unit::J,ventSlab.HeatCoilEnergy,OutputProcessor::SOVTimeStepType::System,OutputProcessor::SOVStoreType::Summed,ventSlab.Name
VentilatedSlab.cc,"""Zone Ventilated Slab Coil Total Cooling Rate""",OutputProcessor::Unit::W,ventSlab.TotCoolCoilPower,OutputProcessor::SOVTimeStepType::System,OutputProcessor::SOVStoreType::Average,ventSlab.Name
VentilatedSlab.cc,"""Zone Ventilated Slab Coil Total Cooling Energy""",OutputProcessor::Unit::J,ventSlab.TotCoolCoilEnergy,OutputProcessor::SOVTimeStepType::System,OutputProcessor::SOVStoreType::Summed,ventSlab.Name
VentilatedSlab.cc,"""Zone Ventilated Slab Coil Sensible Cooling Rate""",OutputProcessor::Unit::W,ventSlab.SensCoolCoilPower,OutputProcessor::SOVTimeStepType::System,OutputProcessor::SOVStoreType::Average,ventSlab.Name
VentilatedSlab.cc,"""Zone Ventilated Slab Coil Sensible Cooling Energy""",OutputProcessor::Unit::J,ventSlab.SensCoolCoilEnergy,OutputProcessor::SOVTimeStepType::System,OutputProcessor::SOVStoreType::Summed,ventSlab.Name
VentilatedSlab.cc,"""Zone Ventilated Slab Coil Latent Cooling Rate""",OutputProcessor::Unit::W,ventSlab.LateCoolCoilPower,OutputProcessor::SOVTimeStepType::System,OutputProcessor::SOVStoreType::Average,ventSlab.Name
VentilatedSlab.cc,"""Zone Ventilated Slab Coil Latent Cooling Energy""",OutputProcessor::Unit::J,ventSlab.LateCoolCoilEnergy,OutputProcessor::SOVTimeStepType::System,OutputProcessor::SOVStoreType::Summed,ventSlab.Name
VentilatedSlab.cc,"""Zone Ventilated Slab Air Mass Flow Rate""",OutputProcessor::Unit::kg_s,ventSlab.AirMassFlowRate,OutputProcessor::SOVTimeStepType::System,OutputProcessor::SOVStoreType::Average,ventSlab.Name
VentilatedSlab.cc,"""Zone Ventilated Slab Fan Electricity Rate""",OutputProcessor::Unit::W,ventSlab.ElecFanPower,OutputProcessor::SOVTimeStepType::System,OutputProcessor::SOVStoreType::Average,ventSlab.Name
VentilatedSlab.cc,"""Zone Ventilated Slab Fan Electricity Energy""",OutputProcessor::Unit::J,ventSlab.ElecFanEnergy,OutputProcessor::SOVTimeStepType::System,OutputProcessor::SOVStoreType::Summed,ventSlab.Name
VentilatedSlab.cc,"""Zone Ventilated Slab Inlet Air Temperature""",OutputProcessor::Unit::C,ventSlab.SlabInTemp,OutputProcessor::SOVTimeStepType::System,OutputProcessor::SOVStoreType::Average,ventSlab.Name
VentilatedSlab.cc,"""Zone Ventilated Slab Outlet Air Temperature""",OutputProcessor::Unit::C,ventSlab.SlabOutTemp,OutputProcessor::SOVTimeStepType::System,OutputProcessor::SOVStoreType::Average,ventSlab.Name
VentilatedSlab.cc,"""Zone Ventilated Slab Zone Inlet Air Temperature""",OutputProcessor::Unit::C,ventSlab.ZoneInletTemp,OutputProcessor::SOVTimeStepType::System,OutputProcessor::SOVStoreType::Average,ventSlab.Name
VentilatedSlab.cc,"""Zone Ventilated Slab Return Air Temperature""",OutputProcessor::Unit::C,ventSlab.ReturnAirTemp,OutputProcessor::SOVTimeStepType::System,OutputProcessor::SOVStoreType::Average,ventSlab.Name
VentilatedSlab.cc,"""Zone Ventilated Slab Fan Outlet Air Temperature""",OutputProcessor::Unit::C,ventSlab.FanOutletTemp,OutputProcessor::SOVTimeStepType::System,OutputProcessor::SOVStoreType::Average,ventSlab.Name
VentilatedSlab.cc,"""Zone Ventilated Slab Fan Availability Status""",OutputProcessor::Unit::None,ventSlab.AvailStatus,OutputProcessor::SOVTimeStepType::System,OutputProcessor::SOVStoreType::Average,ventSlab.Name
PoweredInductionUnits.cc,"""Zone Air Terminal Primary Damper Position""",OutputProcessor::Unit::None,thisPIU.PriDamperPosition,OutputProcessor::SOVTimeStepType::System,OutputProcessor::SOVStoreType::Average,thisPIU.Name
PoweredInductionUnits.cc,"""Zone Air Terminal Heating Rate""",OutputProcessor::Unit::W,thisPIU.HeatingRate,OutputProcessor::SOVTimeStepType::System,OutputProcessor::SOVStoreType::Average,thisPIU.Name
PoweredInductionUnits.cc,"""Zone Air Terminal Heating Energy""",OutputProcessor::Unit::J,thisPIU.HeatingEnergy,OutputProcessor::SOVTimeStepType::System,OutputProcessor::SOVStoreType::Summed,thisPIU.Name
PoweredInductionUnits.cc,"""Zone Air Terminal Sensible Cooling Rate""",OutputProcessor::Unit::W,thisPIU.SensCoolRate,OutputProcessor::SOVTimeStepType::System,OutputProcessor::SOVStoreType::Average,thisPIU.Name
PoweredInductionUnits.cc,"""Zone Air Terminal Sensible Cooling Energy""",OutputProcessor::Unit::J,thisPIU.SensCoolEnergy,OutputProcessor::SOVTimeStepType::System,OutputProcessor::SOVStoreType::Summed,thisPIU.Name
PoweredInductionUnits.cc,"""Zone Air Terminal Outdoor Air Volume Flow Rate""",OutputProcessor::Unit::m3_s,thisPIU.OutdoorAirFlowRate,OutputProcessor::SOVTimeStepType::System,OutputProcessor::SOVStoreType::Average,thisPIU.Name
WaterUse.cc,"""Water Use Equipment Hot Water Mass Flow Rate""",OutputProcessor::Unit::kg_s,this->HotMassFlowRate,OutputProcessor::SOVTimeStepType::System,OutputProcessor::SOVStoreType::Average,this->Name
WaterUse.cc,"""Water Use Equipment Cold Water Mass Flow Rate""",OutputProcessor::Unit::kg_s,this->ColdMassFlowRate,OutputProcessor::SOVTimeStepType::System,OutputProcessor::SOVStoreType::Average,this->Name
WaterUse.cc,"""Water Use Equipment Total Mass Flow Rate""",OutputProcessor::Unit::kg_s,this->TotalMassFlowRate,OutputProcessor::SOVTimeStepType::System,OutputProcessor::SOVStoreType::Average,this->Name
WaterUse.cc,"""Water Use Equipment Hot Water Volume Flow Rate""",OutputProcessor::Unit::m3_s,this->HotVolFlowRate,OutputProcessor::SOVTimeStepType::System,OutputProcessor::SOVStoreType::Average,this->Name
WaterUse.cc,"""Water Use Equipment Cold Water Volume Flow Rate""",OutputProcessor::Unit::m3_s,this->ColdVolFlowRate,OutputProcessor::SOVTimeStepType::System,OutputProcessor::SOVStoreType::Average,this->Name
WaterUse.cc,"""Water Use Equipment Total Volume Flow Rate""",OutputProcessor::Unit::m3_s,this->TotalVolFlowRate,OutputProcessor::SOVTimeStepType::System,OutputProcessor::SOVStoreType::Average,this->Name
WaterUse.cc,"""Water Use Equipment Hot Water Volume""",OutputProcessor::Unit::m3,this->HotVolume,OutputProcessor::SOVTimeStepType::System,OutputProcessor::SOVStoreType::Summed,this->Name
WaterUse.cc,"""Water Use Equipment Cold Water Volume""",OutputProcessor::Unit::m3,this->ColdVolume,OutputProcessor::SOVTimeStepType::System,OutputProcessor::SOVStoreType::Summed,this->Name
WaterUse.cc,"""Water Use Equipment Total Volume""",OutputProcessor::Unit::m3,this->TotalVolume,OutputProcessor::SOVTimeStepType::System,OutputProcessor::SOVStoreType::Summed,this->Name
WaterUse.cc,"""Water Use Equipment Mains Water Volume""",OutputProcessor::Unit::m3,this->TotalVolume,OutputProcessor::SOVTimeStepType::System,OutputProcessor::SOVStoreType::Summed,this->Name
WaterUse.cc,"""Water Use Equipment Hot Water Temperature""",OutputProcessor::Unit::C,this->HotTemp,OutputProcessor::SOVTimeStepType::System,OutputProcessor::SOVStoreType::Average,this->Name
WaterUse.cc,"""Water Use Equipment Cold Water Temperature""",OutputProcessor::Unit::C,this->ColdTemp,OutputProcessor::SOVTimeStepType::System,OutputProcessor::SOVStoreType::Average,this->Name
WaterUse.cc,"""Water Use Equipment Target Water Temperature""",OutputProcessor::Unit::C,this->TargetTemp,OutputProcessor::SOVTimeStepType::System,OutputProcessor::SOVStoreType::Average,this->Name
WaterUse.cc,"""Water Use Equipment Mixed Water Temperature""",OutputProcessor::Unit::C,this->MixedTemp,OutputProcessor::SOVTimeStepType::System,OutputProcessor::SOVStoreType::Average,this->Name
WaterUse.cc,"""Water Use Equipment Drain Water Temperature""",OutputProcessor::Unit::C,this->DrainTemp,OutputProcessor::SOVTimeStepType::System,OutputProcessor::SOVStoreType::Average,this->Name
WaterUse.cc,"""Water Use Equipment Heating Rate""",OutputProcessor::Unit::W,this->Power,OutputProcessor::SOVTimeStepType::System,OutputProcessor::SOVStoreType::Average,this->Name
WaterUse.cc,"""Water Use Equipment Heating Energy""",OutputProcessor::Unit::J,this->Energy,OutputProcessor::SOVTimeStepType::System,OutputProcessor::SOVStoreType::Summed,this->Name
WaterUse.cc,"""Water Use Equipment Heating Energy""",OutputProcessor::Unit::J,this->Energy,OutputProcessor::SOVTimeStepType::System,OutputProcessor::SOVStoreType::Summed,this->Name
WaterUse.cc,"""Water Use Equipment Heating Energy""",OutputProcessor::Unit::J,this->Energy,OutputProcessor::SOVTimeStepType::System,OutputProcessor::SOVStoreType::Summed,this->Name
WaterUse.cc,"""Water Use Equipment Zone Sensible Heat Gain Rate""",OutputProcessor::Unit::W,this->SensibleRate,OutputProcessor::SOVTimeStepType::System,OutputProcessor::SOVStoreType::Average,this->Name
WaterUse.cc,"""Water Use Equipment Zone Sensible Heat Gain Energy""",OutputProcessor::Unit::J,this->SensibleEnergy,OutputProcessor::SOVTimeStepType::System,OutputProcessor::SOVStoreType::Summed,this->Name
WaterUse.cc,"""Water Use Equipment Zone Latent Gain Rate""",OutputProcessor::Unit::W,this->LatentRate,OutputProcessor::SOVTimeStepType::System,OutputProcessor::SOVStoreType::Average,this->Name
WaterUse.cc,"""Water Use Equipment Zone Latent Gain Energy""",OutputProcessor::Unit::J,this->LatentEnergy,OutputProcessor::SOVTimeStepType::System,OutputProcessor::SOVStoreType::Summed,this->Name
WaterUse.cc,"""Water Use Equipment Zone Moisture Gain Mass Flow Rate""",OutputProcessor::Unit::kg_s,this->MoistureRate,OutputProcessor::SOVTimeStepType::System,OutputProcessor::SOVStoreType::Average,this->Name
WaterUse.cc,"""Water Use Equipment Zone Moisture Gain Mass""",OutputProcessor::Unit::kg,this->MoistureMass,OutputProcessor::SOVTimeStepType::System,OutputProcessor::SOVStoreType::Summed,this->Name
WaterUse.cc,"""Water Use Connections Hot Water Mass Flow Rate""",OutputProcessor::Unit::kg_s,this->HotMassFlowRate,OutputProcessor::SOVTimeStepType::System,OutputProcessor::SOVStoreType::Average,this->Name
WaterUse.cc,"""Water Use Connections Cold Water Mass Flow Rate""",OutputProcessor::Unit::kg_s,this->ColdMassFlowRate,OutputProcessor::SOVTimeStepType::System,OutputProcessor::SOVStoreType::Average,this->Name
WaterUse.cc,"""Water Use Connections Total Mass Flow Rate""",OutputProcessor::Unit::kg_s,this->TotalMassFlowRate,OutputProcessor::SOVTimeStepType::System,OutputProcessor::SOVStoreType::Average,this->Name
WaterUse.cc,"""Water Use Connections Drain Water Mass Flow Rate""",OutputProcessor::Unit::kg_s,this->DrainMassFlowRate,OutputProcessor::SOVTimeStepType::System,OutputProcessor::SOVStoreType::Average,this->Name
WaterUse.cc,"""Water Use Connections Heat Recovery Mass Flow Rate""",OutputProcessor::Unit::kg_s,this->RecoveryMassFlowRate,OutputProcessor::SOVTimeStepType::System,OutputProcessor::SOVStoreType::Average,this->Name
WaterUse.cc,"""Water Use Connections Hot Water Volume Flow Rate""",OutputProcessor::Unit::m3_s,this->HotVolFlowRate,OutputProcessor::SOVTimeStepType::System,OutputProcessor::SOVStoreType::Average,this->Name
WaterUse.cc,"""Water Use Connections Cold Water Volume Flow Rate""",OutputProcessor::Unit::m3_s,this->ColdVolFlowRate,OutputProcessor::SOVTimeStepType::System,OutputProcessor::SOVStoreType::Average,this->Name
WaterUse.cc,"""Water Use Connections Total Volume Flow Rate""",OutputProcessor::Unit::m3_s,this->TotalVolFlowRate,OutputProcessor::SOVTimeStepType::System,OutputProcessor::SOVStoreType::Average,this->Name
WaterUse.cc,"""Water Use Connections Hot Water Volume""",OutputProcessor::Unit::m3,this->HotVolume,OutputProcessor::SOVTimeStepType::System,OutputProcessor::SOVStoreType::Summed,this->Name
WaterUse.cc,"""Water Use Connections Cold Water Volume""",OutputProcessor::Unit::m3,this->ColdVolume,OutputProcessor::SOVTimeStepType::System,OutputProcessor::SOVStoreType::Summed,this->Name
WaterUse.cc,"""Water Use Connections Total Volume""",OutputProcessor::Unit::m3,this->TotalVolume,OutputProcessor::SOVTimeStepType::System,OutputProcessor::SOVStoreType::Summed,this->Name
WaterUse.cc,"""Water Use Connections Hot Water Temperature""",OutputProcessor::Unit::C,this->HotTemp,OutputProcessor::SOVTimeStepType::System,OutputProcessor::SOVStoreType::Average,this->Name
WaterUse.cc,"""Water Use Connections Cold Water Temperature""",OutputProcessor::Unit::C,this->ColdTemp,OutputProcessor::SOVTimeStepType::System,OutputProcessor::SOVStoreType::Average,this->Name
WaterUse.cc,"""Water Use Connections Drain Water Temperature""",OutputProcessor::Unit::C,this->DrainTemp,OutputProcessor::SOVTimeStepType::System,OutputProcessor::SOVStoreType::Average,this->Name
WaterUse.cc,"""Water Use Connections Return Water Temperature""",OutputProcessor::Unit::C,this->ReturnTemp,OutputProcessor::SOVTimeStepType::System,OutputProcessor::SOVStoreType::Average,this->Name
WaterUse.cc,"""Water Use Connections Waste Water Temperature""",OutputProcessor::Unit::C,this->WasteTemp,OutputProcessor::SOVTimeStepType::System,OutputProcessor::SOVStoreType::Average,this->Name
WaterUse.cc,"""Water Use Connections Heat Recovery Water Temperature""",OutputProcessor::Unit::C,this->RecoveryTemp,OutputProcessor::SOVTimeStepType::System,OutputProcessor::SOVStoreType::Average,this->Name
WaterUse.cc,"""Water Use Connections Heat Recovery Effectiveness""",OutputProcessor::Unit::None,this->Effectiveness,OutputProcessor::SOVTimeStepType::System,OutputProcessor::SOVStoreType::Average,this->Name
WaterUse.cc,"""Water Use Connections Heat Recovery Rate""",OutputProcessor::Unit::W,this->RecoveryRate,OutputProcessor::SOVTimeStepType::System,OutputProcessor::SOVStoreType::Average,this->Name
WaterUse.cc,"""Water Use Connections Heat Recovery Energy""",OutputProcessor::Unit::J,this->RecoveryEnergy,OutputProcessor::SOVTimeStepType::System,OutputProcessor::SOVStoreType::Summed,this->Name
WaterUse.cc,"""Water Use Connections Plant Hot Water Energy""",OutputProcessor::Unit::J,this->Energy,OutputProcessor::SOVTimeStepType::System,OutputProcessor::SOVStoreType::Summed,this->Name
EcoRoofManager.cc,"""Green Roof Soil Temperature""",OutputProcessor::Unit::C,thisEcoRoof->Tg,OutputProcessor::SOVTimeStepType::Zone,OutputProcessor::SOVStoreType::State,"""Environment"""
EcoRoofManager.cc,"""Green Roof Vegetation Temperature""",OutputProcessor::Unit::C,thisEcoRoof->Tf,OutputProcessor::SOVTimeStepType::Zone,OutputProcessor::SOVStoreType::State,"""Environment"""
EcoRoofManager.cc,"""Green Roof Soil Root Moisture Ratio""",OutputProcessor::Unit::None,thisEcoRoof->MeanRootMoisture,OutputProcessor::SOVTimeStepType::Zone,OutputProcessor::SOVStoreType::State,"""Environment"""
EcoRoofManager.cc,"""Green Roof Soil Near Surface Moisture Ratio""",OutputProcessor::Unit::None,thisEcoRoof->Moisture,OutputProcessor::SOVTimeStepType::Zone,OutputProcessor::SOVStoreType::State,"""Environment"""
EcoRoofManager.cc,"""Green Roof Soil Sensible Heat Transfer Rate per Area""",OutputProcessor::Unit::W_m2,thisEcoRoof->sensibleg,OutputProcessor::SOVTimeStepType::Zone,OutputProcessor::SOVStoreType::State,"""Environment"""
EcoRoofManager.cc,"""Green Roof Vegetation Sensible Heat Transfer Rate per Area""",OutputProcessor::Unit::W_m2,thisEcoRoof->sensiblef,OutputProcessor::SOVTimeStepType::Zone,OutputProcessor::SOVStoreType::State,"""Environment"""
EcoRoofManager.cc,"""Green Roof Vegetation Moisture Transfer Rate""",OutputProcessor::Unit::m_s,thisEcoRoof->Vfluxf,OutputProcessor::SOVTimeStepType::Zone,OutputProcessor::SOVStoreType::State,"""Environment"""
EcoRoofManager.cc,"""Green Roof Soil Moisture Transfer Rate""",OutputProcessor::Unit::m_s,thisEcoRoof->Vfluxg,OutputProcessor::SOVTimeStepType::Zone,OutputProcessor::SOVStoreType::State,"""Environment"""
EcoRoofManager.cc,"""Green Roof Vegetation Latent Heat Transfer Rate per Area""",OutputProcessor::Unit::W_m2,thisEcoRoof->Lf,OutputProcessor::SOVTimeStepType::Zone,OutputProcessor::SOVStoreType::State,"""Environment"""
EcoRoofManager.cc,"""Green Roof Soil Latent Heat Transfer Rate per Area""",OutputProcessor::Unit::W_m2,thisEcoRoof->Lg,OutputProcessor::SOVTimeStepType::Zone,OutputProcessor::SOVStoreType::State,"""Environment"""
EcoRoofManager.cc,"""Green Roof Cumulative Precipitation Depth""",OutputProcessor::Unit::m,thisEcoRoof->CumPrecip,OutputProcessor::SOVTimeStepType::Zone,OutputProcessor::SOVStoreType::State,"""Environment"""
EcoRoofManager.cc,"""Green Roof Cumulative Irrigation Depth""",OutputProcessor::Unit::m,thisEcoRoof->CumIrrigation,OutputProcessor::SOVTimeStepType::Zone,OutputProcessor::SOVStoreType::State,"""Environment"""
EcoRoofManager.cc,"""Green Roof Cumulative Runoff Depth""",OutputProcessor::Unit::m,thisEcoRoof->CumRunoff,OutputProcessor::SOVTimeStepType::Zone,OutputProcessor::SOVStoreType::State,"""Environment"""
EcoRoofManager.cc,"""Green Roof Cumulative Evapotranspiration Depth""",OutputProcessor::Unit::m,thisEcoRoof->CumET,OutputProcessor::SOVTimeStepType::Zone,OutputProcessor::SOVStoreType::State,"""Environment"""
EcoRoofManager.cc,"""Green Roof Current Precipitation Depth""",OutputProcessor::Unit::m,thisEcoRoof->CurrentPrecipitation,OutputProcessor::SOVTimeStepType::Zone,OutputProcessor::SOVStoreType::Summed,"""Environment"""
EcoRoofManager.cc,"""Green Roof Current Irrigation Depth""",OutputProcessor::Unit::m,thisEcoRoof->CurrentIrrigation,OutputProcessor::SOVTimeStepType::Zone,OutputProcessor::SOVStoreType::Summed,"""Environment"""
EcoRoofManager.cc,"""Green Roof Current Runoff Depth""",OutputProcessor::Unit::m,thisEcoRoof->CurrentRunoff,OutputProcessor::SOVTimeStepType::Zone,OutputProcessor::SOVStoreType::Summed,"""Environment"""
EcoRoofManager.cc,"""Green Roof Current Evapotranspiration Depth""",OutputProcessor::Unit::m,thisEcoRoof->CurrentET,OutputProcessor::SOVTimeStepType::Zone,OutputProcessor::SOVStoreType::Summed,"""Environment"""
HVACVariableRefrigerantFlow.cc,"""Zone VRF Air Terminal Cooling Electricity Rate""",OutputProcessor::Unit::W,thisVrfTU.ParasiticCoolElecPower,OutputProcessor::SOVTimeStepType::System,OutputProcessor::SOVStoreType::Average,thisVrfTU.Name
HVACVariableRefrigerantFlow.cc,"""Zone VRF Air Terminal Cooling Electricity Energy""",OutputProcessor::Unit::J,thisVrfTU.ParasiticElecCoolConsumption,OutputProcessor::SOVTimeStepType::System,OutputProcessor::SOVStoreType::Summed,thisVrfTU.Name
HVACVariableRefrigerantFlow.cc,"""Zone VRF Air Terminal Total Cooling Rate""",OutputProcessor::Unit::W,thisVrfTU.TotalCoolingRate,OutputProcessor::SOVTimeStepType::System,OutputProcessor::SOVStoreType::Average,thisVrfTU.Name
HVACVariableRefrigerantFlow.cc,"""Zone VRF Air Terminal Sensible Cooling Rate""",OutputProcessor::Unit::W,thisVrfTU.SensibleCoolingRate,OutputProcessor::SOVTimeStepType::System,OutputProcessor::SOVStoreType::Average,thisVrfTU.Name
HVACVariableRefrigerantFlow.cc,"""Zone VRF Air Terminal Latent Cooling Rate""",OutputProcessor::Unit::W,thisVrfTU.LatentCoolingRate,OutputProcessor::SOVTimeStepType::System,OutputProcessor::SOVStoreType::Average,thisVrfTU.Name
HVACVariableRefrigerantFlow.cc,"""Zone VRF Air Terminal Total Cooling Energy""",OutputProcessor::Unit::J,thisVrfTU.TotalCoolingEnergy,OutputProcessor::SOVTimeStepType::System,OutputProcessor::SOVStoreType::Summed,thisVrfTU.Name
HVACVariableRefrigerantFlow.cc,"""Zone VRF Air Terminal Sensible Cooling Energy""",OutputProcessor::Unit::J,thisVrfTU.SensibleCoolingEnergy,OutputProcessor::SOVTimeStepType::System,OutputProcessor::SOVStoreType::Summed,thisVrfTU.Name
HVACVariableRefrigerantFlow.cc,"""Zone VRF Air Terminal Latent Cooling Energy""",OutputProcessor::Unit::J,thisVrfTU.LatentCoolingEnergy,OutputProcessor::SOVTimeStepType::System,OutputProcessor::SOVStoreType::Summed,thisVrfTU.Name
HVACVariableRefrigerantFlow.cc,"""Zone VRF Air Terminal Heating Electricity Rate""",OutputProcessor::Unit::W,thisVrfTU.ParasiticHeatElecPower,OutputProcessor::SOVTimeStepType::System,OutputProcessor::SOVStoreType::Average,thisVrfTU.Name
HVACVariableRefrigerantFlow.cc,"""Zone VRF Air Terminal Heating Electricity Energy""",OutputProcessor::Unit::J,thisVrfTU.ParasiticElecHeatConsumption,OutputProcessor::SOVTimeStepType::System,OutputProcessor::SOVStoreType::Summed,thisVrfTU.Name
HVACVariableRefrigerantFlow.cc,"""Zone VRF Air Terminal Total Heating Rate""",OutputProcessor::Unit::W,thisVrfTU.TotalHeatingRate,OutputProcessor::SOVTimeStepType::System,OutputProcessor::SOVStoreType::Average,thisVrfTU.Name
HVACVariableRefrigerantFlow.cc,"""Zone VRF Air Terminal Sensible Heating Rate""",OutputProcessor::Unit::W,thisVrfTU.SensibleHeatingRate,OutputProcessor::SOVTimeStepType::System,OutputProcessor::SOVStoreType::Average,thisVrfTU.Name
HVACVariableRefrigerantFlow.cc,"""Zone VRF Air Terminal Latent Heating Rate""",OutputProcessor::Unit::W,thisVrfTU.LatentHeatingRate,OutputProcessor::SOVTimeStepType::System,OutputProcessor::SOVStoreType::Average,thisVrfTU.Name
HVACVariableRefrigerantFlow.cc,"""Zone VRF Air Terminal Total Heating Energy""",OutputProcessor::Unit::J,thisVrfTU.TotalHeatingEnergy,OutputProcessor::SOVTimeStepType::System,OutputProcessor::SOVStoreType::Summed,thisVrfTU.Name
HVACVariableRefrigerantFlow.cc,"""Zone VRF Air Terminal Sensible Heating Energy""",OutputProcessor::Unit::J,thisVrfTU.SensibleHeatingEnergy,OutputProcessor::SOVTimeStepType::System,OutputProcessor::SOVStoreType::Summed,thisVrfTU.Name
HVACVariableRefrigerantFlow.cc,"""Zone VRF Air Terminal Latent Heating Energy""",OutputProcessor::Unit::J,thisVrfTU.LatentHeatingEnergy,OutputProcessor::SOVTimeStepType::System,OutputProcessor::SOVStoreType::Summed,thisVrfTU.Name
HVACVariableRefrigerantFlow.cc,"""Zone VRF Air Terminal Fan Availability Status""",OutputProcessor::Unit::None,thisVrfTU.AvailStatus,OutputProcessor::SOVTimeStepType::System,OutputProcessor::SOVStoreType::Average,thisVrfTU.Name
HVACVariableRefrigerantFlow.cc,"""Zone VRF Air Terminal Multispeed Fan Cycling Ratio""",OutputProcessor::Unit::None,thisVrfTU.CycRatio,OutputProcessor::SOVTimeStepType::System,OutputProcessor::SOVStoreType::Average,thisVrfTU.Name
HVACVariableRefrigerantFlow.cc,"""Zone VRF Air Terminal Multispeed Fan Speed Ratio""",OutputProcessor::Unit::None,thisVrfTU.SpeedRatio,OutputProcessor::SOVTimeStepType::System,OutputProcessor::SOVStoreType::Average,thisVrfTU.Name
HVACVariableRefrigerantFlow.cc,"""Zone VRF Air Terminal Multispeed Fan Speed Level""",OutputProcessor::Unit::None,thisVrfTU.SpeedNum,OutputProcessor::SOVTimeStepType::System,OutputProcessor::SOVStoreType::Average,thisVrfTU.Name
HVACVariableRefrigerantFlow.cc,"""VRF Heat Pump Total Cooling Rate""",OutputProcessor::Unit::W,thisVrf.TotalCoolingCapacity,OutputProcessor::SOVTimeStepType::System,OutputProcessor::SOVStoreType::Average,thisVrf.Name
HVACVariableRefrigerantFlow.cc,"""VRF Heat Pump Total Heating Rate""",OutputProcessor::Unit::W,thisVrf.TotalHeatingCapacity,OutputProcessor::SOVTimeStepType::System,OutputProcessor::SOVStoreType::Average,thisVrf.Name
HVACVariableRefrigerantFlow.cc,"format(""VRF Heat Pump Cooling {} Rate"", sFuelType)",OutputProcessor::Unit::W,thisVrf.ElecCoolingPower,OutputProcessor::SOVTimeStepType::System,OutputProcessor::SOVStoreType::Average,thisVrf.Name
HVACVariableRefrigerantFlow.cc,"format(""VRF Heat Pump Cooling {} Energy"", sFuelType)",OutputProcessor::Unit::J,thisVrf.CoolElecConsumption,OutputProcessor::SOVTimeStepType::System,OutputProcessor::SOVStoreType::Summed,thisVrf.Name
HVACVariableRefrigerantFlow.cc,"format(""VRF Heat Pump Heating {} Rate"", sFuelType)",OutputProcessor::Unit::W,thisVrf.ElecHeatingPower,OutputProcessor::SOVTimeStepType::System,OutputProcessor::SOVStoreType::Average,thisVrf.Name
HVACVariableRefrigerantFlow.cc,"format(""VRF Heat Pump Heating {} Energy"", sFuelType)",OutputProcessor::Unit::J,thisVrf.HeatElecConsumption,OutputProcessor::SOVTimeStepType::System,OutputProcessor::SOVStoreType::Summed,thisVrf.Name
HVACVariableRefrigerantFlow.cc,"""VRF Heat Pump Cooling COP""",OutputProcessor::Unit::None,thisVrf.OperatingCoolingCOP,OutputProcessor::SOVTimeStepType::System,OutputProcessor::SOVStoreType::Average,thisVrf.Name
HVACVariableRefrigerantFlow.cc,"""VRF Heat Pump Heating COP""",OutputProcessor::Unit::None,thisVrf.OperatingHeatingCOP,OutputProcessor::SOVTimeStepType::System,OutputProcessor::SOVStoreType::Average,thisVrf.Name
HVACVariableRefrigerantFlow.cc,"""VRF Heat Pump COP""",OutputProcessor::Unit::None,thisVrf.OperatingCOP,OutputProcessor::SOVTimeStepType::System,OutputProcessor::SOVStoreType::Average,thisVrf.Name
HVACVariableRefrigerantFlow.cc,"""VRF Heat Pump Compressor Electricity Rate""",OutputProcessor::Unit::W,thisVrf.Ncomp,OutputProcessor::SOVTimeStepType::System,OutputProcessor::SOVStoreType::Average,thisVrf.Name
HVACVariableRefrigerantFlow.cc,"""VRF Heat Pump Outdoor Unit Fan Power""",OutputProcessor::Unit::W,thisVrf.OUFanPower,OutputProcessor::SOVTimeStepType::System,OutputProcessor::SOVStoreType::Average,thisVrf.Name
HVACVariableRefrigerantFlow.cc,"""VRF Heat Pump Compressor Rotating Speed""",OutputProcessor::Unit::rev_min,thisVrf.CompActSpeed,OutputProcessor::SOVTimeStepType::System,OutputProcessor::SOVStoreType::Average,thisVrf.Name
HVACVariableRefrigerantFlow.cc,"""VRF Heat Pump Indoor Unit Evaporating Temperature""",OutputProcessor::Unit::C,thisVrf.IUEvaporatingTemp,OutputProcessor::SOVTimeStepType::System,OutputProcessor::SOVStoreType::Average,thisVrf.Name
HVACVariableRefrigerantFlow.cc,"""VRF Heat Pump Outdoor Unit Condensing Temperature""",OutputProcessor::Unit::C,thisVrf.CondensingTemp,OutputProcessor::SOVTimeStepType::System,OutputProcessor::SOVStoreType::Average,thisVrf.Name
HVACVariableRefrigerantFlow.cc,"""VRF Heat Pump Indoor Unit Condensing Temperature""",OutputProcessor::Unit::C,thisVrf.IUCondensingTemp,OutputProcessor::SOVTimeStepType::System,OutputProcessor::SOVStoreType::Average,thisVrf.Name
HVACVariableRefrigerantFlow.cc,"""VRF Heat Pump Outdoor Unit Evaporating Temperature""",OutputProcessor::Unit::C,thisVrf.EvaporatingTemp,OutputProcessor::SOVTimeStepType::System,OutputProcessor::SOVStoreType::Average,thisVrf.Name
HVACVariableRefrigerantFlow.cc,"""VRF Heat Pump Cooling Capacity at Max Compressor Speed""",OutputProcessor::Unit::W,thisVrf.CoolingCapacity,OutputProcessor::SOVTimeStepType::System,OutputProcessor::SOVStoreType::Average,thisVrf.Name
HVACVariableRefrigerantFlow.cc,"""VRF Heat Pump Heating Capacity at Max Compressor Speed""",OutputProcessor::Unit::W,thisVrf.HeatingCapacity,OutputProcessor::SOVTimeStepType::System,OutputProcessor::SOVStoreType::Average,thisVrf.Name
HVACVariableRefrigerantFlow.cc,"""VRF Heat Pump Indoor Unit Piping Correction for Cooling""",OutputProcessor::Unit::None,thisVrf.PipingCorrectionCooling,OutputProcessor::SOVTimeStepType::System,OutputProcessor::SOVStoreType::Average,thisVrf.Name
HVACVariableRefrigerantFlow.cc,"""VRF Heat Pump Indoor Unit Piping Correction for Heating""",OutputProcessor::Unit::None,thisVrf.PipingCorrectionHeating,OutputProcessor::SOVTimeStepType::System,OutputProcessor::SOVStoreType::Average,thisVrf.Name
HVACVariableRefrigerantFlow.cc,"""VRF Heat Pump Outdoor Unit Evaporator Heat Extract Rate""",OutputProcessor::Unit::W,thisVrf.OUEvapHeatRate,OutputProcessor::SOVTimeStepType::System,OutputProcessor::SOVStoreType::Average,thisVrf.Name
HVACVariableRefrigerantFlow.cc,"""VRF Heat Pump Outdoor Unit Condenser Heat Release Rate""",OutputProcessor::Unit::W,thisVrf.OUCondHeatRate,OutputProcessor::SOVTimeStepType::System,OutputProcessor::SOVStoreType::Average,thisVrf.Name
HVACVariableRefrigerantFlow.cc,"""VRF Heat Pump Maximum Capacity Cooling Rate""",OutputProcessor::Unit::W,state.dataHVACVarRefFlow->MaxCoolingCapacity(NumCond),OutputProcessor::SOVTimeStepType::System,OutputProcessor::SOVStoreType::Average,thisVrf.Name
HVACVariableRefrigerantFlow.cc,"""VRF Heat Pump Maximum Capacity Heating Rate""",OutputProcessor::Unit::W,state.dataHVACVarRefFlow->MaxHeatingCapacity(NumCond),OutputProcessor::SOVTimeStepType::System,OutputProcessor::SOVStoreType::Average,thisVrf.Name
HVACVariableRefrigerantFlow.cc,"""VRF Heat Pump Defrost Electricity Rate""",OutputProcessor::Unit::W,thisVrf.DefrostPower,OutputProcessor::SOVTimeStepType::System,OutputProcessor::SOVStoreType::Average,thisVrf.Name
HVACVariableRefrigerantFlow.cc,"""VRF Heat Pump Defrost Electricity Energy""",OutputProcessor::Unit::J,thisVrf.DefrostConsumption,OutputProcessor::SOVTimeStepType::System,OutputProcessor::SOVStoreType::Summed,thisVrf.Name
HVACVariableRefrigerantFlow.cc,"format(""VRF Heat Pump Defrost {} Rate"", sFuelType)",OutputProcessor::Unit::W,thisVrf.DefrostPower,OutputProcessor::SOVTimeStepType::System,OutputProcessor::SOVStoreType::Average,thisVrf.Name
HVACVariableRefrigerantFlow.cc,"format(""VRF Heat Pump Defrost {} Energy"", sFuelType)",OutputProcessor::Unit::J,thisVrf.DefrostConsumption,OutputProcessor::SOVTimeStepType::System,OutputProcessor::SOVStoreType::Summed,thisVrf.Name
HVACVariableRefrigerantFlow.cc,"""VRF Heat Pump Part Load Ratio""",OutputProcessor::Unit::None,thisVrf.VRFCondPLR,OutputProcessor::SOVTimeStepType::System,OutputProcessor::SOVStoreType::Average,thisVrf.Name
HVACVariableRefrigerantFlow.cc,"""VRF Heat Pump Runtime Fraction""",OutputProcessor::Unit::None,thisVrf.VRFCondRTF,OutputProcessor::SOVTimeStepType::System,OutputProcessor::SOVStoreType::Average,thisVrf.Name
HVACVariableRefrigerantFlow.cc,"""VRF Heat Pump Cycling Ratio""",OutputProcessor::Unit::None,thisVrf.VRFCondCyclingRatio,OutputProcessor::SOVTimeStepType::System,OutputProcessor::SOVStoreType::Average,thisVrf.Name
HVACVariableRefrigerantFlow.cc,"""VRF Heat Pump Operating Mode""",OutputProcessor::Unit::None,thisVrf.OperatingMode,OutputProcessor::SOVTimeStepType::System,OutputProcessor::SOVStoreType::Average,thisVrf.Name
HVACVariableRefrigerantFlow.cc,"""VRF Heat Pump Condenser Inlet Temperature""",OutputProcessor::Unit::C,thisVrf.CondenserInletTemp,OutputProcessor::SOVTimeStepType::System,OutputProcessor::SOVStoreType::Average,thisVrf.Name
HVACVariableRefrigerantFlow.cc,"""VRF Heat Pump Crankcase Heater Electricity Rate""",OutputProcessor::Unit::W,thisVrf.CrankCaseHeaterPower,OutputProcessor::SOVTimeStepType::System,OutputProcessor::SOVStoreType::Average,thisVrf.Name
HVACVariableRefrigerantFlow.cc,"""VRF Heat Pump Crankcase Heater Electricity Energy""",OutputProcessor::Unit::J,thisVrf.CrankCaseHeaterElecConsumption,OutputProcessor::SOVTimeStepType::System,OutputProcessor::SOVStoreType::Summed,thisVrf.Name
HVACVariableRefrigerantFlow.cc,"""VRF Heat Pump Terminal Unit Cooling Load Rate""",OutputProcessor::Unit::W,thisVrf.TUCoolingLoad,OutputProcessor::SOVTimeStepType::System,OutputProcessor::SOVStoreType::Average,thisVrf.Name
HVACVariableRefrigerantFlow.cc,"""VRF Heat Pump Terminal Unit Heating Load Rate""",OutputProcessor::Unit::W,thisVrf.TUHeatingLoad,OutputProcessor::SOVTimeStepType::System,OutputProcessor::SOVStoreType::Average,thisVrf.Name
HVACVariableRefrigerantFlow.cc,"""VRF Heat Pump Heat Recovery Status Change Multiplier""",OutputProcessor::Unit::None,thisVrf.SUMultiplier,OutputProcessor::SOVTimeStepType::System,OutputProcessor::SOVStoreType::Average,thisVrf.Name
HVACVariableRefrigerantFlow.cc,"""VRF Heat Pump Simultaneous Cooling and Heating Efficiency""",OutputProcessor::Unit::Btu_h_W,thisVrf.SCHE,OutputProcessor::SOVTimeStepType::System,OutputProcessor::SOVStoreType::Average,thisVrf.Name
HVACVariableRefrigerantFlow.cc,"""VRF Heat Pump Heat Recovery Rate""",OutputProcessor::Unit::W,thisVrf.VRFHeatRec,OutputProcessor::SOVTimeStepType::System,OutputProcessor::SOVStoreType::Average,thisVrf.Name
HVACVariableRefrigerantFlow.cc,"""VRF Heat Pump Heat Recovery Energy""",OutputProcessor::Unit::J,thisVrf.VRFHeatEnergyRec,OutputProcessor::SOVTimeStepType::System,OutputProcessor::SOVStoreType::Summed,thisVrf.Name
HVACVariableRefrigerantFlow.cc,"""VRF Heat Pump Evaporative Condenser Water Use Volume""",OutputProcessor::Unit::m3,thisVrf.EvapWaterConsumpRate,OutputProcessor::SOVTimeStepType::System,OutputProcessor::SOVStoreType::Summed,thisVrf.Name
HVACVariableRefrigerantFlow.cc,"""VRF Heat Pump Evaporative Condenser Pump Electricity Rate""",OutputProcessor::Unit::W,thisVrf.EvapCondPumpElecPower,OutputProcessor::SOVTimeStepType::System,OutputProcessor::SOVStoreType::Average,thisVrf.Name
HVACVariableRefrigerantFlow.cc,"""VRF Heat Pump Evaporative Condenser Pump Electricity Energy""",OutputProcessor::Unit::J,thisVrf.EvapCondPumpElecConsumption,OutputProcessor::SOVTimeStepType::System,OutputProcessor::SOVStoreType::Summed,thisVrf.Name
HVACVariableRefrigerantFlow.cc,"""VRF Heat Pump Basin Heater Electricity Rate""",OutputProcessor::Unit::W,thisVrf.BasinHeaterPower,OutputProcessor::SOVTimeStepType::System,OutputProcessor::SOVStoreType::Average,thisVrf.Name
HVACVariableRefrigerantFlow.cc,"""VRF Heat Pump Basin Heater Electricity Energy""",OutputProcessor::Unit::J,thisVrf.BasinHeaterConsumption,OutputProcessor::SOVTimeStepType::System,OutputProcessor::SOVStoreType::Summed,thisVrf.Name
HVACVariableRefrigerantFlow.cc,"""VRF Heat Pump Condenser Outlet Temperature""",OutputProcessor::Unit::C,thisVrf.CondenserSideOutletTemp,OutputProcessor::SOVTimeStepType::System,OutputProcessor::SOVStoreType::Average,thisVrf.Name
HVACVariableRefrigerantFlow.cc,"""VRF Heat Pump Condenser Mass Flow Rate""",OutputProcessor::Unit::kg_s,thisVrf.WaterCondenserMassFlow,OutputProcessor::SOVTimeStepType::System,OutputProcessor::SOVStoreType::Average,thisVrf.Name
HVACVariableRefrigerantFlow.cc,"""VRF Heat Pump Condenser Heat Transfer Rate""",OutputProcessor::Unit::W,thisVrf.QCondenser,OutputProcessor::SOVTimeStepType::System,OutputProcessor::SOVStoreType::Average,thisVrf.Name
HVACVariableRefrigerantFlow.cc,"""VRF Heat Pump Condenser Heat Transfer Energy""",OutputProcessor::Unit::J,thisVrf.QCondEnergy,OutputProcessor::SOVTimeStepType::System,OutputProcessor::SOVStoreType::Summed,thisVrf.Name
BaseboardRadiator.cc,"""Baseboard Total Heating Energy""",OutputProcessor::Unit::J,thisBaseboard.Energy,OutputProcessor::SOVTimeStepType::System,OutputProcessor::SOVStoreType::Summed,thisBaseboard.EquipID
BaseboardRadiator.cc,"""Baseboard Hot Water Energy""",OutputProcessor::Unit::J,thisBaseboard.Energy,OutputProcessor::SOVTimeStepType::System,OutputProcessor::SOVStoreType::Summed,thisBaseboard.EquipID
BaseboardRadiator.cc,"""Baseboard Total Heating Rate""",OutputProcessor::Unit::W,thisBaseboard.Power,OutputProcessor::SOVTimeStepType::System,OutputProcessor::SOVStoreType::Average,thisBaseboard.EquipID
BaseboardRadiator.cc,"""Baseboard Hot Water Mass Flow Rate""",OutputProcessor::Unit::kg_s,thisBaseboard.WaterMassFlowRate,OutputProcessor::SOVTimeStepType::System,OutputProcessor::SOVStoreType::Average,thisBaseboard.EquipID
BaseboardRadiator.cc,"""Baseboard Air Mass Flow Rate""",OutputProcessor::Unit::kg_s,thisBaseboard.AirMassFlowRate,OutputProcessor::SOVTimeStepType::System,OutputProcessor::SOVStoreType::Average,thisBaseboard.EquipID
BaseboardRadiator.cc,"""Baseboard Air Inlet Temperature""",OutputProcessor::Unit::C,thisBaseboard.AirInletTemp,OutputProcessor::SOVTimeStepType::System,OutputProcessor::SOVStoreType::Average,thisBaseboard.EquipID
BaseboardRadiator.cc,"""Baseboard Air Outlet Temperature""",OutputProcessor::Unit::C,thisBaseboard.AirOutletTemp,OutputProcessor::SOVTimeStepType::System,OutputProcessor::SOVStoreType::Average,thisBaseboard.EquipID
BaseboardRadiator.cc,"""Baseboard Water Inlet Temperature""",OutputProcessor::Unit::C,thisBaseboard.WaterInletTemp,OutputProcessor::SOVTimeStepType::System,OutputProcessor::SOVStoreType::Average,thisBaseboard.EquipID
BaseboardRadiator.cc,"""Baseboard Water Outlet Temperature""",OutputProcessor::Unit::C,thisBaseboard.WaterOutletTemp,OutputProcessor::SOVTimeStepType::System,OutputProcessor::SOVStoreType::Average,thisBaseboard.EquipID
RoomAirModelUserTempPattern.cc,"""Room Air Zone Vertical Temperature Gradient""",OutputProcessor::Unit::K_m,patternZoneInfo.Gradient,OutputProcessor::SOVTimeStepType::HVAC,OutputProcessor::SOVStoreType::State,patternZoneInfo.ZoneName
HVACMultiSpeedHeatPump.cc,"""Unitary System Ancillary Electricity Rate""",OutputProcessor::Unit::W,thisMSHeatPump.AuxElecPower,OutputProcessor::SOVTimeStepType::System,OutputProcessor::SOVStoreType::Average,thisMSHeatPump.Name
HVACMultiSpeedHeatPump.cc,"""Unitary System Cooling Ancillary Electricity Energy""",OutputProcessor::Unit::J,thisMSHPReport.AuxElecCoolConsumption,OutputProcessor::SOVTimeStepType::System,OutputProcessor::SOVStoreType::Summed,thisMSHeatPump.Name
HVACMultiSpeedHeatPump.cc,"""Unitary System Heating Ancillary Electricity Energy""",OutputProcessor::Unit::J,thisMSHPReport.AuxElecHeatConsumption,OutputProcessor::SOVTimeStepType::System,OutputProcessor::SOVStoreType::Summed,thisMSHeatPump.Name
HVACMultiSpeedHeatPump.cc,"""Unitary System Fan Part Load Ratio""",OutputProcessor::Unit::None,thisMSHeatPump.FanPartLoadRatio,OutputProcessor::SOVTimeStepType::System,OutputProcessor::SOVStoreType::Average,thisMSHeatPump.Name
HVACMultiSpeedHeatPump.cc,"""Unitary System Compressor Part Load Ratio""",OutputProcessor::Unit::None,thisMSHeatPump.CompPartLoadRatio,OutputProcessor::SOVTimeStepType::System,OutputProcessor::SOVStoreType::Average,thisMSHeatPump.Name
HVACMultiSpeedHeatPump.cc,"""Unitary System Electricity Rate""",OutputProcessor::Unit::W,thisMSHeatPump.ElecPower,OutputProcessor::SOVTimeStepType::System,OutputProcessor::SOVStoreType::Average,thisMSHeatPump.Name
HVACMultiSpeedHeatPump.cc,"""Unitary System Electricity Energy""",OutputProcessor::Unit::J,thisMSHPReport.ElecPowerConsumption,OutputProcessor::SOVTimeStepType::System,OutputProcessor::SOVStoreType::Summed,thisMSHeatPump.Name
HVACMultiSpeedHeatPump.cc,"""Unitary System DX Coil Cycling Ratio""",OutputProcessor::Unit::None,thisMSHPReport.CycRatio,OutputProcessor::SOVTimeStepType::System,OutputProcessor::SOVStoreType::Average,thisMSHeatPump.Name
HVACMultiSpeedHeatPump.cc,"""Unitary System DX Coil Speed Ratio""",OutputProcessor::Unit::None,thisMSHPReport.SpeedRatio,OutputProcessor::SOVTimeStepType::System,OutputProcessor::SOVStoreType::Average,thisMSHeatPump.Name
HVACMultiSpeedHeatPump.cc,"""Unitary System DX Coil Speed Level""",OutputProcessor::Unit::None,thisMSHPReport.SpeedNum,OutputProcessor::SOVTimeStepType::System,OutputProcessor::SOVStoreType::Average,thisMSHeatPump.Name
HVACMultiSpeedHeatPump.cc,"""Unitary System Total Cooling Rate""",OutputProcessor::Unit::W,thisMSHeatPump.TotCoolEnergyRate,OutputProcessor::SOVTimeStepType::System,OutputProcessor::SOVStoreType::Average,thisMSHeatPump.Name
HVACMultiSpeedHeatPump.cc,"""Unitary System Total Heating Rate""",OutputProcessor::Unit::W,thisMSHeatPump.TotHeatEnergyRate,OutputProcessor::SOVTimeStepType::System,OutputProcessor::SOVStoreType::Average,thisMSHeatPump.Name
HVACMultiSpeedHeatPump.cc,"""Unitary System Sensible Cooling Rate""",OutputProcessor::Unit::W,thisMSHeatPump.SensCoolEnergyRate,OutputProcessor::SOVTimeStepType::System,OutputProcessor::SOVStoreType::Average,thisMSHeatPump.Name
HVACMultiSpeedHeatPump.cc,"""Unitary System Sensible Heating Rate""",OutputProcessor::Unit::W,thisMSHeatPump.SensHeatEnergyRate,OutputProcessor::SOVTimeStepType::System,OutputProcessor::SOVStoreType::Average,thisMSHeatPump.Name
HVACMultiSpeedHeatPump.cc,"""Unitary System Latent Cooling Rate""",OutputProcessor::Unit::W,thisMSHeatPump.LatCoolEnergyRate,OutputProcessor::SOVTimeStepType::System,OutputProcessor::SOVStoreType::Average,thisMSHeatPump.Name
HVACMultiSpeedHeatPump.cc,"""Unitary System Latent Heating Rate""",OutputProcessor::Unit::W,thisMSHeatPump.LatHeatEnergyRate,OutputProcessor::SOVTimeStepType::System,OutputProcessor::SOVStoreType::Average,thisMSHeatPump.Name
HVACMultiSpeedHeatPump.cc,"""Unitary System Heat Recovery Rate""",OutputProcessor::Unit::W,thisMSHeatPump.HeatRecoveryRate,OutputProcessor::SOVTimeStepType::System,OutputProcessor::SOVStoreType::Average,thisMSHeatPump.Name
HVACMultiSpeedHeatPump.cc,"""Unitary System Heat Recovery Inlet Temperature""",OutputProcessor::Unit::C,thisMSHeatPump.HeatRecoveryInletTemp,OutputProcessor::SOVTimeStepType::System,OutputProcessor::SOVStoreType::Average,thisMSHeatPump.Name
HVACMultiSpeedHeatPump.cc,"""Unitary System Heat Recovery Outlet Temperature""",OutputProcessor::Unit::C,thisMSHeatPump.HeatRecoveryOutletTemp,OutputProcessor::SOVTimeStepType::System,OutputProcessor::SOVStoreType::Average,thisMSHeatPump.Name
HVACMultiSpeedHeatPump.cc,"""Unitary System Heat Recovery Fluid Mass Flow Rate""",OutputProcessor::Unit::kg_s,thisMSHeatPump.HeatRecoveryMassFlowRate,OutputProcessor::SOVTimeStepType::System,OutputProcessor::SOVStoreType::Average,thisMSHeatPump.Name
HVACMultiSpeedHeatPump.cc,"""Unitary System Heat Recovery Energy""",OutputProcessor::Unit::J,thisMSHPReport.HeatRecoveryEnergy,OutputProcessor::SOVTimeStepType::System,OutputProcessor::SOVStoreType::Summed,thisMSHeatPump.Name
RoomAirModelManager.cc,"""RoomAirflowNetwork Node Temperature""",OutputProcessor::Unit::C,roomAFNZoneNode.AirTemp,OutputProcessor::SOVTimeStepType::HVAC,OutputProcessor::SOVStoreType::Average,roomAFNZoneNode.Name
RoomAirModelManager.cc,"""RoomAirflowNetwork Node Humidity Ratio""",OutputProcessor::Unit::kgWater_kgDryAir,roomAFNZoneNode.HumRat,OutputProcessor::SOVTimeStepType::HVAC,OutputProcessor::SOVStoreType::Average,roomAFNZoneNode.Name
RoomAirModelManager.cc,"""RoomAirflowNetwork Node Relative Humidity""",OutputProcessor::Unit::Perc,roomAFNZoneNode.RelHumidity,OutputProcessor::SOVTimeStepType::HVAC,OutputProcessor::SOVStoreType::Average,roomAFNZoneNode.Name
RoomAirModelManager.cc,"""Room Air Zone Mixed Subzone Temperature""",OutputProcessor::Unit::C,state.dataRoomAir->ZTMX(iZone),OutputProcessor::SOVTimeStepType::HVAC,OutputProcessor::SOVStoreType::State,state.dataHeatBal->Zone(iZone).Name
RoomAirModelManager.cc,"""Room Air Zone Occupied Subzone Temperature""",OutputProcessor::Unit::C,state.dataRoomAir->ZTOC(iZone),OutputProcessor::SOVTimeStepType::HVAC,OutputProcessor::SOVStoreType::State,state.dataHeatBal->Zone(iZone).Name
RoomAirModelManager.cc,"""Room Air Zone Floor Subzone Temperature""",OutputProcessor::Unit::C,state.dataRoomAir->ZTFloor(iZone),OutputProcessor::SOVTimeStepType::HVAC,OutputProcessor::SOVStoreType::State,state.dataHeatBal->Zone(iZone).Name
RoomAirModelManager.cc,"""Room Air Zone Transition Height""",OutputProcessor::Unit::m,state.dataRoomAir->HeightTransition(iZone),OutputProcessor::SOVTimeStepType::HVAC,OutputProcessor::SOVStoreType::State,state.dataHeatBal->Zone(iZone).Name
RoomAirModelManager.cc,"""Room Air Zone Recommended Minimum Flow Fraction""",OutputProcessor::Unit::None,state.dataRoomAir->FracMinFlow(iZone),OutputProcessor::SOVTimeStepType::HVAC,OutputProcessor::SOVStoreType::State,state.dataHeatBal->Zone(iZone).Name
RoomAirModelManager.cc,"""Room Air Zone Is Mixed Status""",OutputProcessor::Unit::None,state.dataRoomAir->ZoneDispVent3NodeMixedFlagRep(iZone),OutputProcessor::SOVTimeStepType::HVAC,OutputProcessor::SOVStoreType::State,state.dataHeatBal->Zone(iZone).Name
RoomAirModelManager.cc,"""Room Air Zone Average Temperature Gradient""",OutputProcessor::Unit::K_m,state.dataRoomAir->AvgTempGrad(iZone),OutputProcessor::SOVTimeStepType::HVAC,OutputProcessor::SOVStoreType::State,state.dataHeatBal->Zone(iZone).Name
RoomAirModelManager.cc,"""Room Air Zone Maximum Temperature Gradient""",OutputProcessor::Unit::K_m,state.dataRoomAir->MaxTempGrad(iZone),OutputProcessor::SOVTimeStepType::HVAC,OutputProcessor::SOVStoreType::State,state.dataHeatBal->Zone(iZone).Name
RoomAirModelManager.cc,"""Room Air Zone Thermal Comfort Effective Air Temperature""",OutputProcessor::Unit::C,state.dataRoomAir->TCMF(iZone),OutputProcessor::SOVTimeStepType::HVAC,OutputProcessor::SOVStoreType::State,state.dataHeatBal->Zone(iZone).Name
RoomAirModelManager.cc,"""Room Air Zone Thermostat Temperature""",OutputProcessor::Unit::C,state.dataHeatBalFanSys->TempTstatAir(iZone),OutputProcessor::SOVTimeStepType::HVAC,OutputProcessor::SOVStoreType::State,state.dataHeatBal->Zone(iZone).Name
RoomAirModelManager.cc,"""Room Air Zone Mixed Subzone Temperature""",OutputProcessor::Unit::C,state.dataRoomAir->ZTMX(iZone),OutputProcessor::SOVTimeStepType::HVAC,OutputProcessor::SOVStoreType::State,zone.Name
RoomAirModelManager.cc,"""Room Air Zone Occupied Subzone Temperature""",OutputProcessor::Unit::C,state.dataRoomAir->ZTOC(iZone),OutputProcessor::SOVTimeStepType::HVAC,OutputProcessor::SOVStoreType::State,zone.Name
RoomAirModelManager.cc,"""Room Air Zone Transition Height""",OutputProcessor::Unit::m,state.dataRoomAir->HeightTransition(iZone),OutputProcessor::SOVTimeStepType::HVAC,OutputProcessor::SOVStoreType::State,zone.Name
RoomAirModelManager.cc,"""Room Air Zone Is Mixed Status""",OutputProcessor::Unit::None,state.dataRoomAir->ZoneUFADMixedFlagRep(iZone),OutputProcessor::SOVTimeStepType::HVAC,OutputProcessor::SOVStoreType::State,zone.Name
RoomAirModelManager.cc,"""Room Air Zone Average Temperature Gradient""",OutputProcessor::Unit::K_m,state.dataRoomAir->AvgTempGrad(iZone),OutputProcessor::SOVTimeStepType::HVAC,OutputProcessor::SOVStoreType::State,zone.Name
RoomAirModelManager.cc,"""Room Air Zone Effective Comfort Air Temperature""",OutputProcessor::Unit::C,state.dataRoomAir->TCMF(iZone),OutputProcessor::SOVTimeStepType::HVAC,OutputProcessor::SOVStoreType::State,zone.Name
RoomAirModelManager.cc,"""Room Air Zone Thermostat Temperature""",OutputProcessor::Unit::C,state.dataHeatBalFanSys->TempTstatAir(iZone),OutputProcessor::SOVTimeStepType::HVAC,OutputProcessor::SOVStoreType::State,zone.Name
RoomAirModelManager.cc,"""Room Air Zone Transition Height Gamma Value""",OutputProcessor::Unit::None,state.dataRoomAir->ZoneUFADGamma(iZone),OutputProcessor::SOVTimeStepType::HVAC,OutputProcessor::SOVStoreType::State,zone.Name
RoomAirModelManager.cc,"""Room Air Zone Plume Heat Transfer Rate""",OutputProcessor::Unit::W,state.dataRoomAir->ZoneUFADPowInPlumes(iZone),OutputProcessor::SOVTimeStepType::HVAC,OutputProcessor::SOVStoreType::State,zone.Name
RoomAirModelManager.cc,"""Room Air Zone Temperature Stratification Fraction""",OutputProcessor::Unit::None,state.dataRoomAir->Phi(iZone),OutputProcessor::SOVTimeStepType::HVAC,OutputProcessor::SOVStoreType::State,zone.Name
RoomAirModelManager.cc,"""Room Air Zone Mixed Subzone Temperature""",OutputProcessor::Unit::C,state.dataRoomAir->ZTMX(iZone),OutputProcessor::SOVTimeStepType::HVAC,OutputProcessor::SOVStoreType::State,zone.Name
RoomAirModelManager.cc,"""Room Air Zone Occupied Subzone Temperature""",OutputProcessor::Unit::C,state.dataRoomAir->ZTOC(iZone),OutputProcessor::SOVTimeStepType::HVAC,OutputProcessor::SOVStoreType::State,zone.Name
RoomAirModelManager.cc,"""Room Air Zone Transition Height""",OutputProcessor::Unit::m,state.dataRoomAir->HeightTransition(iZone),OutputProcessor::SOVTimeStepType::HVAC,OutputProcessor::SOVStoreType::State,zone.Name
RoomAirModelManager.cc,"""Room Air Zone Is Mixed Status""",OutputProcessor::Unit::None,state.dataRoomAir->ZoneUFADMixedFlagRep(iZone),OutputProcessor::SOVTimeStepType::HVAC,OutputProcessor::SOVStoreType::State,zone.Name
RoomAirModelManager.cc,"""Room Air Zone Average Temperature Gradient""",OutputProcessor::Unit::K_m,state.dataRoomAir->AvgTempGrad(iZone),OutputProcessor::SOVTimeStepType::HVAC,OutputProcessor::SOVStoreType::State,zone.Name
RoomAirModelManager.cc,"""Room Air Zone Effective Comfort Air Temperature""",OutputProcessor::Unit::C,state.dataRoomAir->TCMF(iZone),OutputProcessor::SOVTimeStepType::HVAC,OutputProcessor::SOVStoreType::State,zone.Name
RoomAirModelManager.cc,"""Room Air Zone Thermostat Temperature""",OutputProcessor::Unit::C,state.dataHeatBalFanSys->TempTstatAir(iZone),OutputProcessor::SOVTimeStepType::HVAC,OutputProcessor::SOVStoreType::State,zone.Name
RoomAirModelManager.cc,"""Room Air Zone Transition Height Gamma Value""",OutputProcessor::Unit::None,state.dataRoomAir->ZoneUFADGamma(iZone),OutputProcessor::SOVTimeStepType::HVAC,OutputProcessor::SOVStoreType::State,zone.Name
RoomAirModelManager.cc,"""Room Air Zone Plume Heat Transfer Rate""",OutputProcessor::Unit::W,state.dataRoomAir->ZoneUFADPowInPlumes(iZone),OutputProcessor::SOVTimeStepType::HVAC,OutputProcessor::SOVStoreType::State,zone.Name
RoomAirModelManager.cc,"""Room Air Zone Window Plume Heat Transfer Rate""",OutputProcessor::Unit::W,state.dataRoomAir->ZoneUFADPowInPlumesfromWindows(iZone),OutputProcessor::SOVTimeStepType::HVAC,OutputProcessor::SOVStoreType::State,zone.Name
RoomAirModelManager.cc,"""Room Air Zone Temperature Stratification Fraction""",OutputProcessor::Unit::None,state.dataRoomAir->Phi(iZone),OutputProcessor::SOVTimeStepType::HVAC,OutputProcessor::SOVStoreType::State,zone.Name
RoomAirModelManager.cc,"""Room Air Zone Jet Region Temperature""",OutputProcessor::Unit::C,state.dataRoomAir->ZTJET(iZone),OutputProcessor::SOVTimeStepType::Zone,OutputProcessor::SOVStoreType::Average,zone.Name
RoomAirModelManager.cc,"""Room Air Zone Recirculation Region Temperature""",OutputProcessor::Unit::C,state.dataRoomAir->ZTREC(iZone),OutputProcessor::SOVTimeStepType::Zone,OutputProcessor::SOVStoreType::Average,zone.Name
RoomAirModelManager.cc,"""Room Air Zone Jet Region Average Air Velocity""",OutputProcessor::Unit::m_s,state.dataRoomAir->Ujet(iZone),OutputProcessor::SOVTimeStepType::Zone,OutputProcessor::SOVStoreType::Average,zone.Name
RoomAirModelManager.cc,"""Room Air Zone Recirculation Region Average Air Velocity""",OutputProcessor::Unit::m_s,state.dataRoomAir->Urec(iZone),OutputProcessor::SOVTimeStepType::Zone,OutputProcessor::SOVStoreType::Average,zone.Name
RoomAirModelManager.cc,"""Room Air Zone Recirculation and Inflow Rate Ratio""",OutputProcessor::Unit::None,state.dataRoomAir->RecInflowRatio(iZone),OutputProcessor::SOVTimeStepType::Zone,OutputProcessor::SOVStoreType::Average,zone.Name
RoomAirModelManager.cc,"""Room Air Zone Inflow Opening Area""",OutputProcessor::Unit::m2,state.dataRoomAir->Ain(iZone),OutputProcessor::SOVTimeStepType::Zone,OutputProcessor::SOVStoreType::Average,zone.Name
RoomAirModelManager.cc,"""Room Air Zone Room Length""",OutputProcessor::Unit::m,state.dataRoomAir->Dstar(iZone),OutputProcessor::SOVTimeStepType::Zone,OutputProcessor::SOVStoreType::Average,zone.Name
RoomAirModelManager.cc,"""Room Air Zone Is Mixing Status""",OutputProcessor::Unit::None,state.dataRoomAir->ZoneCrossVentIsMixing(iZone),OutputProcessor::SOVTimeStepType::Zone,OutputProcessor::SOVStoreType::State,zone.Name
RoomAirModelManager.cc,"""Room Air Zone Is Recirculating Status""",OutputProcessor::Unit::None,state.dataRoomAir->ZoneCrossVentHasREC(iZone),OutputProcessor::SOVTimeStepType::Zone,OutputProcessor::SOVStoreType::State,zone.Name
RoomAirModelManager.cc,"""Room Air Window Jet Region Average Air Velocity""",OutputProcessor::Unit::m_s,"state.dataRoomAir->CrossVentJetRecFlows(i, iZone).Ujet",OutputProcessor::SOVTimeStepType::Zone,OutputProcessor::SOVStoreType::Average,state.afn->MultizoneSurfaceData(i).SurfName
DataHeatBalance.cc,"format(""{} Mean Air Temperature"", prefix)",OutputProcessor::Unit::C,this->MeanAirTemp,OutputProcessor::SOVTimeStepType::Zone,OutputProcessor::SOVStoreType::Average,name
DataHeatBalance.cc,"format(""{} Operative Temperature"", prefix)",OutputProcessor::Unit::C,this->OperativeTemp,OutputProcessor::SOVTimeStepType::Zone,OutputProcessor::SOVStoreType::Average,name
DataHeatBalance.cc,"format(""{} Mean Air Dewpoint Temperature"", prefix)",OutputProcessor::Unit::C,this->MeanAirDewPointTemp,OutputProcessor::SOVTimeStepType::Zone,OutputProcessor::SOVStoreType::Average,name
DataHeatBalance.cc,"format(""{} Mean Air Humidity Ratio"", prefix)",OutputProcessor::Unit::kgWater_kgDryAir,this->MeanAirHumRat,OutputProcessor::SOVTimeStepType::Zone,OutputProcessor::SOVStoreType::Average,name
DataHeatBalance.cc,"format(""{} Air Heat Balance Internal Convective Heat Gain Rate"", prefix)",OutputProcessor::Unit::W,this->SumIntGains,OutputProcessor::SOVTimeStepType::System,OutputProcessor::SOVStoreType::Average,name
DataHeatBalance.cc,"format(""{} Air Heat Balance Surface Convection Rate"", prefix)",OutputProcessor::Unit::W,this->SumHADTsurfs,OutputProcessor::SOVTimeStepType::System,OutputProcessor::SOVStoreType::Average,name
DataHeatBalance.cc,"format(""{} Air Heat Balance Interzone Air Transfer Rate"", prefix)",OutputProcessor::Unit::W,this->SumMCpDTzones,OutputProcessor::SOVTimeStepType::System,OutputProcessor::SOVStoreType::Average,name
DataHeatBalance.cc,"format(""{} Air Heat Balance Outdoor Air Transfer Rate"", prefix)",OutputProcessor::Unit::W,this->SumMCpDtInfil,OutputProcessor::SOVTimeStepType::System,OutputProcessor::SOVStoreType::Average,name
DataHeatBalance.cc,"format(""{} Air Heat Balance System Air Transfer Rate"", prefix)",OutputProcessor::Unit::W,this->SumMCpDTsystem,OutputProcessor::SOVTimeStepType::System,OutputProcessor::SOVStoreType::Average,name
DataHeatBalance.cc,"format(""{} Air Heat Balance System Convective Heat Gain Rate"", prefix)",OutputProcessor::Unit::W,this->SumNonAirSystem,OutputProcessor::SOVTimeStepType::System,OutputProcessor::SOVStoreType::Average,name
DataHeatBalance.cc,"format(""{} Air Heat Balance Air Energy Storage Rate"", prefix)",OutputProcessor::Unit::W,this->CzdTdt,OutputProcessor::SOVTimeStepType::System,OutputProcessor::SOVStoreType::Average,name
DataHeatBalance.cc,"format(""{} Air Heat Balance Deviation Rate"", prefix)",OutputProcessor::Unit::W,this->imBalance,OutputProcessor::SOVTimeStepType::System,OutputProcessor::SOVStoreType::Average,name
PlantLoopHeatPumpEIR.cc,"""Heat Pump Part Load Ratio""",OutputProcessor::Unit::None,this->partLoadRatio,OutputProcessor::SOVTimeStepType::System,OutputProcessor::SOVStoreType::Average,this->name
PlantLoopHeatPumpEIR.cc,"""Heat Pump Cycling Ratio""",OutputProcessor::Unit::None,this->cyclingRatio,OutputProcessor::SOVTimeStepType::System,OutputProcessor::SOVStoreType::Average,this->name
PlantLoopHeatPumpEIR.cc,"""Heat Pump Load Side Heat Transfer Rate""",OutputProcessor::Unit::W,this->loadSideHeatTransfer,OutputProcessor::SOVTimeStepType::System,OutputProcessor::SOVStoreType::Average,this->name
PlantLoopHeatPumpEIR.cc,"""Heat Pump Load Side Heat Transfer Energy""",OutputProcessor::Unit::J,this->loadSideEnergy,OutputProcessor::SOVTimeStepType::System,OutputProcessor::SOVStoreType::Summed,this->name
PlantLoopHeatPumpEIR.cc,"""Heat Pump Source Side Heat Transfer Rate""",OutputProcessor::Unit::W,this->sourceSideHeatTransfer,OutputProcessor::SOVTimeStepType::System,OutputProcessor::SOVStoreType::Average,this->name
PlantLoopHeatPumpEIR.cc,"""Heat Pump Source Side Heat Transfer Energy""",OutputProcessor::Unit::J,this->sourceSideEnergy,OutputProcessor::SOVTimeStepType::System,OutputProcessor::SOVStoreType::Summed,this->name
PlantLoopHeatPumpEIR.cc,"""Heat Pump Load Side Inlet Temperature""",OutputProcessor::Unit::C,this->loadSideInletTemp,OutputProcessor::SOVTimeStepType::System,OutputProcessor::SOVStoreType::Average,this->name
PlantLoopHeatPumpEIR.cc,"""Heat Pump Load Side Outlet Temperature""",OutputProcessor::Unit::C,this->loadSideOutletTemp,OutputProcessor::SOVTimeStepType::System,OutputProcessor::SOVStoreType::Average,this->name
PlantLoopHeatPumpEIR.cc,"""Heat Pump Source Side Inlet Temperature""",OutputProcessor::Unit::C,this->sourceSideInletTemp,OutputProcessor::SOVTimeStepType::System,OutputProcessor::SOVStoreType::Average,this->name
PlantLoopHeatPumpEIR.cc,"""Heat Pump Source Side Outlet Temperature""",OutputProcessor::Unit::C,this->sourceSideOutletTemp,OutputProcessor::SOVTimeStepType::System,OutputProcessor::SOVStoreType::Average,this->name
PlantLoopHeatPumpEIR.cc,"""Heat Pump Electricity Rate""",OutputProcessor::Unit::W,this->powerUsage,OutputProcessor::SOVTimeStepType::System,OutputProcessor::SOVStoreType::Average,this->name
PlantLoopHeatPumpEIR.cc,"""Heat Pump Electricity Energy""",OutputProcessor::Unit::J,this->powerEnergy,OutputProcessor::SOVTimeStepType::System,OutputProcessor::SOVStoreType::Summed,this->name
PlantLoopHeatPumpEIR.cc,"""Heat Pump Electricity Energy""",OutputProcessor::Unit::J,this->powerEnergy,OutputProcessor::SOVTimeStepType::System,OutputProcessor::SOVStoreType::Summed,this->name
PlantLoopHeatPumpEIR.cc,"""Heat Pump Load Due To Defrost""",OutputProcessor::Unit::W,this->loadDueToDefrost,OutputProcessor::SOVTimeStepType::System,OutputProcessor::SOVStoreType::Average,this->name
PlantLoopHeatPumpEIR.cc,"""Heat Pump Fractioal Defrost Time""",OutputProcessor::Unit::W,this->fractionalDefrostTime,OutputProcessor::SOVTimeStepType::System,OutputProcessor::SOVStoreType::Average,this->name
PlantLoopHeatPumpEIR.cc,"""Heat Pump Defrost Electricity Rate""",OutputProcessor::Unit::W,this->defrostEnergyRate,OutputProcessor::SOVTimeStepType::System,OutputProcessor::SOVStoreType::Average,this->name
PlantLoopHeatPumpEIR.cc,"""Heat Pump Defrost Electricity Energy""",OutputProcessor::Unit::J,this->defrostEnergy,OutputProcessor::SOVTimeStepType::System,OutputProcessor::SOVStoreType::Summed,this->name
PlantLoopHeatPumpEIR.cc,"""Heat Pump Load Side Mass Flow Rate""",OutputProcessor::Unit::kg_s,this->loadSideMassFlowRate,OutputProcessor::SOVTimeStepType::System,OutputProcessor::SOVStoreType::Average,this->name
PlantLoopHeatPumpEIR.cc,"""Heat Pump Source Side Mass Flow Rate""",OutputProcessor::Unit::kg_s,this->sourceSideMassFlowRate,OutputProcessor::SOVTimeStepType::System,OutputProcessor::SOVStoreType::Average,this->name
PlantLoopHeatPumpEIR.cc,"""Fuel-fired Absorption HeatPump Load Side Heat Transfer Rate""",OutputProcessor::Unit::W,this->loadSideHeatTransfer,OutputProcessor::SOVTimeStepType::System,OutputProcessor::SOVStoreType::Average,this->name
PlantLoopHeatPumpEIR.cc,"""Fuel-fired Absorption HeatPump Load Side Heat Transfer Energy""",OutputProcessor::Unit::J,this->loadSideEnergy,OutputProcessor::SOVTimeStepType::System,OutputProcessor::SOVStoreType::Summed,this->name
PlantLoopHeatPumpEIR.cc,"""Fuel-fired Absorption HeatPump Inlet Temperature""","// ""Heat Pump Load Side Inlet Temperature""",OutputProcessor::Unit::C,this->loadSideInletTemp,OutputProcessor::SOVTimeStepType::System,OutputProcessor::SOVStoreType::Average
PlantLoopHeatPumpEIR.cc,"""Fuel-fired Absorption HeatPump Outlet Temperature""","// ""Heat Pump Load Side Outlet Temperature""",OutputProcessor::Unit::C,this->loadSideOutletTemp,OutputProcessor::SOVTimeStepType::System,OutputProcessor::SOVStoreType::Average
PlantLoopHeatPumpEIR.cc,"""Fuel-fired Absorption HeatPump Fuel Rate""",OutputProcessor::Unit::W,this->fuelRate,OutputProcessor::SOVTimeStepType::System,OutputProcessor::SOVStoreType::Average,this->name
PlantLoopHeatPumpEIR.cc,"""Fuel-fired Absorption HeatPump Electricity Rate""",OutputProcessor::Unit::W,this->powerUsage,OutputProcessor::SOVTimeStepType::System,OutputProcessor::SOVStoreType::Average,this->name
PlantLoopHeatPumpEIR.cc,"""Fuel-fired Absorption HeatPump Fuel Energy""",OutputProcessor::Unit::J,this->fuelEnergy,OutputProcessor::SOVTimeStepType::System,OutputProcessor::SOVStoreType::Summed,this->name
PlantLoopHeatPumpEIR.cc,"""Fuel-fired Absorption HeatPump Electricity Energy""",OutputProcessor::Unit::J,this->powerEnergy,OutputProcessor::SOVTimeStepType::System,OutputProcessor::SOVStoreType::Summed,this->name
PlantLoopHeatPumpEIR.cc,"""Fuel-fired Absorption HeatPump Fuel Energy""",OutputProcessor::Unit::J,this->fuelEnergy,OutputProcessor::SOVTimeStepType::System,OutputProcessor::SOVStoreType::Summed,this->name
PlantLoopHeatPumpEIR.cc,"""Fuel-fired Absorption HeatPump Electricity Energy""",OutputProcessor::Unit::J,this->powerEnergy,OutputProcessor::SOVTimeStepType::System,OutputProcessor::SOVStoreType::Summed,this->name
PlantLoopHeatPumpEIR.cc,"""Fuel-fired Absorption HeatPump Mass Flow Rate""",OutputProcessor::Unit::kg_s,this->loadSideMassFlowRate,OutputProcessor::SOVTimeStepType::System,OutputProcessor::SOVStoreType::Average,this->name
PlantLoopHeatPumpEIR.cc,"""Fuel-fired Absorption HeatPump Volumetric Flow Rate""",OutputProcessor::Unit::m3_s,this->loadSideVolumeFlowRate,OutputProcessor::SOVTimeStepType::System,OutputProcessor::SOVStoreType::Average,this->name
WaterToAirHeatPump.cc,"""Cooling Coil Electricity Energy""",OutputProcessor::Unit::J,heatPump.Energy,OutputProcessor::SOVTimeStepType::System,OutputProcessor::SOVStoreType::Summed,heatPump.Name
WaterToAirHeatPump.cc,"""Cooling Coil Total Cooling Energy""",OutputProcessor::Unit::J,heatPump.EnergyLoadTotal,OutputProcessor::SOVTimeStepType::System,OutputProcessor::SOVStoreType::Summed,heatPump.Name
WaterToAirHeatPump.cc,"""Cooling Coil Sensible Cooling Energy""",OutputProcessor::Unit::J,heatPump.EnergySensible,OutputProcessor::SOVTimeStepType::System,OutputProcessor::SOVStoreType::Summed,heatPump.Name
WaterToAirHeatPump.cc,"""Cooling Coil Latent Cooling Energy""",OutputProcessor::Unit::J,heatPump.EnergyLatent,OutputProcessor::SOVTimeStepType::System,OutputProcessor::SOVStoreType::Summed,heatPump.Name
WaterToAirHeatPump.cc,"""Cooling Coil Source Side Heat Transfer Energy""",OutputProcessor::Unit::J,heatPump.EnergySource,OutputProcessor::SOVTimeStepType::System,OutputProcessor::SOVStoreType::Summed,heatPump.Name
WaterToAirHeatPump.cc,"""Heating Coil Electricity Energy""",OutputProcessor::Unit::J,heatPump.Energy,OutputProcessor::SOVTimeStepType::System,OutputProcessor::SOVStoreType::Summed,heatPump.Name
WaterToAirHeatPump.cc,"""Heating Coil Heating Energy""",OutputProcessor::Unit::J,heatPump.EnergyLoadTotal,OutputProcessor::SOVTimeStepType::System,OutputProcessor::SOVStoreType::Summed,heatPump.Name
WaterToAirHeatPump.cc,"""Heating Coil Source Side Heat Transfer Energy""",OutputProcessor::Unit::J,heatPump.EnergySource,OutputProcessor::SOVTimeStepType::System,OutputProcessor::SOVStoreType::Summed,heatPump.Name
WaterToAirHeatPump.cc,"""Cooling Coil Electricity Rate""",OutputProcessor::Unit::W,heatPump.Power,OutputProcessor::SOVTimeStepType::System,OutputProcessor::SOVStoreType::Average,heatPump.Name
WaterToAirHeatPump.cc,"""Cooling Coil Total Cooling Rate""",OutputProcessor::Unit::W,heatPump.QLoadTotal,OutputProcessor::SOVTimeStepType::System,OutputProcessor::SOVStoreType::Average,heatPump.Name
WaterToAirHeatPump.cc,"""Cooling Coil Sensible Cooling Rate""",OutputProcessor::Unit::W,heatPump.QSensible,OutputProcessor::SOVTimeStepType::System,OutputProcessor::SOVStoreType::Average,heatPump.Name
WaterToAirHeatPump.cc,"""Cooling Coil Latent Cooling Rate""",OutputProcessor::Unit::W,heatPump.QLatent,OutputProcessor::SOVTimeStepType::System,OutputProcessor::SOVStoreType::Average,heatPump.Name
WaterToAirHeatPump.cc,"""Cooling Coil Source Side Heat Transfer Rate""",OutputProcessor::Unit::W,heatPump.QSource,OutputProcessor::SOVTimeStepType::System,OutputProcessor::SOVStoreType::Average,heatPump.Name
WaterToAirHeatPump.cc,"""Cooling Coil Part Load Ratio""",OutputProcessor::Unit::None,heatPump.PartLoadRatio,OutputProcessor::SOVTimeStepType::System,OutputProcessor::SOVStoreType::Average,heatPump.Name
WaterToAirHeatPump.cc,"""Cooling Coil Runtime Fraction""",OutputProcessor::Unit::None,heatPump.RunFrac,OutputProcessor::SOVTimeStepType::System,OutputProcessor::SOVStoreType::Average,heatPump.Name
WaterToAirHeatPump.cc,"""Cooling Coil Air Mass Flow Rate""",OutputProcessor::Unit::kg_s,heatPump.OutletAirMassFlowRate,OutputProcessor::SOVTimeStepType::System,OutputProcessor::SOVStoreType::Average,heatPump.Name
WaterToAirHeatPump.cc,"""Cooling Coil Air Inlet Temperature""",OutputProcessor::Unit::C,heatPump.InletAirDBTemp,OutputProcessor::SOVTimeStepType::System,OutputProcessor::SOVStoreType::Average,heatPump.Name
WaterToAirHeatPump.cc,"""Cooling Coil Air Inlet Humidity Ratio""",OutputProcessor::Unit::kgWater_kgDryAir,heatPump.InletAirHumRat,OutputProcessor::SOVTimeStepType::System,OutputProcessor::SOVStoreType::Average,heatPump.Name
WaterToAirHeatPump.cc,"""Cooling Coil Air Outlet Temperature""",OutputProcessor::Unit::C,heatPump.OutletAirDBTemp,OutputProcessor::SOVTimeStepType::System,OutputProcessor::SOVStoreType::Average,heatPump.Name
WaterToAirHeatPump.cc,"""Cooling Coil Air Outlet Humidity Ratio""",OutputProcessor::Unit::kgWater_kgDryAir,heatPump.OutletAirHumRat,OutputProcessor::SOVTimeStepType::System,OutputProcessor::SOVStoreType::Average,heatPump.Name
WaterToAirHeatPump.cc,"""Cooling Coil Source Side Mass Flow Rate""",OutputProcessor::Unit::kg_s,heatPump.OutletWaterMassFlowRate,OutputProcessor::SOVTimeStepType::System,OutputProcessor::SOVStoreType::Average,heatPump.Name
WaterToAirHeatPump.cc,"""Cooling Coil Source Side Inlet Temperature""",OutputProcessor::Unit::C,heatPump.InletWaterTemp,OutputProcessor::SOVTimeStepType::System,OutputProcessor::SOVStoreType::Average,heatPump.Name
WaterToAirHeatPump.cc,"""Cooling Coil Source Side Outlet Temperature""",OutputProcessor::Unit::C,heatPump.OutletWaterTemp,OutputProcessor::SOVTimeStepType::System,OutputProcessor::SOVStoreType::Average,heatPump.Name
WaterToAirHeatPump.cc,"""Heating Coil Electricity Rate""",OutputProcessor::Unit::W,heatPump.Power,OutputProcessor::SOVTimeStepType::System,OutputProcessor::SOVStoreType::Average,heatPump.Name
WaterToAirHeatPump.cc,"""Heating Coil Heating Rate""",OutputProcessor::Unit::W,heatPump.QLoadTotal,OutputProcessor::SOVTimeStepType::System,OutputProcessor::SOVStoreType::Average,heatPump.Name
WaterToAirHeatPump.cc,"""Heating Coil Sensible Heating Rate""",OutputProcessor::Unit::W,heatPump.QSensible,OutputProcessor::SOVTimeStepType::System,OutputProcessor::SOVStoreType::Average,heatPump.Name
WaterToAirHeatPump.cc,"""Heating Coil Source Side Heat Transfer Rate""",OutputProcessor::Unit::W,heatPump.QSource,OutputProcessor::SOVTimeStepType::System,OutputProcessor::SOVStoreType::Average,heatPump.Name
WaterToAirHeatPump.cc,"""Heating Coil Part Load Ratio""",OutputProcessor::Unit::None,heatPump.PartLoadRatio,OutputProcessor::SOVTimeStepType::System,OutputProcessor::SOVStoreType::Average,heatPump.Name
WaterToAirHeatPump.cc,"""Heating Coil Runtime Fraction""",OutputProcessor::Unit::None,heatPump.RunFrac,OutputProcessor::SOVTimeStepType::System,OutputProcessor::SOVStoreType::Average,heatPump.Name
WaterToAirHeatPump.cc,"""Heating Coil Air Mass Flow Rate""",OutputProcessor::Unit::kg_s,heatPump.OutletAirMassFlowRate,OutputProcessor::SOVTimeStepType::System,OutputProcessor::SOVStoreType::Average,heatPump.Name
WaterToAirHeatPump.cc,"""Heating Coil Air Inlet Temperature""",OutputProcessor::Unit::C,heatPump.InletAirDBTemp,OutputProcessor::SOVTimeStepType::System,OutputProcessor::SOVStoreType::Average,heatPump.Name
WaterToAirHeatPump.cc,"""Heating Coil Air Inlet Humidity Ratio""",OutputProcessor::Unit::kgWater_kgDryAir,heatPump.InletAirHumRat,OutputProcessor::SOVTimeStepType::System,OutputProcessor::SOVStoreType::Average,heatPump.Name
WaterToAirHeatPump.cc,"""Heating Coil Air Outlet Temperature""",OutputProcessor::Unit::C,heatPump.OutletAirDBTemp,OutputProcessor::SOVTimeStepType::System,OutputProcessor::SOVStoreType::Average,heatPump.Name
WaterToAirHeatPump.cc,"""Heating Coil Air Outlet Humidity Ratio""",OutputProcessor::Unit::kgWater_kgDryAir,heatPump.OutletAirHumRat,OutputProcessor::SOVTimeStepType::System,OutputProcessor::SOVStoreType::Average,heatPump.Name
WaterToAirHeatPump.cc,"""Heating Coil Source Side Mass Flow Rate""",OutputProcessor::Unit::kg_s,heatPump.OutletWaterMassFlowRate,OutputProcessor::SOVTimeStepType::System,OutputProcessor::SOVStoreType::Average,heatPump.Name
WaterToAirHeatPump.cc,"""Heating Coil Source Side Inlet Temperature""",OutputProcessor::Unit::C,heatPump.InletWaterTemp,OutputProcessor::SOVTimeStepType::System,OutputProcessor::SOVStoreType::Average,heatPump.Name
WaterToAirHeatPump.cc,"""Heating Coil Source Side Outlet Temperature""",OutputProcessor::Unit::C,heatPump.OutletWaterTemp,OutputProcessor::SOVTimeStepType::System,OutputProcessor::SOVStoreType::Average,heatPump.Name
FluidCoolers.cc,"""Cooling Tower Inlet Temperature""",OutputProcessor::Unit::C,this->InletWaterTemp,OutputProcessor::SOVTimeStepType::System,OutputProcessor::SOVStoreType::Average,this->Name
FluidCoolers.cc,"""Cooling Tower Outlet Temperature""",OutputProcessor::Unit::C,this->OutletWaterTemp,OutputProcessor::SOVTimeStepType::System,OutputProcessor::SOVStoreType::Average,this->Name
FluidCoolers.cc,"""Cooling Tower Mass Flow Rate""",OutputProcessor::Unit::kg_s,this->WaterMassFlowRate,OutputProcessor::SOVTimeStepType::System,OutputProcessor::SOVStoreType::Average,this->Name
FluidCoolers.cc,"""Cooling Tower Heat Transfer Rate""",OutputProcessor::Unit::W,this->Qactual,OutputProcessor::SOVTimeStepType::System,OutputProcessor::SOVStoreType::Average,this->Name
FluidCoolers.cc,"""Cooling Tower Fan Electricity Rate""",OutputProcessor::Unit::W,this->FanPower,OutputProcessor::SOVTimeStepType::System,OutputProcessor::SOVStoreType::Average,this->Name
FluidCoolers.cc,"""Cooling Tower Fan Electricity Energy""",OutputProcessor::Unit::J,this->FanEnergy,OutputProcessor::SOVTimeStepType::System,OutputProcessor::SOVStoreType::Summed,this->Name
CTElectricGenerator.cc,"""Generator Produced AC Electricity Rate""",OutputProcessor::Unit::W,this->ElecPowerGenerated,OutputProcessor::SOVTimeStepType::System,OutputProcessor::SOVStoreType::Average,this->Name
CTElectricGenerator.cc,"""Generator Produced AC Electricity Energy""",OutputProcessor::Unit::J,this->ElecEnergyGenerated,OutputProcessor::SOVTimeStepType::System,OutputProcessor::SOVStoreType::Summed,this->Name
CTElectricGenerator.cc,"format(""Generator {} Rate"", sFuelType)",OutputProcessor::Unit::W,this->FuelEnergyUseRate,OutputProcessor::SOVTimeStepType::System,OutputProcessor::SOVStoreType::Average,this->Name
CTElectricGenerator.cc,"format(""Generator {} Energy"", sFuelType)",OutputProcessor::Unit::J,this->FuelEnergy,OutputProcessor::SOVTimeStepType::System,OutputProcessor::SOVStoreType::Summed,this->Name
CTElectricGenerator.cc,"""Generator Fuel HHV Basis Rate""",OutputProcessor::Unit::W,this->FuelEnergyUseRate,OutputProcessor::SOVTimeStepType::System,OutputProcessor::SOVStoreType::Average,this->Name
CTElectricGenerator.cc,"""Generator Fuel HHV Basis Energy""",OutputProcessor::Unit::J,this->FuelEnergy,OutputProcessor::SOVTimeStepType::System,OutputProcessor::SOVStoreType::Summed,this->Name
CTElectricGenerator.cc,"format(""Generator {} Mass Flow Rate"", sFuelType)",OutputProcessor::Unit::kg_s,this->FuelMdot,OutputProcessor::SOVTimeStepType::System,OutputProcessor::SOVStoreType::Average,this->Name
CTElectricGenerator.cc,"""Generator Exhaust Air Temperature""",OutputProcessor::Unit::C,this->ExhaustStackTemp,OutputProcessor::SOVTimeStepType::System,OutputProcessor::SOVStoreType::Average,this->Name
CTElectricGenerator.cc,"""Generator Exhaust Heat Recovery Rate""",OutputProcessor::Unit::W,this->QExhaustRecovered,OutputProcessor::SOVTimeStepType::System,OutputProcessor::SOVStoreType::Average,this->Name
CTElectricGenerator.cc,"""Generator Exhaust Heat Recovery Energy""",OutputProcessor::Unit::J,this->ExhaustEnergyRec,OutputProcessor::SOVTimeStepType::System,OutputProcessor::SOVStoreType::Summed,this->Name
CTElectricGenerator.cc,"""Generator Lube Heat Recovery Rate""",OutputProcessor::Unit::W,this->QLubeOilRecovered,OutputProcessor::SOVTimeStepType::System,OutputProcessor::SOVStoreType::Average,this->Name
CTElectricGenerator.cc,"""Generator Lube Heat Recovery Energy""",OutputProcessor::Unit::J,this->LubeOilEnergyRec,OutputProcessor::SOVTimeStepType::System,OutputProcessor::SOVStoreType::Summed,this->Name
CTElectricGenerator.cc,"""Generator Produced Thermal Rate""",OutputProcessor::Unit::W,this->QTotalHeatRecovered,OutputProcessor::SOVTimeStepType::System,OutputProcessor::SOVStoreType::Average,this->Name
CTElectricGenerator.cc,"""Generator Produced Thermal Energy""",OutputProcessor::Unit::J,this->TotalHeatEnergyRec,OutputProcessor::SOVTimeStepType::System,OutputProcessor::SOVStoreType::Summed,this->Name
CTElectricGenerator.cc,"""Generator Heat Recovery Inlet Temperature""",OutputProcessor::Unit::C,this->HeatRecInletTemp,OutputProcessor::SOVTimeStepType::System,OutputProcessor::SOVStoreType::Average,this->Name
CTElectricGenerator.cc,"""Generator Heat Recovery Outlet Temperature""",OutputProcessor::Unit::C,this->HeatRecOutletTemp,OutputProcessor::SOVTimeStepType::System,OutputProcessor::SOVStoreType::Average,this->Name
CTElectricGenerator.cc,"""Generator Heat Recovery Mass Flow Rate""",OutputProcessor::Unit::kg_s,this->HeatRecMdot,OutputProcessor::SOVTimeStepType::System,OutputProcessor::SOVStoreType::Average,this->Name
HeatingCoils.cc,"""Heating Coil Heating Energy""",OutputProcessor::Unit::J,heatingCoil.HeatingCoilLoad,OutputProcessor::SOVTimeStepType::System,OutputProcessor::SOVStoreType::Summed,heatingCoil.Name
HeatingCoils.cc,"""Heating Coil Heating Rate""",OutputProcessor::Unit::W,heatingCoil.HeatingCoilRate,OutputProcessor::SOVTimeStepType::System,OutputProcessor::SOVStoreType::Average,heatingCoil.Name
HeatingCoils.cc,"""Heating Coil Electricity Energy""",OutputProcessor::Unit::J,heatingCoil.ElecUseLoad,OutputProcessor::SOVTimeStepType::System,OutputProcessor::SOVStoreType::Summed,heatingCoil.Name
HeatingCoils.cc,"""Heating Coil Electricity Rate""",OutputProcessor::Unit::W,heatingCoil.ElecUseRate,OutputProcessor::SOVTimeStepType::System,OutputProcessor::SOVStoreType::Average,heatingCoil.Name
HeatingCoils.cc,"""Heating Coil Heating Energy""",OutputProcessor::Unit::J,heatingCoil.HeatingCoilLoad,OutputProcessor::SOVTimeStepType::System,OutputProcessor::SOVStoreType::Summed,heatingCoil.Name
HeatingCoils.cc,"""Heating Coil Heating Rate""",OutputProcessor::Unit::W,heatingCoil.HeatingCoilRate,OutputProcessor::SOVTimeStepType::System,OutputProcessor::SOVStoreType::Average,heatingCoil.Name
HeatingCoils.cc,"""Heating Coil Electricity Energy""",OutputProcessor::Unit::J,heatingCoil.ElecUseLoad,OutputProcessor::SOVTimeStepType::System,OutputProcessor::SOVStoreType::Summed,heatingCoil.Name
HeatingCoils.cc,"""Heating Coil Electricity Rate""",OutputProcessor::Unit::W,heatingCoil.ElecUseRate,OutputProcessor::SOVTimeStepType::System,OutputProcessor::SOVStoreType::Average,heatingCoil.Name
HeatingCoils.cc,"""Heating Coil Heating Energy""",OutputProcessor::Unit::J,heatingCoil.HeatingCoilLoad,OutputProcessor::SOVTimeStepType::System,OutputProcessor::SOVStoreType::Summed,heatingCoil.Name
HeatingCoils.cc,"""Heating Coil Heating Rate""",OutputProcessor::Unit::W,heatingCoil.HeatingCoilRate,OutputProcessor::SOVTimeStepType::System,OutputProcessor::SOVStoreType::Average,heatingCoil.Name
HeatingCoils.cc,"format(""Heating Coil {} Energy"", sFuelType)",OutputProcessor::Unit::J,heatingCoil.FuelUseLoad,OutputProcessor::SOVTimeStepType::System,OutputProcessor::SOVStoreType::Summed,heatingCoil.Name
HeatingCoils.cc,"format(""Heating Coil {} Rate"", sFuelType)",OutputProcessor::Unit::W,heatingCoil.FuelUseRate,OutputProcessor::SOVTimeStepType::System,OutputProcessor::SOVStoreType::Average,heatingCoil.Name
HeatingCoils.cc,"""Heating Coil Electricity Energy""",OutputProcessor::Unit::J,heatingCoil.ElecUseLoad,OutputProcessor::SOVTimeStepType::System,OutputProcessor::SOVStoreType::Summed,heatingCoil.Name
HeatingCoils.cc,"""Heating Coil Electricity Rate""",OutputProcessor::Unit::W,heatingCoil.ElecUseRate,OutputProcessor::SOVTimeStepType::System,OutputProcessor::SOVStoreType::Average,heatingCoil.Name
HeatingCoils.cc,"""Heating Coil Runtime Fraction""",OutputProcessor::Unit::None,heatingCoil.RTF,OutputProcessor::SOVTimeStepType::System,OutputProcessor::SOVStoreType::Average,heatingCoil.Name
HeatingCoils.cc,"""Heating Coil Ancillary "" + sFuelType + "" Rate""",OutputProcessor::Unit::W,heatingCoil.ParasiticFuelRate,OutputProcessor::SOVTimeStepType::System,OutputProcessor::SOVStoreType::Average,heatingCoil.Name
HeatingCoils.cc,"""Heating Coil Ancillary "" + sFuelType + "" Energy""",OutputProcessor::Unit::J,heatingCoil.ParasiticFuelConsumption,OutputProcessor::SOVTimeStepType::System,OutputProcessor::SOVStoreType::Summed,heatingCoil.Name
HeatingCoils.cc,"""Heating Coil Heating Energy""",OutputProcessor::Unit::J,heatingCoil.HeatingCoilLoad,OutputProcessor::SOVTimeStepType::System,OutputProcessor::SOVStoreType::Summed,heatingCoil.Name
HeatingCoils.cc,"""Heating Coil Heating Rate""",OutputProcessor::Unit::W,heatingCoil.HeatingCoilRate,OutputProcessor::SOVTimeStepType::System,OutputProcessor::SOVStoreType::Average,heatingCoil.Name
HeatingCoils.cc,"""Heating Coil NaturalGas Energy""",OutputProcessor::Unit::J,heatingCoil.FuelUseLoad,OutputProcessor::SOVTimeStepType::System,OutputProcessor::SOVStoreType::Summed,heatingCoil.Name
HeatingCoils.cc,"""Heating Coil NaturalGas Rate""",OutputProcessor::Unit::W,heatingCoil.FuelUseRate,OutputProcessor::SOVTimeStepType::System,OutputProcessor::SOVStoreType::Average,heatingCoil.Name
HeatingCoils.cc,"""Heating Coil Electricity Energy""",OutputProcessor::Unit::J,heatingCoil.ElecUseLoad,OutputProcessor::SOVTimeStepType::System,OutputProcessor::SOVStoreType::Summed,heatingCoil.Name
HeatingCoils.cc,"""Heating Coil Electricity Rate""",OutputProcessor::Unit::W,heatingCoil.ElecUseRate,OutputProcessor::SOVTimeStepType::System,OutputProcessor::SOVStoreType::Average,heatingCoil.Name
HeatingCoils.cc,"""Heating Coil Runtime Fraction""",OutputProcessor::Unit::None,heatingCoil.RTF,OutputProcessor::SOVTimeStepType::System,OutputProcessor::SOVStoreType::Average,heatingCoil.Name
HeatingCoils.cc,"""Heating Coil Ancillary NaturalGas Rate""",OutputProcessor::Unit::W,heatingCoil.ParasiticFuelRate,OutputProcessor::SOVTimeStepType::System,OutputProcessor::SOVStoreType::Average,heatingCoil.Name
HeatingCoils.cc,"""Heating Coil Ancillary NaturalGas Energy""",OutputProcessor::Unit::J,heatingCoil.ParasiticFuelConsumption,OutputProcessor::SOVTimeStepType::System,OutputProcessor::SOVStoreType::Summed,heatingCoil.Name
HeatingCoils.cc,"""Heating Coil Heating Energy""",OutputProcessor::Unit::J,heatingCoil.HeatingCoilLoad,OutputProcessor::SOVTimeStepType::HVAC,OutputProcessor::SOVStoreType::Summed,heatingCoil.Name
HeatingCoils.cc,"""Heating Coil Heating Rate""",OutputProcessor::Unit::W,heatingCoil.HeatingCoilRate,OutputProcessor::SOVTimeStepType::HVAC,OutputProcessor::SOVStoreType::Average,heatingCoil.Name
HeatingCoils.cc,"""Heating Coil Electricity Energy""",OutputProcessor::Unit::J,heatingCoil.ElecUseLoad,OutputProcessor::SOVTimeStepType::HVAC,OutputProcessor::SOVStoreType::Summed,heatingCoil.Name
HeatingCoils.cc,"""Heating Coil Electricity Rate""",OutputProcessor::Unit::W,heatingCoil.ElecUseRate,OutputProcessor::SOVTimeStepType::HVAC,OutputProcessor::SOVStoreType::Average,heatingCoil.Name
HeatingCoils.cc,"""Heating Coil Runtime Fraction""",OutputProcessor::Unit::None,heatingCoil.RTF,OutputProcessor::SOVTimeStepType::HVAC,OutputProcessor::SOVStoreType::Average,heatingCoil.Name
PlantManager.cc,"""Plant System Cycle On Off Status""",OutputProcessor::Unit::None,state.dataPlnt->PlantAvailMgr(LoopNum).AvailStatus,OutputProcessor::SOVTimeStepType::Plant,OutputProcessor::SOVStoreType::Average,state.dataPlnt->PlantLoop(LoopNum).Name
PlantManager.cc,"""Plant Supply Side Cooling Demand Rate""",OutputProcessor::Unit::W,loop.CoolingDemand,OutputProcessor::SOVTimeStepType::System,OutputProcessor::SOVStoreType::Average,state.dataPlnt->PlantLoop(LoopNum).Name
PlantManager.cc,"""Plant Supply Side Heating Demand Rate""",OutputProcessor::Unit::W,loop.HeatingDemand,OutputProcessor::SOVTimeStepType::System,OutputProcessor::SOVStoreType::Average,state.dataPlnt->PlantLoop(LoopNum).Name
PlantManager.cc,"""Plant Supply Side Inlet Mass Flow Rate""",OutputProcessor::Unit::kg_s,loop.InletNodeFlowrate,OutputProcessor::SOVTimeStepType::System,OutputProcessor::SOVStoreType::Average,state.dataPlnt->PlantLoop(LoopNum).Name
PlantManager.cc,"""Plant Supply Side Inlet Temperature""",OutputProcessor::Unit::C,loop.InletNodeTemperature,OutputProcessor::SOVTimeStepType::System,OutputProcessor::SOVStoreType::Average,state.dataPlnt->PlantLoop(LoopNum).Name
PlantManager.cc,"""Plant Supply Side Outlet Temperature""",OutputProcessor::Unit::C,loop.OutletNodeTemperature,OutputProcessor::SOVTimeStepType::System,OutputProcessor::SOVStoreType::Average,state.dataPlnt->PlantLoop(LoopNum).Name
PlantManager.cc,"""Plant Supply Side Not Distributed Demand Rate""",OutputProcessor::Unit::W,loop.DemandNotDispatched,OutputProcessor::SOVTimeStepType::System,OutputProcessor::SOVStoreType::Average,state.dataPlnt->PlantLoop(LoopNum).Name
PlantManager.cc,"""Plant Supply Side Unmet Demand Rate""",OutputProcessor::Unit::W,loop.UnmetDemand,OutputProcessor::SOVTimeStepType::System,OutputProcessor::SOVStoreType::Average,state.dataPlnt->PlantLoop(LoopNum).Name
PlantManager.cc,"""Debug Plant Loop Bypass Fraction""",OutputProcessor::Unit::None,loop.BypassFrac,OutputProcessor::SOVTimeStepType::System,OutputProcessor::SOVStoreType::Average,state.dataPlnt->PlantLoop(LoopNum).Name
PlantManager.cc,"""Debug Plant Last Simulated Loop Side""",OutputProcessor::Unit::None,loop.LastLoopSideSimulated,OutputProcessor::SOVTimeStepType::System,OutputProcessor::SOVStoreType::Average,state.dataPlnt->PlantLoop(LoopNum).Name
PlantManager.cc,"""Plant Demand Side Lumped Capacitance Temperature""",OutputProcessor::Unit::C,state.dataPlnt->PlantLoop(LoopNum).LoopSide(LoopSideLocation::Demand).LoopSideInlet_TankTemp,OutputProcessor::SOVTimeStepType::System,OutputProcessor::SOVStoreType::Average,state.dataPlnt->PlantLoop(LoopNum).Name
PlantManager.cc,"""Plant Supply Side Lumped Capacitance Temperature""",OutputProcessor::Unit::C,state.dataPlnt->PlantLoop(LoopNum).LoopSide(LoopSideLocation::Supply).LoopSideInlet_TankTemp,OutputProcessor::SOVTimeStepType::System,OutputProcessor::SOVStoreType::Average,state.dataPlnt->PlantLoop(LoopNum).Name
PlantManager.cc,"""Plant Demand Side Lumped Capacitance Heat Transport Rate""",OutputProcessor::Unit::W,state.dataPlnt->PlantLoop(LoopNum).LoopSide(LoopSideLocation::Demand).LoopSideInlet_MdotCpDeltaT,OutputProcessor::SOVTimeStepType::System,OutputProcessor::SOVStoreType::Average,state.dataPlnt->PlantLoop(LoopNum).Name
PlantManager.cc,"""Plant Supply Side Lumped Capacitance Heat Transport Rate""",OutputProcessor::Unit::W,state.dataPlnt->PlantLoop(LoopNum).LoopSide(LoopSideLocation::Supply).LoopSideInlet_MdotCpDeltaT,OutputProcessor::SOVTimeStepType::System,OutputProcessor::SOVStoreType::Average,state.dataPlnt->PlantLoop(LoopNum).Name
PlantManager.cc,"""Plant Demand Side Lumped Capacitance Heat Storage Rate""",OutputProcessor::Unit::W,state.dataPlnt->PlantLoop(LoopNum).LoopSide(LoopSideLocation::Demand).LoopSideInlet_McpDTdt,OutputProcessor::SOVTimeStepType::System,OutputProcessor::SOVStoreType::Average,state.dataPlnt->PlantLoop(LoopNum).Name
PlantManager.cc,"""Plant Supply Side Lumped Capacitance Heat Storage Rate""",OutputProcessor::Unit::W,state.dataPlnt->PlantLoop(LoopNum).LoopSide(LoopSideLocation::Supply).LoopSideInlet_McpDTdt,OutputProcessor::SOVTimeStepType::System,OutputProcessor::SOVStoreType::Average,state.dataPlnt->PlantLoop(LoopNum).Name
PlantManager.cc,"""Plant Demand Side Lumped Capacitance Excessive Storage Time""",OutputProcessor::Unit::hr,state.dataPlnt->PlantLoop(LoopNum).LoopSide(LoopSideLocation::Demand).LoopSideInlet_CapExcessStorageTimeReport,OutputProcessor::SOVTimeStepType::System,OutputProcessor::SOVStoreType::Summed,state.dataPlnt->PlantLoop(LoopNum).Name
PlantManager.cc,"""Plant Supply Side Lumped Capacitance Excessive Storage Time""",OutputProcessor::Unit::hr,state.dataPlnt->PlantLoop(LoopNum).LoopSide(LoopSideLocation::Supply).LoopSideInlet_CapExcessStorageTimeReport,OutputProcessor::SOVTimeStepType::System,OutputProcessor::SOVStoreType::Summed,state.dataPlnt->PlantLoop(LoopNum).Name
PlantManager.cc,"""Plant Component Distributed Demand Rate""",OutputProcessor::Unit::W,state.dataPlnt->PlantLoop(LoopNum).LoopSide(LoopSideNum).Branch(BranchNum).Comp(CompNum).MyLoad,OutputProcessor::SOVTimeStepType::System,OutputProcessor::SOVStoreType::Average,state.dataPlnt->PlantLoop(LoopNum).LoopSide(LoopSideNum).Branch(BranchNum).Comp(CompNum).Name
EquipAndOperations.cc,"""Supervisory Plant Heat Pump Operation Mode""",OutputProcessor::Unit::unknown,this->Report.AirSourcePlant_OpMode,OutputProcessor::SOVTimeStepType::System,OutputProcessor::SOVStoreType::Average,this->Name
EquipAndOperations.cc,"""Supervisory Plant Auxiliary Boiler Mode""",OutputProcessor::Unit::unknown,this->Report.BoilerAux_OpMode,OutputProcessor::SOVTimeStepType::System,OutputProcessor::SOVStoreType::Average,this->Name
EquipAndOperations.cc,"""Supervisory Plant Operation Polled Building Heating Load""",OutputProcessor::Unit::W,this->Report.BuildingPolledHeatingLoad,OutputProcessor::SOVTimeStepType::System,OutputProcessor::SOVStoreType::Average,this->Name
EquipAndOperations.cc,"""Supervisory Plant Operation Polled Building Cooling Load""",OutputProcessor::Unit::W,this->Report.BuildingPolledCoolingLoad,OutputProcessor::SOVTimeStepType::System,OutputProcessor::SOVStoreType::Average,this->Name
EquipAndOperations.cc,"""Supervisory Plant Operation Primary Plant Heating Load""",OutputProcessor::Unit::W,this->Report.PrimaryPlantHeatingLoad,OutputProcessor::SOVTimeStepType::System,OutputProcessor::SOVStoreType::Average,this->Name
EquipAndOperations.cc,"""Supervisory Plant Operation Primary Plant Cooling Load""",OutputProcessor::Unit::W,this->Report.PrimaryPlantCoolingLoad,OutputProcessor::SOVTimeStepType::System,OutputProcessor::SOVStoreType::Average,this->Name
EquipAndOperations.cc,"""Supervisory Plant Heat Recovery Operation Mode""",OutputProcessor::Unit::unknown,this->Report.DedicHR_OpMode,OutputProcessor::SOVTimeStepType::System,OutputProcessor::SOVStoreType::Average,this->Name
EquipAndOperations.cc,"""Supervisory Plant Operation Secondary Plant Heating Load""",OutputProcessor::Unit::W,this->Report.SecondaryPlantHeatingLoad,OutputProcessor::SOVTimeStepType::System,OutputProcessor::SOVStoreType::Average,this->Name
EquipAndOperations.cc,"""Supervisory Plant Operation Secondary Plant Cooling Load""",OutputProcessor::Unit::W,this->Report.SecondaryPlantCoolingLoad,OutputProcessor::SOVTimeStepType::System,OutputProcessor::SOVStoreType::Average,this->Name
CoilCoolingDX.cc,"""Cooling Coil Total Cooling Rate""",OutputProcessor::Unit::W,this->totalCoolingEnergyRate,OutputProcessor::SOVTimeStepType::System,OutputProcessor::SOVStoreType::Average,this->name
CoilCoolingDX.cc,"""Cooling Coil Total Cooling Energy""",OutputProcessor::Unit::J,this->totalCoolingEnergy,OutputProcessor::SOVTimeStepType::System,OutputProcessor::SOVStoreType::Summed,this->name
CoilCoolingDX.cc,"""Cooling Coil Sensible Cooling Rate""",OutputProcessor::Unit::W,this->sensCoolingEnergyRate,OutputProcessor::SOVTimeStepType::System,OutputProcessor::SOVStoreType::Average,this->name
CoilCoolingDX.cc,"""Cooling Coil Sensible Cooling Energy""",OutputProcessor::Unit::J,this->sensCoolingEnergy,OutputProcessor::SOVTimeStepType::System,OutputProcessor::SOVStoreType::Summed,this->name
CoilCoolingDX.cc,"""Cooling Coil Latent Cooling Rate""",OutputProcessor::Unit::W,this->latCoolingEnergyRate,OutputProcessor::SOVTimeStepType::System,OutputProcessor::SOVStoreType::Average,this->name
CoilCoolingDX.cc,"""Cooling Coil Latent Cooling Energy""",OutputProcessor::Unit::J,this->latCoolingEnergy,OutputProcessor::SOVTimeStepType::System,OutputProcessor::SOVStoreType::Summed,this->name
CoilCoolingDX.cc,"""Cooling Coil Electricity Rate""",OutputProcessor::Unit::W,this->performance.powerUse,OutputProcessor::SOVTimeStepType::System,OutputProcessor::SOVStoreType::Average,this->name
CoilCoolingDX.cc,"""Cooling Coil Electricity Energy""",OutputProcessor::Unit::J,this->performance.electricityConsumption,OutputProcessor::SOVTimeStepType::System,OutputProcessor::SOVStoreType::Summed,this->name
CoilCoolingDX.cc,"format(""Cooling Coil {} Rate"", sFuelType)",OutputProcessor::Unit::W,this->performance.compressorFuelRate,OutputProcessor::SOVTimeStepType::System,OutputProcessor::SOVStoreType::Average,this->name
CoilCoolingDX.cc,"format(""Cooling Coil {} Energy"", sFuelType)",OutputProcessor::Unit::J,this->performance.compressorFuelConsumption,OutputProcessor::SOVTimeStepType::System,OutputProcessor::SOVStoreType::Summed,this->name
CoilCoolingDX.cc,"""Cooling Coil Runtime Fraction""",OutputProcessor::Unit::None,this->coolingCoilRuntimeFraction,OutputProcessor::SOVTimeStepType::System,OutputProcessor::SOVStoreType::Average,this->name
CoilCoolingDX.cc,"""Cooling Coil Crankcase Heater Electricity Rate""",OutputProcessor::Unit::W,this->performance.crankcaseHeaterPower,OutputProcessor::SOVTimeStepType::System,OutputProcessor::SOVStoreType::Average,this->name
CoilCoolingDX.cc,"""Cooling Coil Crankcase Heater Electricity Energy""",OutputProcessor::Unit::J,this->performance.crankcaseHeaterElectricityConsumption,OutputProcessor::SOVTimeStepType::System,OutputProcessor::SOVStoreType::Summed,this->name
CoilCoolingDX.cc,"""Cooling Coil Air Mass Flow Rate""",OutputProcessor::Unit::kg_s,this->airMassFlowRate,OutputProcessor::SOVTimeStepType::System,OutputProcessor::SOVStoreType::Average,this->name
CoilCoolingDX.cc,"""Cooling Coil Air Inlet Temperature""",OutputProcessor::Unit::C,this->inletAirDryBulbTemp,OutputProcessor::SOVTimeStepType::System,OutputProcessor::SOVStoreType::Average,this->name
CoilCoolingDX.cc,"""Cooling Coil Air Inlet Humidity Ratio""",OutputProcessor::Unit::kgWater_kgDryAir,this->inletAirHumRat,OutputProcessor::SOVTimeStepType::System,OutputProcessor::SOVStoreType::Average,this->name
CoilCoolingDX.cc,"""Cooling Coil Air Outlet Temperature""",OutputProcessor::Unit::C,this->outletAirDryBulbTemp,OutputProcessor::SOVTimeStepType::System,OutputProcessor::SOVStoreType::Average,this->name
CoilCoolingDX.cc,"""Cooling Coil Air Outlet Humidity Ratio""",OutputProcessor::Unit::kgWater_kgDryAir,this->outletAirHumRat,OutputProcessor::SOVTimeStepType::System,OutputProcessor::SOVStoreType::Average,this->name
CoilCoolingDX.cc,"""Cooling Coil Part Load Ratio""",OutputProcessor::Unit::None,this->partLoadRatioReport,OutputProcessor::SOVTimeStepType::System,OutputProcessor::SOVStoreType::Average,this->name
CoilCoolingDX.cc,"""Cooling Coil Upper Speed Level""",OutputProcessor::Unit::None,this->speedNumReport,OutputProcessor::SOVTimeStepType::System,OutputProcessor::SOVStoreType::Average,this->name
CoilCoolingDX.cc,"""Cooling Coil Neighboring Speed Levels Ratio""",OutputProcessor::Unit::None,this->speedRatioReport,OutputProcessor::SOVTimeStepType::System,OutputProcessor::SOVStoreType::Average,this->name
CoilCoolingDX.cc,"""Cooling Coil Condenser Inlet Temperature""",OutputProcessor::Unit::C,this->condenserInletTemperature,OutputProcessor::SOVTimeStepType::System,OutputProcessor::SOVStoreType::Average,this->name
CoilCoolingDX.cc,"""Cooling Coil Dehumidification Mode""",OutputProcessor::Unit::None,this->dehumidificationMode,OutputProcessor::SOVTimeStepType::System,OutputProcessor::SOVStoreType::Average,this->name
CoilCoolingDX.cc,"""Cooling Coil Waste Heat Power""",OutputProcessor::Unit::W,this->wasteHeatEnergyRate,OutputProcessor::SOVTimeStepType::System,OutputProcessor::SOVStoreType::Average,this->name
CoilCoolingDX.cc,"""Cooling Coil Waste Heat Energy""",OutputProcessor::Unit::J,this->wasteHeatEnergy,OutputProcessor::SOVTimeStepType::System,OutputProcessor::SOVStoreType::Summed,this->name
CoilCoolingDX.cc,"""Cooling Coil Basin Heater Electricity Rate""",OutputProcessor::Unit::W,this->performance.basinHeaterPower,OutputProcessor::SOVTimeStepType::System,OutputProcessor::SOVStoreType::Average,this->name
CoilCoolingDX.cc,"""Cooling Coil Basin Heater Electricity Energy""",OutputProcessor::Unit::J,this->performance.basinHeaterElectricityConsumption,OutputProcessor::SOVTimeStepType::System,OutputProcessor::SOVStoreType::Summed,this->name
CoilCoolingDX.cc,"""Cooling Coil Condensate Volume Flow Rate""",OutputProcessor::Unit::m3_s,this->condensateVolumeFlow,OutputProcessor::SOVTimeStepType::System,OutputProcessor::SOVStoreType::Average,this->name
CoilCoolingDX.cc,"""Cooling Coil Condensate Volume""",OutputProcessor::Unit::m3,this->condensateVolumeConsumption,OutputProcessor::SOVTimeStepType::System,OutputProcessor::SOVStoreType::Summed,this->name
CoilCoolingDX.cc,"""Cooling Coil Evaporative Condenser Pump Electricity Rate""",OutputProcessor::Unit::W,this->evapCondPumpElecPower,OutputProcessor::SOVTimeStepType::System,OutputProcessor::SOVStoreType::Average,this->name
CoilCoolingDX.cc,"""Cooling Coil Evaporative Condenser Pump Electricity Energy""",OutputProcessor::Unit::J,this->evapCondPumpElecConsumption,OutputProcessor::SOVTimeStepType::System,OutputProcessor::SOVStoreType::Summed,this->name
CoilCoolingDX.cc,"""Cooling Coil Evaporative Condenser Water Volume Flow Rate""",OutputProcessor::Unit::m3_s,this->evaporativeCondSupplyTankVolumeFlow,OutputProcessor::SOVTimeStepType::System,OutputProcessor::SOVStoreType::Average,this->name
CoilCoolingDX.cc,"""Cooling Coil Evaporative Condenser Water Volume""",OutputProcessor::Unit::m3,this->evaporativeCondSupplyTankConsump,OutputProcessor::SOVTimeStepType::System,OutputProcessor::SOVStoreType::Summed,this->name
CoilCoolingDX.cc,"""Cooling Coil Evaporative Condenser Mains Supply Water Volume""",OutputProcessor::Unit::m3,this->evaporativeCondSupplyTankConsump,OutputProcessor::SOVTimeStepType::System,OutputProcessor::SOVStoreType::Summed,this->name
CoilCoolingDX.cc,"""SubcoolReheat Cooling Coil Operation Mode""",OutputProcessor::Unit::None,this->performance.OperatingMode,OutputProcessor::SOVTimeStepType::System,OutputProcessor::SOVStoreType::Average,this->name
CoilCoolingDX.cc,"""SubcoolReheat Cooling Coil Operation Mode Ratio""",OutputProcessor::Unit::None,this->performance.ModeRatio,OutputProcessor::SOVTimeStepType::System,OutputProcessor::SOVStoreType::Average,this->name
CoilCoolingDX.cc,"""SubcoolReheat Cooling Coil Recovered Heat Energy Rate""",OutputProcessor::Unit::W,this->recoveredHeatEnergyRate,OutputProcessor::SOVTimeStepType::System,OutputProcessor::SOVStoreType::Average,this->name
CoilCoolingDX.cc,"""SubcoolReheat Cooling Coil Recovered Heat Energy""",OutputProcessor::Unit::J,this->recoveredHeatEnergy,OutputProcessor::SOVTimeStepType::System,OutputProcessor::SOVStoreType::Summed,this->name
CoilCoolingDX.cc,"""Secondary Coil Heat Rejection Rate""",OutputProcessor::Unit::W,this->secCoilSensHeatRejEnergyRate,OutputProcessor::SOVTimeStepType::System,OutputProcessor::SOVStoreType::Average,this->name
CoilCoolingDX.cc,"""Secondary Coil Heat Rejection Energy""",OutputProcessor::Unit::J,this->secCoilSensHeatRejEnergy,OutputProcessor::SOVTimeStepType::System,OutputProcessor::SOVStoreType::Summed,this->name
